"","i","j","diff_sd"
"659","Cam90Jou","Gab11Jou",0
"660","Cam90Jou","Gab99Qua",0
"671","Cam90Jou","Knu01Ame",0
"673","Cam90Jou","Kru96Jou",0
"684","Cam90Jou","Nau03Jou",0
"686","Cam90Jou","Oka79Reg",0
"699","Cam90Jou","Sua80Jou",0
"1135","Gab11Jou","Gab99Qua",0
"1146","Gab11Jou","Knu01Ame",0
"1148","Gab11Jou","Kru96Jou",0
"1159","Gab11Jou","Nau03Jou",0
"1161","Gab11Jou","Oka79Reg",0
"1174","Gab11Jou","Sua80Jou",0
"1188","Gab99Qua","Knu01Ame",0
"1190","Gab99Qua","Kru96Jou",0
"1201","Gab99Qua","Nau03Jou",0
"1203","Gab99Qua","Oka79Reg",0
"1216","Gab99Qua","Sua80Jou",0
"1586","Knu01Ame","Kru96Jou",0
"1597","Knu01Ame","Nau03Jou",0
"1599","Knu01Ame","Oka79Reg",0
"1612","Knu01Ame","Sua80Jou",0
"1656","Kru96Jou","Nau03Jou",0
"1658","Kru96Jou","Oka79Reg",0
"1671","Kru96Jou","Sua80Jou",0
"1911","Nau03Jou","Oka79Reg",0
"1924","Nau03Jou","Sua80Jou",0
"1957","Oka79Reg","Sua80Jou",0
"1495","Ign15Dis","Mal80Env",9.89910420980219e-05
"25","Alp89Jou","Gie10Jou",0.000721494155137732
"60","Alp89Jou","Soo07Urb",0.00103326339495482
"438","Bos08Reg","Ett87Env",0.00122061463353817
"238","Ara14Eco","Pop74Sov",0.00145394540501041
"1335","Gie10Jou","Soo07Urb",0.00175475755009255
"1746","Li_16Wor","Roz11Ame",0.00213145495350148
"1293","Gan13Eco","She12Com",0.00219988059762056
"1715","LeG08Emp","Par85Jou",0.00296133179766372
"814","Del04Con","Gan06Eco",0.003597107370179
"255","Bat01Urb","Bre00Cyb",0.00388774638457589
"1727","LeG08Emp","Ven13Oec",0.00450837588252456
"1486","Ign15Dis","Iye13Eur",0.00462816218801593
"435","Bos08Reg","Del13Eur",0.00463042068300757
"1528","Iye13Eur","Mal80Env",0.00472715323011395
"1230","Gan06Eco","Kra98Urb",0.00577376563150975
"858","Del13Eur","Ett87Env",0.00585103531654574
"150","And05Reg","Gie10Jou",0.00592911650296024
"833","Del04Con","Mir86Urb",0.00612053830632968
"1436","Gul12Age","Par85Jou",0.00621672911586956
"714","Cie16Mis","Gan13Eco",0.00648177802547882
"2","Alp89Jou","And05Reg",0.00665061065809797
"587","Bre00Cyb","Sch12Reg",0.00709375006956135
"1987","Par85Jou","Ven13Oec",0.00746970768018829
"2034","Ros80Jou","XuZ09Urb",0.00766715058986195
"185","And05Reg","Soo07Urb",0.00768387405305279
"1381","Gue95Urb","Iye13Eur",0.00768444649669028
"230","Ara14Eco","Mor13Tex",0.00778746721761391
"75","Ama14Int","Cie16Mis",0.0082196215033947
"1877","Mor13Tex","Pen10Phy",0.00838880358442827
"747","Cie16Mis","She12Com",0.00868165862309938
"1423","Gul12Age","LeG08Emp",0.00917806091353329
"403","Bla03Jou","Mal80Env",0.00919407707890897
"1878","Mor13Tex","Pop74Sov",0.00924141262262432
"393","Bla03Jou","Ign15Dis",0.009293068121007
"825","Del04Con","Kra98Urb",0.00937087300168875
"1238","Gan06Eco","Mir86Urb",0.00971764567650868
"1053","Ezz15Rev","Gue95Urb",0.0100640649653289
"1841","Mir86Urb","Sch12Reg",0.010211958848421
"302","Bat01Urb","Sch12Reg",0.0109814964541372
"2078","Ven13Oec","XuZ09Urb",0.0119373549958156
"1380","Gue95Urb","Ign15Dis",0.0123126086847062
"1390","Gue95Urb","Mal80Env",0.0124115997268042
"1448","Gul12Age","Ven13Oec",0.0136864367960578
"394","Bla03Jou","Iye13Eur",0.0139212303090229
"87","Ama14Int","Gan13Eco",0.0147013995288735
"350","Ber12Cit","Mor13Tow",0.0147226416621172
"601","Bre15Int","Dim09Urb",0.0150153638014767
"417","Bla03Jou","Ros80Jou",0.0154199612226855
"1623","Kra98Urb","Mir86Urb",0.0154914113080184
"237","Ara14Eco","Pen10Phy",0.0161762708020422
"1086","Ezz15Rev","Soo07Urb",0.0162189464645318
"847","Del04Con","Sch12Reg",0.0163324971547507
"898","Del13Eur","Son02Urb",0.0163980021534377
"1728","LeG08Emp","XuZ09Urb",0.0164457308783401
"120","Ama14Int","She12Com",0.0169012801264941
"19","Alp89Jou","Ezz15Rev",0.0172522098594866
"573","Bre00Cyb","Mir86Urb",0.0173057089179823
"1990","Pen10Phy","Pop74Sov",0.0176302162070526
"1057","Ezz15Rev","Iye13Eur",0.0177485114620192
"1051","Ezz15Rev","Gie10Jou",0.0179737040146243
"1810","Man16Reg","Nis08Jou",0.0184425104533099
"1439","Gul12Age","Pum15Cyb",0.0191019689603454
"1988","Par85Jou","XuZ09Urb",0.0194070626760038
"2033","Ros80Jou","Ven13Oec",0.0196045055856775
"1252","Gan06Eco","Sch12Reg",0.0199296045249297
"321","Ber12Cit","Dim09Urb",0.0203060746970063
"159","And05Reg","Kra98Urb",0.0208851169886866
"478","Bos08Reg","Son02Urb",0.0210284228364452
"288","Bat01Urb","Mir86Urb",0.0211934553025582
"390","Bla03Jou","Gue95Urb",0.0216056768057132
"1039","Ett87Env","Son02Urb",0.0222490374699834
"1056","Ezz15Rev","Ign15Dis",0.0223766736500351
"1066","Ezz15Rev","Mal80Env",0.0224756646921331
"683","Cam90Jou","Mor13Tow",0.0226063219063205
"1158","Gab11Jou","Mor13Tow",0.0226063219063205
"1200","Gab99Qua","Mor13Tow",0.0226063219063205
"1596","Knu01Ame","Mor13Tow",0.0226063219063205
"1655","Kru96Jou","Mor13Tow",0.0226063219063205
"1891","Mor13Tow","Nau03Jou",0.0226063219063205
"1893","Mor13Tow","Oka79Reg",0.0226063219063205
"1906","Mor13Tow","Sua80Jou",0.0226063219063205
"426","Bla03Jou","XuZ09Urb",0.0230871118125475
"112","Ama14Int","Par83Jou",0.0231760355329268
"545","Bre00Cyb","Del04Con",0.023426247224312
"144","And05Reg","Ezz15Rev",0.0239028205175846
"1719","LeG08Emp","Ros80Jou",0.0241128814682021
"1794","Mal80Env","Ros80Jou",0.0246140383015945
"1509","Ign15Dis","Ros80Jou",0.0247130293436925
"794","Cra05Con","Pum15Cyb",0.0249489660983748
"1978","Par85Jou","Pum15Cyb",0.025318698076215
"1449","Gul12Age","XuZ09Urb",0.0256237917918734
"1637","Kra98Urb","Sch12Reg",0.0257033701564394
"1410","Gue95Urb","Soo07Urb",0.0262830114298607
"148","And05Reg","Gan06Eco",0.0266588826201963
"1309","Gie10Jou","Kra98Urb",0.0268142334916468
"640","Bre15Int","Roz11Ame",0.0268174143208896
"554","Bre00Cyb","Gan06Eco",0.027023354594491
"1979","Par85Jou","Ros80Jou",0.0270742132658658
"260","Bat01Urb","Del04Con",0.0273139936088879
"27","Alp89Jou","Gue95Urb",0.0273162748248155
"34","Alp89Jou","Kra98Urb",0.0275357276467846
"1302","Gie10Jou","Gue95Urb",0.0280377689799532
"1718","LeG08Emp","Pum15Cyb",0.0282800298738787
"1641","Kra98Urb","Soo07Urb",0.0285689910417394
"623","Bre15Int","Li_16Wor",0.0289488692743911
"1542","Iye13Eur","Ros80Jou",0.0293411915317085
"1685","Kum14Jou","Nis08Jou",0.0299026441820229
"139","And05Reg","Del04Con",0.0302559899903753
"269","Bat01Urb","Gan06Eco",0.0309111009790669
"295","Bat01Urb","Par83Jou",0.0310794117218033
"739","Cie16Mis","Par83Jou",0.0313956570363215
"382","Bla03Jou","Ezz15Rev",0.0316697417710421
"1803","Mal80Env","XuZ09Urb",0.0322811888914565
"1518","Ign15Dis","XuZ09Urb",0.0323801799335545
"1221","Gan06Eco","Gie10Jou",0.0325879991231566
"2023","Pum15Cyb","Ven13Oec",0.0327884057564033
"565","Bre00Cyb","Kra98Urb",0.0327971202260008
"1440","Gul12Age","Ros80Jou",0.0332909423817354
"23","Alp89Jou","Gan06Eco",0.0333094932782943
"1019","Ett87Env","Li_16Wor",0.0335819971967024
"152","And05Reg","Gue95Urb",0.0339668854829135
"1548","Iye13Eur","Soo07Urb",0.0339674579265509
"1256","Gan06Eco","Soo07Urb",0.0343427566732491
"458","Bos08Reg","Li_16Wor",0.0348026118302406
"580","Bre00Cyb","Par83Jou",0.0349671581063792
"31","Alp89Jou","Iye13Eur",0.0350007213215058
"425","Bla03Jou","Ven13Oec",0.035024466808363
"933","Dim09Urb","Mor13Tow",0.0350287163591235
"315","Ber12Cit","Bre15Int",0.035321438498483
"1036","Ett87Env","Roz11Ame",0.0357134521502039
"1306","Gie10Jou","Iye13Eur",0.0357222154766435
"816","Del04Con","Gie10Jou",0.0361851064933356
"167","And05Reg","Mir86Urb",0.036376528296705
"1815","Man16Reg","Pop74Sov",0.0365294223399644
"280","Bat01Urb","Kra98Urb",0.0366848666105766
"14","Alp89Jou","Del04Con",0.0369066006484733
"475","Bos08Reg","Roz11Ame",0.0369340667837421
"1551","Iye13Eur","XuZ09Urb",0.0370083421215704
"1404","Gue95Urb","Ros80Jou",0.0370256380283987
"316","Ber12Cit","Cam90Jou",0.0373289635684377
"326","Ber12Cit","Gab11Jou",0.0373289635684377
"327","Ber12Cit","Gab99Qua",0.0373289635684377
"338","Ber12Cit","Knu01Ame",0.0373289635684377
"340","Ber12Cit","Kru96Jou",0.0373289635684377
"351","Ber12Cit","Nau03Jou",0.0373289635684377
"353","Ber12Cit","Oka79Reg",0.0373289635684377
"366","Ber12Cit","Sua80Jou",0.0373289635684377
"1556","Kam90Jou","Kum14Jou",0.0376489300148923
"1285","Gan13Eco","Par83Jou",0.0378774350618003
"851","Del04Con","Soo07Urb",0.0379398640434281
"227","Ara14Eco","Man16Reg",0.0379833677449748
"1515","Ign15Dis","Soo07Urb",0.0385956201145669
"1800","Mal80Env","Soo07Urb",0.0386946111566649
"878","Del13Eur","Li_16Wor",0.0394330325132482
"400","Bla03Jou","LeG08Emp",0.0395328426908876
"30","Alp89Jou","Ign15Dis",0.0396288835095217
"40","Alp89Jou","Mal80Env",0.0397278745516197
"1968","Par83Jou","She12Com",0.0400773156594208
"535","Bra99Jou","Soo05Reg",0.0401810101766664
"1305","Gie10Jou","Ign15Dis",0.0403503776646594
"1315","Gie10Jou","Mal80Env",0.0404493687067574
"895","Del13Eur","Roz11Ame",0.0415644874667497
"156","And05Reg","Iye13Eur",0.0416513319796037
"943","Dim09Urb","Roz11Ame",0.0418327781223663
"1967","Par83Jou","Sch12Reg",0.0420609081759405
"1317","Gie10Jou","Mir86Urb",0.0423056447996653
"413","Bla03Jou","Par85Jou",0.0424941744885513
"42","Alp89Jou","Mir86Urb",0.043027138954803
"926","Dim09Urb","Li_16Wor",0.0439642330758678
"769","Cra05Con","Gul12Age",0.0440509350587202
"1845","Mir86Urb","Soo07Urb",0.0440604023497578
"1802","Mal80Env","Ven13Oec",0.044218543887272
"1517","Ign15Dis","Ven13Oec",0.04431753492937
"1413","Gue95Urb","XuZ09Urb",0.0446927886182607
"2024","Pum15Cyb","XuZ09Urb",0.0447257607522188
"1060","Ezz15Rev","Kra98Urb",0.0447879375062711
"1807","Man16Reg","Mor13Tex",0.0457708349625887
"155","And05Reg","Ign15Dis",0.0462794941676197
"165","And05Reg","Mal80Env",0.0463784852097177
"181","And05Reg","Sch12Reg",0.046588487145126
"1080","Ezz15Rev","Ros80Jou",0.0470897029937276
"423","Bla03Jou","Soo07Urb",0.0478886882355739
"1679","Kum14Jou","Man16Reg",0.0483451546353328
"391","Bla03Jou","Gul12Age",0.0487109036044209
"1705","LeG08Emp","Mal80Env",0.0487269197697966
"527","Bra99Jou","Pen10Phy",0.0487860759072833
"1492","Ign15Dis","LeG08Emp",0.0488259108118946
"6","Alp89Jou","Bla03Jou",0.0489219516305287
"1550","Iye13Eur","Ven13Oec",0.048945697117386
"388","Bla03Jou","Gie10Jou",0.0496434457856664
"630","Bre15Int","Mor13Tow",0.0500440801606002
"791","Cra05Con","Par85Jou",0.0502676641745898
"1049","Ezz15Rev","Gan06Eco",0.0505617031377809
"1790","Mal80Env","Par85Jou",0.0516882515674603
"1505","Ign15Dis","Par85Jou",0.0517872426095583
"1834","Mir86Urb","Par83Jou",0.0522728670243615
"2015","Pum15Cyb","Ros80Jou",0.0523929113420808
"1331","Gie10Jou","Sch12Reg",0.0525176036480862
"778","Cra05Con","LeG08Emp",0.0532289959722535
"56","Alp89Jou","Sch12Reg",0.053239097803224
"1525","Iye13Eur","LeG08Emp",0.0534540729999105
"134","And05Reg","Bre00Cyb",0.0536822372146874
"810","Del04Con","Ezz15Rev",0.0541588105079599
"1814","Man16Reg","Pen10Phy",0.054159638547017
"67","Ama14Int","Bat01Urb",0.05425544725473
"2048","Sch12Reg","Soo07Urb",0.0542723611981788
"1089","Ezz15Rev","XuZ09Urb",0.0547568535835896
"1384","Gue95Urb","Kra98Urb",0.0548520024716
"1932","Nis08Jou","Pop74Sov",0.0549719327932743
"131","And05Reg","Bla03Jou",0.0555725622886267
"1749","Li_16Wor","Son02Urb",0.0558310346666858
"1538","Iye13Eur","Par85Jou",0.0564154047975742
"233","Ara14Eco","Nis08Jou",0.0564258781982847
"1412","Gue95Urb","Ven13Oec",0.0566301436140762
"520","Bra99Jou","Mor13Tex",0.0571748794917116
"1342","Gon10Jou","Hol10Nat",0.0574334631754105
"129","And05Reg","Bat01Urb",0.0575699835992632
"654","Cam90Jou","Dim09Urb",0.057635038265444
"909","Dim09Urb","Gab11Jou",0.057635038265444
"910","Dim09Urb","Gab99Qua",0.057635038265444
"921","Dim09Urb","Knu01Ame",0.057635038265444
"923","Dim09Urb","Kru96Jou",0.057635038265444
"934","Dim09Urb","Nau03Jou",0.057635038265444
"936","Dim09Urb","Oka79Reg",0.057635038265444
"949","Dim09Urb","Sua80Jou",0.057635038265444
"803","Cra05Con","Ven13Oec",0.0577373718547781
"1426","Gul12Age","Mal80Env",0.0579049806833299
"2038","Roz11Ame","Son02Urb",0.0579624896201873
"1416","Gul12Age","Ign15Dis",0.0580039717254279
"72","Ama14Int","Bre00Cyb",0.0581431936393059
"840","Del04Con","Par83Jou",0.0583934053306912
"556","Bre00Cyb","Gie10Jou",0.0596113537176476
"1068","Ezz15Rev","Mir86Urb",0.0602793488142896
"9","Alp89Jou","Bre00Cyb",0.0603328478727853
"1223","Gan06Eco","Gue95Urb",0.0606257681031098
"1387","Gue95Urb","LeG08Emp",0.0611385194966008
"591","Bre00Cyb","Soo07Urb",0.0613661112677401
"1245","Gan06Eco","Par83Jou",0.0619905127008702
"360","Ber12Cit","Roz11Ame",0.0621388528193726
"258","Bat01Urb","Cie16Mis",0.0624750687581247
"603","Bre15Int","Ett87Env",0.0625308664710935
"1522","Iye13Eur","Kra98Urb",0.0625364489682903
"1417","Gul12Age","Iye13Eur",0.0626321339134438
"2031","Ros80Jou","Soo07Urb",0.0633086494582594
"271","Bat01Urb","Gie10Jou",0.0634991001022235
"430","Bos08Reg","Bre15Int",0.0637514811046317
"1400","Gue95Urb","Par85Jou",0.0640998512942645
"1873","Mor13Tex","Nis08Jou",0.0642133454158986
"4","Alp89Jou","Bat01Urb",0.0642205942573612
"818","Del04Con","Gue95Urb",0.0642228754732888
"343","Ber12Cit","Li_16Wor",0.0642703077728741
"54","Alp89Jou","Ros80Jou",0.0643419128532142
"194","Ara14Eco","Bra99Jou",0.0649623467093255
"1329","Gie10Jou","Ros80Jou",0.0650634070083519
"119","Ama14Int","Sch12Reg",0.0652369437088673
"306","Bat01Urb","Soo07Urb",0.065253857652316
"543","Bre00Cyb","Cie16Mis",0.0663628151427006
"528","Bra99Jou","Pop74Sov",0.0664162921143359
"1088","Ezz15Rev","Ven13Oec",0.0666942085794051
"1489","Ign15Dis","Kra98Urb",0.0671646111563062
"1621","Kra98Urb","Mal80Env",0.0672636021984043
"1567","Kam90Jou","Nis08Jou",0.0675515741969152
"1630","Kra98Urb","Par83Jou",0.0677642783323799
"416","Bla03Jou","Pum15Cyb",0.0678128725647663
"1227","Gan06Eco","Iye13Eur",0.0683102145998001
"600","Bre15Int","Del13Eur",0.0683819017876392
"270","Bat01Urb","Gan13Eco",0.0689568467836036
"804","Cra05Con","XuZ09Urb",0.0696747268505936
"955","Eec04The","Faz15Jou",0.0698485049173605
"773","Cra05Con","Kam90Jou",0.0702959298465413
"1378","Gue95Urb","Gul12Age",0.0703165804101341
"1392","Gue95Urb","Mir86Urb",0.0703434137796185
"1082","Ezz15Rev","Sch12Reg",0.0704913076627106
"2073","Soo07Urb","XuZ09Urb",0.0709758000481213
"179","And05Reg","Ros80Jou",0.0709925235113122
"303","Bat01Urb","She12Com",0.0711567273812241
"1063","Ezz15Rev","LeG08Emp",0.0712025844619297
"822","Del04Con","Iye13Eur",0.0719073219699791
"63","Alp89Jou","XuZ09Urb",0.0720090634430762
"1931","Nis08Jou","Pen10Phy",0.0726021490003269
"596","Bre15Int","Cam90Jou",0.0726504020669207
"606","Bre15Int","Gab11Jou",0.0726504020669207
"607","Bre15Int","Gab99Qua",0.0726504020669207
"618","Bre15Int","Knu01Ame",0.0726504020669207
"620","Bre15Int","Kru96Jou",0.0726504020669207
"631","Bre15Int","Nau03Jou",0.0726504020669207
"633","Bre15Int","Oka79Reg",0.0726504020669207
"646","Bre15Int","Sua80Jou",0.0726504020669207
"1338","Gie10Jou","XuZ09Urb",0.0727305575982139
"555","Bre00Cyb","Gan13Eco",0.0728445931681794
"1226","Gan06Eco","Ign15Dis",0.072938376787816
"1236","Gan06Eco","Mal80Env",0.073037367829914
"746","Cie16Mis","Sch12Reg",0.073456565212262
"1076","Ezz15Rev","Par85Jou",0.0741639162595934
"588","Bre00Cyb","She12Com",0.0750444737658
"105","Ama14Int","Mir86Urb",0.0754489025572883
"397","Bla03Jou","Kra98Urb",0.0764576792773132
"821","Del04Con","Ign15Dis",0.076535484157995
"831","Del04Con","Mal80Env",0.076634475200093
"1900","Mor13Tow","Roz11Ame",0.0768614944814898
"1793","Mal80Env","Pum15Cyb",0.0770069496436753
"1508","Ign15Dis","Pum15Cyb",0.0771059406857733
"795","Cra05Con","Ros80Jou",0.0773418774404556
"906","Dim09Urb","Ett87Env",0.0775462302725702
"550","Bre00Cyb","Ezz15Rev",0.0775850577322719
"1530","Iye13Eur","Mir86Urb",0.0780278602763087
"188","And05Reg","XuZ09Urb",0.0786596741011741
"436","Bos08Reg","Dim09Urb",0.0787668449061084
"1736","Li_16Wor","Mor13Tow",0.0789929494349913
"1292","Gan13Eco","Sch12Reg",0.0799383432377408
"1054","Ezz15Rev","Gul12Age",0.080380645375463
"1406","Gue95Urb","Sch12Reg",0.0805553726280395
"265","Bat01Urb","Ezz15Rev",0.0814728041168478
"77","Ama14Int","Del04Con",0.0815694408636179
"1541","Iye13Eur","Pum15Cyb",0.0817341028737892
"2045","Sch12Reg","She12Com",0.0821382238353614
"386","Bla03Jou","Gan06Eco",0.082231444908823
"1497","Ign15Dis","Mir86Urb",0.0826560224643247
"1782","Mal80Env","Mir86Urb",0.0827550135064227
"2072","Soo07Urb","Ven13Oec",0.0829131550439369
"856","Del13Eur","Dim09Urb",0.0833972655891159
"732","Cie16Mis","Mir86Urb",0.083668524060683
"62","Alp89Jou","Ven13Oec",0.0839464184388917
"2053","She12Com","Son02Urb",0.084359553104208
"1337","Gie10Jou","Ven13Oec",0.0846679125940294
"643","Bre15Int","Son02Urb",0.0847799039410769
"1690","Kum14Jou","Pop74Sov",0.0848745769752972
"1356","Gon10Jou","Mod15Qua",0.0851578727644918
"86","Ama14Int","Gan06Eco",0.0851665482337969
"377","Bla03Jou","Del04Con",0.085828552279002
"1561","Kam90Jou","Man16Reg",0.0859940846502251
"222","Ara14Eco","Kum14Jou",0.0863285223803076
"1294","Gan13Eco","Son02Urb",0.0865594337018285
"1725","LeG08Emp","Soo07Urb",0.0874215309264615
"558","Bre00Cyb","Gue95Urb",0.0876491226976008
"1544","Iye13Eur","Sch12Reg",0.0882398191247297
"37","Alp89Jou","LeG08Emp",0.0884547943214163
"174","And05Reg","Par83Jou",0.0886493953210665
"1997","Pen10Phy","Soo05Reg",0.0889670860839498
"1312","Gie10Jou","LeG08Emp",0.089176288476554
"1403","Gue95Urb","Pum15Cyb",0.0894185493704795
"704","Cie16Mis","Del04Con",0.0897890623670126
"1278","Gan13Eco","Mir86Urb",0.0901503020861618
"1985","Par85Jou","Soo07Urb",0.0903828627241252
"187","And05Reg","Ven13Oec",0.0905970290969897
"97","Ama14Int","Kra98Urb",0.0909403138653067
"50","Alp89Jou","Par85Jou",0.09141612611908
"273","Bat01Urb","Gue95Urb",0.0915368690821767
"1635","Kra98Urb","Ros80Jou",0.0918776404999988
"405","Bla03Jou","Mir86Urb",0.0919490905853317
"1325","Gie10Jou","Par85Jou",0.0921376202742177
"1842","Mir86Urb","She12Com",0.0923501826837823
"376","Bla03Jou","Cra05Con",0.0927618386631411
"1511","Ign15Dis","Sch12Reg",0.0928679813127457
"1796","Mal80Env","Sch12Reg",0.0929669723548437
"748","Cie16Mis","Son02Urb",0.0930412117273073
"713","Cie16Mis","Gan06Eco",0.0933861697371916
"1682","Kum14Jou","Mor13Tex",0.0941159895979215
"1324","Gie10Jou","Par83Jou",0.0945785118240267
"162","And05Reg","LeG08Emp",0.0951054049795143
"1573","Kam90Jou","Pum15Cyb",0.0952448959449161
"49","Alp89Jou","Par83Jou",0.0953000059791645
"562","Bre00Cyb","Iye13Eur",0.0953335691942911
"815","Del04Con","Gan13Eco",0.0962708403924915
"1971","Par83Jou","Soo07Urb",0.0963332693741193
"1446","Gul12Age","Soo07Urb",0.0965995918399948
"1885","Mor13Tex","Soo05Reg",0.097355889668378
"28","Alp89Jou","Gul12Age",0.0976328552349496
"1250","Gan06Eco","Ros80Jou",0.0976514061315085
"323","Ber12Cit","Ett87Env",0.0978523049695765
"175","And05Reg","Par85Jou",0.098066736777178
"1303","Gie10Jou","Gul12Age",0.0983543493900873
"848","Del04Con","She12Com",0.098470720990112
"312","Ber12Cit","Bos08Reg",0.0990729196031147
"724","Cie16Mis","Kra98Urb",0.0991599353687014
"277","Bat01Urb","Iye13Eur",0.099221315578867
"693","Cam90Jou","Roz11Ame",0.0994678163878103
"1168","Gab11Jou","Roz11Ame",0.0994678163878103
"1210","Gab99Qua","Roz11Ame",0.0994678163878103
"1606","Knu01Ame","Roz11Ame",0.0994678163878103
"1665","Kru96Jou","Roz11Ame",0.0994678163878103
"1918","Nau03Jou","Roz11Ame",0.0994678163878103
"1951","Oka79Reg","Roz11Ame",0.0994678163878103
"2041","Roz11Ame","Sua80Jou",0.0994678163878103
"1079","Ezz15Rev","Pum15Cyb",0.0994826143358084
"1644","Kra98Urb","XuZ09Urb",0.0995447910898607
"946","Dim09Urb","Son02Urb",0.0997952677425536
"1220","Gan06Eco","Gan13Eco",0.0998679477626705
"561","Bre00Cyb","Ign15Dis",0.099961731382307
"571","Bre00Cyb","Mal80Env",0.100060722424405
"897","Del13Eur","She12Com",0.100757555257646
"845","Del04Con","Ros80Jou",0.101248513501688
"121","Ama14Int","Son02Urb",0.101260833230702
"676","Cam90Jou","Li_16Wor",0.101599271341312
"1151","Gab11Jou","Li_16Wor",0.101599271341312
"1193","Gab99Qua","Li_16Wor",0.101599271341312
"1589","Knu01Ame","Li_16Wor",0.101599271341312
"1648","Kru96Jou","Li_16Wor",0.101599271341312
"1737","Li_16Wor","Nau03Jou",0.101599271341312
"1739","Li_16Wor","Oka79Reg",0.101599271341312
"1752","Li_16Wor","Sua80Jou",0.101599271341312
"781","Cra05Con","Mal80Env",0.10195591574205
"771","Cra05Con","Ign15Dis",0.102054906784148
"1253","Gan06Eco","She12Com",0.102067828360291
"419","Bla03Jou","Sch12Reg",0.102161049433753
"1689","Kum14Jou","Pen10Phy",0.10250479318235
"517","Bra99Jou","Man16Reg",0.1029457144543
"864","Del13Eur","Gan13Eco",0.102957435855266
"320","Ber12Cit","Del13Eur",0.103703340286122
"276","Bat01Urb","Ign15Dis",0.103849477766883
"286","Bat01Urb","Mal80Env",0.103948468808981
"153","And05Reg","Gul12Age",0.104283465893048
"245","Ara14Eco","Soo05Reg",0.105143356885992
"1259","Gan06Eco","XuZ09Urb",0.10531855672137
"477","Bos08Reg","She12Com",0.105387975940653
"1270","Gan13Eco","Kra98Urb",0.10564171339418
"2009","Pop74Sov","Soo05Reg",0.106597302291002
"1038","Ett87Env","She12Com",0.106608590574191
"772","Cra05Con","Iye13Eur",0.106683068972164
"1839","Mir86Urb","Ros80Jou",0.107369051808017
"444","Bos08Reg","Gan13Eco",0.107587856538274
"1638","Kra98Urb","She12Com",0.107841593991801
"777","Cra05Con","Kum14Jou",0.107944859861434
"1005","Ett87Env","Gan13Eco",0.108808471171812
"854","Del04Con","XuZ09Urb",0.108915664091549
"372","Bla03Jou","Bre00Cyb",0.109254799503314
"705","Cie16Mis","Del13Eur",0.109439213880745
"1643","Kra98Urb","Ven13Oec",0.111482146085676
"65","Ama14Int","And05Reg",0.111825430853993
"1075","Ezz15Rev","Par83Jou",0.112552215838651
"1026","Ett87Env","Mor13Tow",0.112574946631694
"252","Bat01Urb","Bla03Jou",0.11314254588789
"465","Bos08Reg","Mor13Tow",0.113795561265232
"432","Bos08Reg","Cie16Mis",0.114069634563753
"1418","Gul12Age","Kam90Jou",0.114346864905262
"768","Cra05Con","Gue95Urb",0.114367515468854
"1848","Mir86Urb","XuZ09Urb",0.115036202397879
"708","Cie16Mis","Ett87Env",0.115290249197291
"2021","Pum15Cyb","Soo07Urb",0.11570156080034
"1618","Kra98Urb","LeG08Emp",0.115990521968201
"1865","Mod15Qua","Soo05Reg",0.116401520620026
"53","Alp89Jou","Pum15Cyb",0.116734824195295
"1258","Gan06Eco","Ven13Oec",0.117255911717186
"1328","Gie10Jou","Pum15Cyb",0.117456318350433
"2027","Ros80Jou","Sch12Reg",0.117581010656438
"999","Eec04The","Ziq16Asi",0.117646961422802
"78","Ama14Int","Del13Eur",0.11765883538414
"88","Ama14Int","Gie10Jou",0.117754547356954
"885","Del13Eur","Mor13Tow",0.118425981948239
"1","Alp89Jou","Ama14Int",0.118476041512091
"1631","Kra98Urb","Par85Jou",0.118951853765865
"123","Ama14Int","Soo07Urb",0.119509304907046
"137","And05Reg","Cie16Mis",0.120045052357388
"363","Ber12Cit","Son02Urb",0.12010134243956
"1570","Kam90Jou","Par85Jou",0.120563594021131
"853","Del04Con","Ven13Oec",0.120853019087365
"523","Bra99Jou","Nis08Jou",0.12138822490761
"1233","Gan06Eco","LeG08Emp",0.121764287599711
"70","Ama14Int","Bos08Reg",0.122289256067147
"1572","Kam90Jou","Pop74Sov",0.122523506990189
"1399","Gue95Urb","Par83Jou",0.12261628080398
"178","And05Reg","Pum15Cyb",0.123385434853393
"81","Ama14Int","Ett87Env",0.123509870700685
"1557","Kam90Jou","LeG08Emp",0.123524925818795
"218","Ara14Eco","Kam90Jou",0.1239774523952
"760","Cra05Con","Ezz15Rev",0.124431580434183
"1969","Par83Jou","Son02Urb",0.124436868763629
"585","Bre00Cyb","Ros80Jou",0.124674760726
"1246","Gan06Eco","Par85Jou",0.124725619397374
"1420","Gul12Age","Kra98Urb",0.125168582881734
"2051","Sch12Reg","XuZ09Urb",0.1252481612463
"828","Del04Con","LeG08Emp",0.12536139496989
"715","Cie16Mis","Gie10Jou",0.125974168860348
"149","And05Reg","Gan13Eco",0.126526830382867
"12","Alp89Jou","Cie16Mis",0.126695663015486
"1847","Mir86Urb","Ven13Oec",0.126973557393695
"750","Cie16Mis","Soo07Urb",0.127728926410441
"1582","Kam90Jou","Ven13Oec",0.128033301701319
"841","Del04Con","Par85Jou",0.128322726767553
"300","Bat01Urb","Ros80Jou",0.128562507110575
"182","And05Reg","She12Com",0.128726710980487
"1537","Iye13Eur","Par83Jou",0.13030072730067
"1224","Gan06Eco","Gul12Age",0.130942348513244
"1707","LeG08Emp","Mir86Urb",0.131481933276219
"1564","Kam90Jou","Mor13Tex",0.131764919612814
"594","Bre00Cyb","XuZ09Urb",0.132341911315861
"1261","Gan13Eco","Gie10Jou",0.132455946885827
"1691","Kum14Jou","Pum15Cyb",0.132893825959808
"24","Alp89Jou","Gan13Eco",0.133177441040965
"1296","Gan13Eco","Soo07Urb",0.13421070443592
"1835","Mir86Urb","Par85Jou",0.134443265073883
"819","Del04Con","Gul12Age",0.134539455883423
"1332","Gie10Jou","She12Com",0.134655827483448
"1903","Mor13Tow","Son02Urb",0.134823984101677
"1504","Ign15Dis","Par83Jou",0.134928889488686
"1789","Mal80Env","Par83Jou",0.135027880530784
"656","Cam90Jou","Ett87Env",0.135181268538014
"1002","Ett87Env","Gab11Jou",0.135181268538014
"1003","Ett87Env","Gab99Qua",0.135181268538014
"1014","Ett87Env","Knu01Ame",0.135181268538014
"1016","Ett87Env","Kru96Jou",0.135181268538014
"1027","Ett87Env","Nau03Jou",0.135181268538014
"1029","Ett87Env","Oka79Reg",0.135181268538014
"1042","Ett87Env","Sua80Jou",0.135181268538014
"57","Alp89Jou","She12Com",0.135377321638585
"82","Ama14Int","Ezz15Rev",0.135728251371578
"309","Bat01Urb","XuZ09Urb",0.136229657700437
"431","Bos08Reg","Cam90Jou",0.136401883171552
"441","Bos08Reg","Gab11Jou",0.136401883171552
"442","Bos08Reg","Gab99Qua",0.136401883171552
"453","Bos08Reg","Knu01Ame",0.136401883171552
"455","Bos08Reg","Kru96Jou",0.136401883171552
"466","Bos08Reg","Nau03Jou",0.136401883171552
"468","Bos08Reg","Oka79Reg",0.136401883171552
"481","Bos08Reg","Sua80Jou",0.136401883171552
"2055","She12Com","Soo07Urb",0.13641058503354
"2050","Sch12Reg","Ven13Oec",0.137185516242116
"788","Cra05Con","Nis08Jou",0.137847504043456
"1583","Kam90Jou","XuZ09Urb",0.139970656697135
"1571","Kam90Jou","Pen10Phy",0.140153723197242
"1748","Li_16Wor","She12Com",0.140190587770894
"801","Cra05Con","Soo07Urb",0.140650526898715
"1428","Gul12Age","Mir86Urb",0.140659994189753
"889","Del13Eur","Par83Jou",0.140834870917066
"653","Cam90Jou","Del13Eur",0.14103230385456
"861","Del13Eur","Gab11Jou",0.14103230385456
"862","Del13Eur","Gab99Qua",0.14103230385456
"873","Del13Eur","Knu01Ame",0.14103230385456
"875","Del13Eur","Kru96Jou",0.14103230385456
"886","Del13Eur","Nau03Jou",0.14103230385456
"888","Del13Eur","Oka79Reg",0.14103230385456
"901","Del13Eur","Sua80Jou",0.14103230385456
"13","Alp89Jou","Cra05Con",0.14168379029367
"1721","LeG08Emp","Sch12Reg",0.14169389212464
"2037","Roz11Ame","She12Com",0.142322042724395
"1274","Gan13Eco","Li_16Wor",0.142390468368514
"766","Cra05Con","Gie10Jou",0.142405284448808
"1464","Hol10Nat","Mod15Qua",0.142591335939902
"1822","Man16Reg","Soo05Reg",0.143126724630967
"709","Cie16Mis","Ezz15Rev",0.143947872874973
"412","Bla03Jou","Par83Jou",0.144221957609693
"1634","Kra98Urb","Pum15Cyb",0.14427055184208
"593","Bre00Cyb","Ven13Oec",0.144279266311677
"1291","Gan13Eco","Roz11Ame",0.144521923322016
"1981","Par85Jou","Sch12Reg",0.144655223922304
"469","Bos08Reg","Par83Jou",0.145465291600074
"90","Ama14Int","Gue95Urb",0.145792316336907
"1030","Ett87Env","Par83Jou",0.146685906233612
"1574","Kam90Jou","Ros80Jou",0.147637807286997
"308","Bat01Urb","Ven13Oec",0.148167012696253
"138","And05Reg","Cra05Con",0.148334400951768
"568","Bre00Cyb","LeG08Emp",0.148787642194202
"728","Cie16Mis","Li_16Wor",0.148872246393993
"1249","Gan06Eco","Pum15Cyb",0.150044317473589
"1050","Ezz15Rev","Gan13Eco",0.150429650900451
"1442","Gul12Age","Sch12Reg",0.150871953038174
"745","Cie16Mis","Roz11Ame",0.151003701347495
"512","Bra99Jou","Kum14Jou",0.151290869089633
"581","Bre00Cyb","Par85Jou",0.151748973991865
"1422","Gul12Age","Kum14Jou",0.151995794920154
"1083","Ezz15Rev","She12Com",0.152629531498072
"283","Bat01Urb","LeG08Emp",0.152675388578777
"94","Ama14Int","Iye13Eur",0.153476762833597
"844","Del04Con","Pum15Cyb",0.153641424843768
"717","Cie16Mis","Gue95Urb",0.154011937840301
"304","Bat01Urb","Son02Urb",0.155516280485432
"296","Bat01Urb","Par85Jou",0.155636720376441
"782","Cra05Con","Man16Reg",0.156290014496766
"519","Bra99Jou","Mod15Qua",0.156582530796692
"101","Ama14Int","Li_16Wor",0.157091867897388
"696","Cam90Jou","Son02Urb",0.157430306007998
"1171","Gab11Jou","Son02Urb",0.157430306007998
"1213","Gab99Qua","Son02Urb",0.157430306007998
"1609","Knu01Ame","Son02Urb",0.157430306007998
"1668","Kru96Jou","Son02Urb",0.157430306007998
"1921","Nau03Jou","Son02Urb",0.157430306007998
"1954","Oka79Reg","Son02Urb",0.157430306007998
"2062","Son02Urb","Sua80Jou",0.157430306007998
"1485","Hol10Nat","Ziq16Asi",0.157920456377348
"559","Bre00Cyb","Gul12Age",0.157965703107735
"93","Ama14Int","Ign15Dis",0.158104925021613
"103","Ama14Int","Mal80Env",0.158203916063711
"1688","Kum14Jou","Par85Jou",0.158212524036023
"118","Ama14Int","Roz11Ame",0.159223322850889
"589","Bre00Cyb","Son02Urb",0.159404026870008
"1965","Par83Jou","Ros80Jou",0.159641918832379
"1838","Mir86Urb","Pum15Cyb",0.159761963150098
"1263","Gan13Eco","Gue95Urb",0.16049371586578
"1675","Kum14Jou","LeG08Emp",0.161173855833687
"1939","Nis08Jou","Soo05Reg",0.161569235084277
"721","Cie16Mis","Iye13Eur",0.161696384336992
"274","Bat01Urb","Gul12Age",0.161853449492311
"1407","Gue95Urb","She12Com",0.162693596463401
"1933","Nis08Jou","Pum15Cyb",0.162796470141831
"395","Bla03Jou","Kam90Jou",0.163057768509682
"1700","Kum14Jou","Ven13Oec",0.165682231716212
"720","Cie16Mis","Ign15Dis",0.166324546525008
"730","Cie16Mis","Mal80Env",0.166423537567106
"2046","Sch12Reg","Son02Urb",0.166497776939569
"1974","Par83Jou","XuZ09Urb",0.167309069422241
"69","Ama14Int","Bla03Jou",0.16739799314262
"1267","Gan13Eco","Iye13Eur",0.168178162362471
"642","Bre15Int","She12Com",0.169139457045285
"775","Cra05Con","Kra98Urb",0.169219517940454
"2017","Pum15Cyb","Sch12Reg",0.169973921998519
"1545","Iye13Eur","She12Com",0.170378042960091
"609","Bre15Int","Gan13Eco",0.171339337642905
"261","Bat01Urb","Del13Eur",0.17191428263887
"1560","Kam90Jou","Mal80Env",0.172251845588591
"1487","Ign15Dis","Kam90Jou",0.172350836630689
"1266","Gan13Eco","Ign15Dis",0.172806324550486
"1276","Gan13Eco","Mal80Env",0.172905315592584
"764","Cra05Con","Gan06Eco",0.174993283571964
"1512","Ign15Dis","She12Com",0.175006205148107
"1797","Mal80Env","She12Com",0.175105196190205
"375","Bla03Jou","Cie16Mis",0.175617614646015
"546","Bre00Cyb","Del13Eur",0.175802029023446
"253","Bat01Urb","Bos08Reg",0.176544703321877
"1843","Mir86Urb","Son02Urb",0.17670973578799
"1520","Iye13Eur","Kam90Jou",0.176978998818705
"584","Bre00Cyb","Pum15Cyb",0.17706767206808
"1701","Kum14Jou","XuZ09Urb",0.177619586712027
"264","Bat01Urb","Ett87Env",0.177765317955415
"597","Bre15Int","Cie16Mis",0.177821115668384
"755","Cra05Con","Del04Con",0.178590390942143
"1973","Par83Jou","Ven13Oec",0.179246424418056
"1740","Li_16Wor","Par83Jou",0.180267903430315
"429","Bos08Reg","Bre00Cyb",0.180432449706453
"299","Bat01Urb","Pum15Cyb",0.180955418452656
"1816","Man16Reg","Pum15Cyb",0.181238980595141
"549","Bre00Cyb","Ett87Env",0.181653064339991
"1433","Gul12Age","Nis08Jou",0.181898439102177
"387","Bla03Jou","Gan13Eco",0.182099392671493
"1966","Par83Jou","Roz11Ame",0.182399358383816
"117","Ama14Int","Ros80Jou",0.182817954365305
"849","Del04Con","Son02Urb",0.18283027409432
"896","Del13Eur","Sch12Reg",0.182895779093007
"1714","LeG08Emp","Par83Jou",0.183754800300581
"945","Dim09Urb","She12Com",0.184154820846762
"420","Bla03Jou","She12Com",0.184299273269114
"1382","Gue95Urb","Kam90Jou",0.184663445315396
"783","Cra05Con","Mir86Urb",0.184710929248473
"1692","Kum14Jou","Ros80Jou",0.185286737301889
"73","Ama14Int","Bre15Int",0.186040737171779
"912","Dim09Urb","Gan13Eco",0.186354701444382
"1254","Gan06Eco","Son02Urb",0.186427381464499
"1961","Par83Jou","Par85Jou",0.186716132098244
"1134","Faz15Jou","Ziq16Asi",0.187495466340163
"476","Bos08Reg","Sch12Reg",0.187526199776015
"1930","Nis08Jou","Par85Jou",0.188115168218046
"1037","Ett87Env","Sch12Reg",0.188746814409553
"508","Bra99Jou","Kam90Jou",0.188939799104525
"126","Ama14Int","XuZ09Urb",0.190485104955167
"744","Cie16Mis","Ros80Jou",0.1910375758687
"1712","LeG08Emp","Nis08Jou",0.19107650001571
"1697","Kum14Jou","Soo05Reg",0.1914718792663
"1639","Kra98Urb","Son02Urb",0.192201147096009
"793","Cra05Con","Pop74Sov",0.192819436836731
"706","Cie16Mis","Dim09Urb",0.192836479469861
"1435","Gul12Age","Par83Jou",0.192932861214114
"882","Del13Eur","Mir86Urb",0.193107737941428
"199","Ara14Eco","Cra05Con",0.194273382241741
"1058","Ezz15Rev","Kam90Jou",0.194727510280724
"797","Cra05Con","Sch12Reg",0.194922888096894
"1942","Nis08Jou","Ven13Oec",0.195584875898235
"1290","Gan13Eco","Ros80Jou",0.197519353894179
"462","Bos08Reg","Mir86Urb",0.197738158624436
"753","Cie16Mis","XuZ09Urb",0.198704726458562
"1023","Ett87Env","Mir86Urb",0.198958773257974
"806","Del04Con","Del13Eur",0.199228276247758
"2028","Ros80Jou","She12Com",0.1997192344918
"1427","Gul12Age","Man16Reg",0.200340949555487
"399","Bla03Jou","Kum14Jou",0.200706698524575
"79","Ama14Int","Dim09Urb",0.201056100973256
"1372","Gon10Jou","Soo05Reg",0.201559393384518
"544","Bre00Cyb","Cra05Con",0.202016638166455
"785","Cra05Con","Mor13Tex",0.202060849459355
"125","Ama14Int","Ven13Oec",0.202422459950983
"863","Del13Eur","Gan06Eco",0.202825383617937
"434","Bos08Reg","Del04Con",0.203858696930765
"362","Ber12Cit","She12Com",0.204460895543768
"809","Del04Con","Ett87Env",0.205079311564303
"1299","Gan13Eco","XuZ09Urb",0.205186504484041
"1857","Mod15Qua","Pen10Phy",0.205368606703976
"259","Bat01Urb","Cra05Con",0.205904384551031
"1813","Man16Reg","Par85Jou",0.206557678671356
"329","Ber12Cit","Gan13Eco",0.206660776141388
"100","Ama14Int","LeG08Emp",0.206930835833508
"2058","She12Com","XuZ09Urb",0.207386385081661
"443","Bos08Reg","Gan06Eco",0.207455804300944
"1943","Nis08Jou","XuZ09Urb",0.20752223089405
"874","Del13Eur","Kra98Urb",0.208599149249446
"1004","Ett87Env","Gan06Eco",0.208676418934482
"634","Bre15Int","Par83Jou",0.209216772704706
"1706","LeG08Emp","Man16Reg",0.20951901046902
"113","Ama14Int","Par85Jou",0.209892167631171
"1678","Kum14Jou","Mal80Env",0.209900775603484
"1491","Ign15Dis","Kum14Jou",0.209999766645582
"792","Cra05Con","Pen10Phy",0.210449653043783
"752","Cie16Mis","Ven13Oec",0.210642081454378
"1580","Kam90Jou","Soo07Urb",0.210946456745256
"284","Bat01Urb","Li_16Wor",0.211347315152118
"32","Alp89Jou","Kam90Jou",0.211979720140211
"1964","Par83Jou","Pum15Cyb",0.212034830174459
"1307","Gie10Jou","Kam90Jou",0.212701214295349
"183","And05Reg","Son02Urb",0.213086264084695
"317","Ber12Cit","Cie16Mis",0.213142554166867
"454","Bos08Reg","Kra98Urb",0.213229569932454
"301","Bat01Urb","Roz11Ame",0.213478770105619
"1850","Mod15Qua","Mor13Tex",0.213757410288404
"1825","Man16Reg","Ven13Oec",0.214027386351544
"1015","Ett87Env","Kra98Urb",0.214450184565992
"1524","Iye13Eur","Kum14Jou",0.214627928833598
"727","Cie16Mis","LeG08Emp",0.215150457336902
"1934","Nis08Jou","Ros80Jou",0.215189381483912
"569","Bre00Cyb","Li_16Wor",0.215235061536694
"1377","Gon10Jou","Ziq16Asi",0.215353919552758
"91","Ama14Int","Gul12Age",0.216108896747041
"1298","Gan13Eco","Ven13Oec",0.217123859479856
"586","Bre00Cyb","Roz11Ame",0.217366516490195
"2003","Pop74Sov","Pum15Cyb",0.217768402935106
"740","Cie16Mis","Par85Jou",0.218111789134566
"157","And05Reg","Kam90Jou",0.218630330798309
"1333","Gie10Jou","Son02Urb",0.219015380587656
"1902","Mor13Tow","She12Com",0.219183537205885
"239","Ara14Eco","Pum15Cyb",0.219222348340116
"2057","She12Com","Ven13Oec",0.219323740077477
"58","Alp89Jou","Son02Urb",0.219736874742793
"2061","Son02Urb","Soo07Urb",0.220770138137748
"68","Ama14Int","Ber12Cit",0.221362175670262
"1281","Gan13Eco","Mor13Tow",0.221383417803506
"229","Ara14Eco","Mod15Qua",0.221544877506018
"1273","Gan13Eco","LeG08Emp",0.221632235362381
"1386","Gue95Urb","Kum14Jou",0.222312375330288
"1747","Li_16Wor","Sch12Reg",0.222328811606255
"1858","Mod15Qua","Pop74Sov",0.222998822911028
"1722","LeG08Emp","She12Com",0.223832115960002
"937","Dim09Urb","Par83Jou",0.224232136506182
"718","Cie16Mis","Gul12Age",0.224328518250436
"2036","Roz11Ame","Sch12Reg",0.224460266559757
"1286","Gan13Eco","Par85Jou",0.224593567160045
"1826","Man16Reg","XuZ09Urb",0.22596474134736
"1982","Par85Jou","She12Com",0.226793447757665
"1879","Mor13Tex","Pum15Cyb",0.22700981555773
"735","Cie16Mis","Mor13Tow",0.227865195828984
"1579","Kam90Jou","Soo05Reg",0.229120809281192
"140","And05Reg","Del13Eur",0.229484266238133
"410","Bla03Jou","Nis08Jou",0.230609342706598
"1264","Gan13Eco","Gul12Age",0.230810296275914
"1062","Ezz15Rev","Kum14Jou",0.232376440295617
"1733","Li_16Wor","Mir86Urb",0.232540770454676
"1443","Gul12Age","She12Com",0.233010176873535
"1817","Man16Reg","Ros80Jou",0.233631891937222
"132","And05Reg","Bos08Reg",0.234114686921141
"1840","Mir86Urb","Roz11Ame",0.234672225408178
"116","Ama14Int","Pum15Cyb",0.235210865707386
"143","And05Reg","Ett87Env",0.235335301554679
"1991","Pen10Phy","Pum15Cyb",0.235398619142158
"865","Del13Eur","Gie10Jou",0.235413382741093
"108","Ama14Int","Mor13Tow",0.236084817332379
"15","Alp89Jou","Del13Eur",0.236134876896231
"1438","Gul12Age","Pop74Sov",0.236870371895451
"790","Cra05Con","Par83Jou",0.236983796272834
"1084","Ezz15Rev","Son02Urb",0.23698908460228
"900","Del13Eur","Soo07Urb",0.237168140291186
"214","Ara14Eco","Gul12Age",0.238324317300461
"829","Del04Con","Li_16Wor",0.238661308761006
"1554","Kam90Jou","Kra98Urb",0.239515447786996
"1787","Mal80Env","Nis08Jou",0.239803419785507
"1502","Ign15Dis","Nis08Jou",0.239902410827605
"445","Bos08Reg","Gie10Jou",0.240043803424101
"256","Bat01Urb","Bre15Int",0.240296184426509
"7","Alp89Jou","Bos08Reg",0.240765297579239
"846","Del04Con","Roz11Ame",0.240792763714507
"1006","Ett87Env","Gie10Jou",0.241264418057639
"502","Bra99Jou","Gon10Jou",0.241740403561184
"695","Cam90Jou","She12Com",0.241789859112206
"1170","Gab11Jou","She12Com",0.241789859112206
"1212","Gab99Qua","She12Com",0.241789859112206
"1608","Knu01Ame","She12Com",0.241789859112206
"1667","Kru96Jou","She12Com",0.241789859112206
"1920","Nau03Jou","She12Com",0.241789859112206
"1953","Oka79Reg","She12Com",0.241789859112206
"2056","She12Com","Sua80Jou",0.241789859112206
"480","Bos08Reg","Soo07Urb",0.241798560974193
"18","Alp89Jou","Ett87Env",0.241985912212777
"1234","Gan06Eco","Li_16Wor",0.242258416131185
"1041","Ett87Env","Soo07Urb",0.243019175607732
"1977","Par85Jou","Pop74Sov",0.243087101011321
"743","Cie16Mis","Pum15Cyb",0.243430487210781
"662","Cam90Jou","Gan13Eco",0.243989739709826
"1137","Gab11Jou","Gan13Eco",0.243989739709826
"1179","Gab99Qua","Gan13Eco",0.243989739709826
"1269","Gan13Eco","Knu01Ame",0.243989739709826
"1271","Gan13Eco","Kru96Jou",0.243989739709826
"1282","Gan13Eco","Nau03Jou",0.243989739709826
"1284","Gan13Eco","Oka79Reg",0.243989739709826
"1297","Gan13Eco","Sua80Jou",0.243989739709826
"541","Bre00Cyb","Bre15Int",0.244183930811085
"1251","Gan06Eco","Roz11Ame",0.244389871084686
"1535","Iye13Eur","Nis08Jou",0.244530573015621
"354","Ber12Cit","Par83Jou",0.244538211203189
"236","Ara14Eco","Par85Jou",0.244541046416331
"1228","Gan06Eco","Kam90Jou",0.245289213418505
"1717","LeG08Emp","Pop74Sov",0.246048432808984
"1430","Gul12Age","Mor13Tex",0.246111784518075
"1408","Gue95Urb","Son02Urb",0.247053149567609
"223","Ara14Eco","LeG08Emp",0.247502378213995
"1619","Kra98Urb","Li_16Wor",0.248032181762695
"1698","Kum14Jou","Soo07Urb",0.248595386760149
"823","Del04Con","Kam90Jou",0.248886320788684
"404","Bla03Jou","Man16Reg",0.249051853159908
"36","Alp89Jou","Kum14Jou",0.249628650155103
"1289","Gan13Eco","Pum15Cyb",0.24991226523626
"1636","Kra98Urb","Roz11Ame",0.250163636716196
"1311","Gie10Jou","Kum14Jou",0.250350144310241
"650","Cam90Jou","Cie16Mis",0.250471517735305
"711","Cie16Mis","Gab11Jou",0.250471517735305
"712","Cie16Mis","Gab99Qua",0.250471517735305
"723","Cie16Mis","Knu01Ame",0.250471517735305
"725","Cie16Mis","Kru96Jou",0.250471517735305
"736","Cie16Mis","Nau03Jou",0.250471517735305
"738","Cie16Mis","Oka79Reg",0.250471517735305
"751","Cie16Mis","Sua80Jou",0.250471517735305
"2012","Pop74Sov","Ven13Oec",0.250556808691509
"641","Bre15Int","Sch12Reg",0.251277680880646
"248","Ara14Eco","Ven13Oec",0.252010754096519
"2018","Pum15Cyb","She12Com",0.25211214583388
"1397","Gue95Urb","Nis08Jou",0.252215019512311
"1876","Mor13Tex","Par85Jou",0.252328513633945
"859","Del13Eur","Ezz15Rev",0.253387086755718
"1437","Gul12Age","Pen10Phy",0.254500588102504
"1546","Iye13Eur","Son02Urb",0.254737596064299
"1562","Kam90Jou","Mir86Urb",0.255006859095014
"1709","LeG08Emp","Mor13Tex",0.255289845431609
"262","Bat01Urb","Dim09Urb",0.255311548227986
"161","And05Reg","Kum14Jou",0.256279260813201
"439","Bos08Reg","Ezz15Rev",0.258017507438725
"1781","Mal80Env","Man16Reg",0.258245930238816
"1496","Ign15Dis","Man16Reg",0.258344921280915
"74","Ama14Int","Cam90Jou",0.2586911392387
"84","Ama14Int","Gab11Jou",0.2586911392387
"85","Ama14Int","Gab99Qua",0.2586911392387
"96","Ama14Int","Knu01Ame",0.2586911392387
"98","Ama14Int","Kru96Jou",0.2586911392387
"109","Ama14Int","Nau03Jou",0.2586911392387
"111","Ama14Int","Oka79Reg",0.2586911392387
"124","Ama14Int","Sua80Jou",0.2586911392387
"1480","Hol10Nat","Soo05Reg",0.258992856559928
"547","Bre00Cyb","Dim09Urb",0.259199294612562
"489","Bra99Jou","Cra05Con",0.259235728951067
"1000","Ett87Env","Ezz15Rev",0.259238122072263
"1894","Mor13Tow","Par83Jou",0.259260852865306
"1513","Ign15Dis","Son02Urb",0.259365758252315
"1798","Mal80Env","Son02Urb",0.259464749294413
"1806","Man16Reg","Mod15Qua",0.259528245250992
"1888","Mor13Tex","Ven13Oec",0.259798221314133
"76","Ama14Int","Cra05Con",0.260159831805761
"1976","Par85Jou","Pen10Phy",0.260717317218373
"627","Bre15Int","Mir86Urb",0.261489639729067
"1073","Ezz15Rev","Nis08Jou",0.26227908447764
"2013","Pop74Sov","XuZ09Urb",0.262494163687324
"1529","Iye13Eur","Man16Reg",0.26297308346893
"867","Del13Eur","Gue95Urb",0.263451151721046
"1716","LeG08Emp","Pen10Phy",0.263678649016037
"249","Ara14Eco","XuZ09Urb",0.263948109092335
"1576","Kam90Jou","Sch12Reg",0.265218817943435
"944","Dim09Urb","Sch12Reg",0.266293044682123
"599","Bre15Int","Del04Con",0.267610178035397
"447","Bos08Reg","Gue95Urb",0.268081572404054
"2000","Pen10Phy","Ven13Oec",0.268187024898561
"703","Cie16Mis","Cra05Con",0.268379453309156
"421","Bla03Jou","Son02Urb",0.268658826373322
"163","And05Reg","Li_16Wor",0.268917298751381
"1008","Ett87Env","Gue95Urb",0.269302187037592
"2004","Pop74Sov","Ros80Jou",0.270161314277186
"1391","Gue95Urb","Man16Reg",0.270657529965621
"180","And05Reg","Roz11Ame",0.271048753704883
"871","Del13Eur","Iye13Eur",0.271135598217737
"608","Bre15Int","Gan06Eco",0.271207285405576
"240","Ara14Eco","Ros80Jou",0.271615259682197
"1889","Mor13Tex","XuZ09Urb",0.271735576309949
"563","Bre00Cyb","Kam90Jou",0.272312568012996
"1313","Gie10Jou","Li_16Wor",0.274846415254341
"765","Cra05Con","Gan13Eco",0.274861231334635
"964","Eec04The","Hol10Nat",0.27556741780015
"38","Alp89Jou","Li_16Wor",0.275567909409479
"251","Bat01Urb","Ber12Cit",0.275617622924992
"870","Del13Eur","Ign15Dis",0.275763760405753
"451","Bos08Reg","Iye13Eur",0.275766018900744
"880","Del13Eur","Mal80Env",0.275862751447851
"278","Bat01Urb","Kam90Jou",0.276200314397572
"930","Dim09Urb","Mir86Urb",0.276505003530544
"1751","Li_16Wor","Soo07Urb",0.276601172804434
"1330","Gie10Jou","Roz11Ame",0.276977870207843
"619","Bre15Int","Kra98Urb",0.276981051037086
"1012","Ett87Env","Iye13Eur",0.276986633534282
"798","Cra05Con","She12Com",0.277061111932255
"1617","Kra98Urb","Kum14Jou",0.277164377801888
"55","Alp89Jou","Roz11Ame",0.277699364362981
"1853","Mod15Qua","Nis08Jou",0.277970755704302
"1940","Nis08Jou","Soo07Urb",0.278498030942171
"2040","Roz11Ame","Soo07Urb",0.278732627757935
"1880","Mor13Tex","Ros80Jou",0.279402726899811
"314","Ber12Cit","Bre00Cyb",0.279505369309568
"47","Alp89Jou","Nis08Jou",0.279531294337126
"2001","Pen10Phy","XuZ09Urb",0.280124379894377
"1322","Gie10Jou","Nis08Jou",0.280252788492264
"450","Bos08Reg","Ign15Dis",0.28039418108876
"460","Bos08Reg","Mal80Env",0.280493172130858
"1067","Ezz15Rev","Man16Reg",0.28072159493095
"1011","Ett87Env","Ign15Dis",0.281614795722298
"1021","Ett87Env","Mal80Env",0.281713786764396
"687","Cam90Jou","Par83Jou",0.281867174771626
"1162","Gab11Jou","Par83Jou",0.281867174771626
"1204","Gab99Qua","Par83Jou",0.281867174771626
"1600","Knu01Ame","Par83Jou",0.281867174771626
"1659","Kru96Jou","Par83Jou",0.281867174771626
"1912","Nau03Jou","Par83Jou",0.281867174771626
"1945","Oka79Reg","Par83Jou",0.281867174771626
"1972","Par83Jou","Sua80Jou",0.281867174771626
"807","Del04Con","Dim09Urb",0.282625541836874
"1232","Gan06Eco","Kum14Jou",0.282938143433398
"2029","Ros80Jou","Son02Urb",0.284078787596007
"529","Bra99Jou","Pum15Cyb",0.284184695049441
"378","Bla03Jou","Del13Eur",0.28505682852676
"415","Bla03Jou","Pop74Sov",0.285581275499872
"172","And05Reg","Nis08Jou",0.286181904995224
"911","Dim09Urb","Gan06Eco",0.286222649207053
"827","Del04Con","Kum14Jou",0.286535250803577
"361","Ber12Cit","Sch12Reg",0.286599119379129
"192","Ara14Eco","Bla03Jou",0.287035220904882
"1992","Pen10Phy","Ros80Jou",0.287791530484239
"370","Bla03Jou","Bos08Reg",0.289687249209767
"291","Bat01Urb","Mor13Tow",0.290340264587109
"1364","Gon10Jou","Pen10Phy",0.290526479468467
"381","Bla03Jou","Ett87Env",0.290907863843305
"2064","Son02Urb","XuZ09Urb",0.291745938185869
"922","Dim09Urb","Kra98Urb",0.291996414838562
"1680","Kum14Jou","Mir86Urb",0.292655789109906
"1064","Ezz15Rev","Li_16Wor",0.292820119268966
"576","Bre00Cyb","Mor13Tow",0.294228010971685
"1792","Mal80Env","Pop74Sov",0.294775352578781
"407","Bla03Jou","Mor13Tex",0.294822688122496
"1507","Ign15Dis","Pop74Sov",0.294874343620879
"1081","Ezz15Rev","Roz11Ame",0.294951574222467
"226","Ara14Eco","Mal80Env",0.296229297983791
"216","Ara14Eco","Ign15Dis",0.296328289025889
"347","Ber12Cit","Mir86Urb",0.29681107822755
"1823","Man16Reg","Soo07Urb",0.296940541395481
"135","And05Reg","Bre15Int",0.297866168025772
"41","Alp89Jou","Man16Reg",0.297973804790436
"1316","Gie10Jou","Man16Reg",0.298695298945574
"1357","Gon10Jou","Mor13Tex",0.298915283052896
"505","Bra99Jou","Hol10Nat",0.299173866736595
"800","Cra05Con","Soo05Reg",0.299416739127733
"1540","Iye13Eur","Pop74Sov",0.299502505808895
"894","Del13Eur","Ros80Jou",0.300476789749445
"1870","Mod15Qua","Ziq16Asi",0.30051179231725
"217","Ara14Eco","Iye13Eur",0.300956451213905
"1901","Mor13Tow","Sch12Reg",0.301321761041246
"1694","Kum14Jou","Sch12Reg",0.302867747958327
"1388","Gue95Urb","Li_16Wor",0.302884184234295
"319","Ber12Cit","Del04Con",0.30293161653388
"414","Bla03Jou","Pen10Phy",0.303211491706924
"504","Bra99Jou","Gul12Age",0.303286664009787
"2063","Son02Urb","Ven13Oec",0.303683293181685
"610","Bre15Int","Gie10Jou",0.303795284528732
"1784","Mal80Env","Mor13Tex",0.304016765201405
"1499","Ign15Dis","Mor13Tex",0.304115756243503
"10","Alp89Jou","Bre15Int",0.30451677868387
"166","And05Reg","Man16Reg",0.304624415448534
"1405","Gue95Urb","Roz11Ame",0.305015639187796
"474","Bos08Reg","Ros80Jou",0.305107210432453
"645","Bre15Int","Soo07Urb",0.305550042078825
"1035","Ett87Env","Ros80Jou",0.306327825065991
"328","Ber12Cit","Gan06Eco",0.306528723904059
"212","Ara14Eco","Gon10Jou",0.30670275027051
"1628","Kra98Urb","Nis08Jou",0.307067021983911
"1402","Gue95Urb","Pop74Sov",0.307186952305585
"1569","Kam90Jou","Par83Jou",0.307279726119376
"1681","Kum14Jou","Mod15Qua",0.307873399886325
"903","Del13Eur","XuZ09Urb",0.308143940339307
"1365","Gon10Jou","Pop74Sov",0.30815669567552
"1723","LeG08Emp","Son02Urb",0.30819166906421
"213","Ara14Eco","Gue95Urb",0.308640897710595
"1532","Iye13Eur","Mor13Tex",0.308743918431519
"526","Bra99Jou","Par85Jou",0.309503393125656
"567","Bre00Cyb","Kum14Jou",0.309961498027889
"1526","Iye13Eur","Li_16Wor",0.310568630730985
"1983","Par85Jou","Son02Urb",0.311153000861873
"1830","Mir86Urb","Mor13Tow",0.311533719889667
"339","Ber12Cit","Kra98Urb",0.312302489535569
"1791","Mal80Env","Pen10Phy",0.312405568785833
"513","Bra99Jou","LeG08Emp",0.31246472492332
"1506","Ign15Dis","Pen10Phy",0.312504559827931
"1543","Iye13Eur","Roz11Ame",0.312700085684486
"483","Bos08Reg","XuZ09Urb",0.312774361022315
"1243","Gan06Eco","Nis08Jou",0.312840787615421
"141","And05Reg","Dim09Urb",0.312881531827249
"257","Bat01Urb","Cam90Jou",0.31294658649343
"267","Bat01Urb","Gab11Jou",0.31294658649343
"268","Bat01Urb","Gab99Qua",0.31294658649343
"279","Bat01Urb","Knu01Ame",0.31294658649343
"281","Bat01Urb","Kru96Jou",0.31294658649343
"292","Bat01Urb","Nau03Jou",0.31294658649343
"294","Bat01Urb","Oka79Reg",0.31294658649343
"307","Bat01Urb","Sua80Jou",0.31294658649343
"282","Bat01Urb","Kum14Jou",0.313849244412465
"1044","Ett87Env","XuZ09Urb",0.313994975655853
"1493","Ign15Dis","Li_16Wor",0.315196792919001
"1731","Li_16Wor","Mal80Env",0.315295783961099
"1394","Gue95Urb","Mor13Tex",0.316428364928209
"838","Del04Con","Nis08Jou",0.3164378949856
"542","Bre00Cyb","Cam90Jou",0.316834332878006
"552","Bre00Cyb","Gab11Jou",0.316834332878006
"553","Bre00Cyb","Gab99Qua",0.316834332878006
"564","Bre00Cyb","Knu01Ame",0.316834332878006
"566","Bre00Cyb","Kru96Jou",0.316834332878006
"577","Bre00Cyb","Nau03Jou",0.316834332878006
"579","Bre00Cyb","Oka79Reg",0.316834332878006
"592","Bre00Cyb","Sua80Jou",0.316834332878006
"538","Bra99Jou","Ven13Oec",0.316973100805845
"1539","Iye13Eur","Pen10Phy",0.317132722015947
"1078","Ezz15Rev","Pop74Sov",0.317251017270914
"1510","Ign15Dis","Roz11Ame",0.317328247872502
"1444","Gul12Age","Son02Urb",0.317369729977743
"1795","Mal80Env","Roz11Ame",0.3174272389146
"836","Del04Con","Mor13Tow",0.317654258195997
"205","Ara14Eco","Ezz15Rev",0.318704962675924
"913","Dim09Urb","Gie10Jou",0.318810648330209
"16","Alp89Jou","Dim09Urb",0.319532142485347
"902","Del13Eur","Ven13Oec",0.320081295335123
"948","Dim09Urb","Soo07Urb",0.320565405880302
"1241","Gan06Eco","Mor13Tow",0.321251365566176
"604","Bre15Int","Ezz15Rev",0.321768988543357
"1832","Mir86Urb","Nis08Jou",0.322558433291929
"694","Cam90Jou","Sch12Reg",0.323928082947567
"1169","Gab11Jou","Sch12Reg",0.323928082947567
"1211","Gab99Qua","Sch12Reg",0.323928082947567
"1607","Knu01Ame","Sch12Reg",0.323928082947567
"1666","Kru96Jou","Sch12Reg",0.323928082947567
"1919","Nau03Jou","Sch12Reg",0.323928082947567
"1952","Oka79Reg","Sch12Reg",0.323928082947567
"2049","Sch12Reg","Sua80Jou",0.323928082947567
"2020","Pum15Cyb","Soo05Reg",0.324365705226108
"401","Bla03Jou","Li_16Wor",0.324489861040008
"877","Del13Eur","LeG08Emp",0.324589671217647
"482","Bos08Reg","Ven13Oec",0.32471171601813
"1401","Gue95Urb","Pen10Phy",0.324817168512638
"1622","Kra98Urb","Man16Reg",0.325509532437221
"1043","Ett87Env","Ven13Oec",0.325932330651668
"1070","Ezz15Rev","Mor13Tex",0.326492429893538
"418","Bla03Jou","Roz11Ame",0.326621315993509
"1626","Kra98Urb","Mor13Tow",0.327025131197686
"890","Del13Eur","Par85Jou",0.327551003015311
"539","Bra99Jou","XuZ09Urb",0.32891045580166
"457","Bos08Reg","LeG08Emp",0.329220091900655
"1018","Ett87Env","LeG08Emp",0.330440706534193
"95","Ama14Int","Kam90Jou",0.330455761652302
"1237","Gan06Eco","Man16Reg",0.331283298068731
"612","Bre15Int","Gue95Urb",0.331833053508686
"470","Bos08Reg","Par85Jou",0.332181423698318
"1936","Nis08Jou","Sch12Reg",0.33277039214035
"961","Eec04The","Gon10Jou",0.33300088097556
"130","And05Reg","Ber12Cit",0.333187606524255
"1031","Ett87Env","Par85Jou",0.333402038331857
"2010","Pop74Sov","Soo07Urb",0.333469963735446
"868","Del13Eur","Gul12Age",0.33376773213118
"680","Cam90Jou","Mir86Urb",0.334140041795988
"1155","Gab11Jou","Mir86Urb",0.334140041795988
"1197","Gab99Qua","Mir86Urb",0.334140041795988
"1593","Knu01Ame","Mir86Urb",0.334140041795988
"1652","Kru96Jou","Mir86Urb",0.334140041795988
"1831","Mir86Urb","Nau03Jou",0.334140041795988
"1833","Mir86Urb","Oka79Reg",0.334140041795988
"1846","Mir86Urb","Sua80Jou",0.334140041795988
"52","Alp89Jou","Pop74Sov",0.334503227130401
"832","Del04Con","Man16Reg",0.33488040543891
"1077","Ezz15Rev","Pen10Phy",0.334881233477967
"246","Ara14Eco","Soo07Urb",0.334923909140456
"1327","Gie10Jou","Pop74Sov",0.335224721285538
"3","Alp89Jou","Ara14Eco",0.335957172535411
"2019","Pum15Cyb","Son02Urb",0.336471698938088
"530","Bra99Jou","Ros80Jou",0.336577606391522
"211","Ara14Eco","Gie10Jou",0.336678666690549
"907","Dim09Urb","Ezz15Rev",0.336784352344833
"448","Bos08Reg","Gul12Age",0.338398152814188
"722","Cie16Mis","Kam90Jou",0.338675383155697
"330","Ber12Cit","Gie10Jou",0.339116723027215
"616","Bre15Int","Iye13Eur",0.339517500005376
"1009","Ett87Env","Gul12Age",0.339618767447726
"5","Alp89Jou","Ber12Cit",0.339838217182353
"578","Bre00Cyb","Nis08Jou",0.339864142209912
"1745","Li_16Wor","Ros80Jou",0.339909822262693
"652","Cam90Jou","Del04Con",0.340260580102318
"812","Del04Con","Gab11Jou",0.340260580102318
"813","Del04Con","Gab99Qua",0.340260580102318
"824","Del04Con","Knu01Ame",0.340260580102318
"826","Del04Con","Kru96Jou",0.340260580102318
"837","Del04Con","Nau03Jou",0.340260580102318
"839","Del04Con","Oka79Reg",0.340260580102318
"852","Del04Con","Sua80Jou",0.340260580102318
"365","Ber12Cit","Soo07Urb",0.340871480577308
"1805","Man16Reg","Mir86Urb",0.341000943745239
"177","And05Reg","Pop74Sov",0.341153837788499
"2026","Ros80Jou","Roz11Ame",0.342041277216195
"128","And05Reg","Ara14Eco",0.342607783193509
"1886","Mor13Tex","Soo07Urb",0.34271137635807
"1445","Gul12Age","Soo05Reg",0.343467674186453
"44","Alp89Jou","Mor13Tex",0.343744639753025
"293","Bat01Urb","Nis08Jou",0.343751888594487
"661","Cam90Jou","Gan06Eco",0.343857687472497
"1136","Gab11Jou","Gan06Eco",0.343857687472497
"1178","Gab99Qua","Gan06Eco",0.343857687472497
"1229","Gan06Eco","Knu01Ame",0.343857687472497
"1231","Gan06Eco","Kru96Jou",0.343857687472497
"1242","Gan06Eco","Nau03Jou",0.343857687472497
"1244","Gan06Eco","Oka79Reg",0.343857687472497
"1257","Gan06Eco","Sua80Jou",0.343857687472497
"615","Bre15Int","Ign15Dis",0.344145662193392
"625","Bre15Int","Mal80Env",0.34424465323549
"1319","Gie10Jou","Mor13Tex",0.344466133908163
"1354","Gon10Jou","Man16Reg",0.344686118015484
"1687","Kum14Jou","Par83Jou",0.344928656134268
"1268","Gan13Eco","Kam90Jou",0.345157161181176
"1099","Faz15Jou","Hol10Nat",0.34541592271751
"1563","Kam90Jou","Mod15Qua",0.345522329901218
"915","Dim09Urb","Gue95Urb",0.346848417310162
"1577","Kam90Jou","She12Com",0.347357041778796
"1754","Li_16Wor","XuZ09Urb",0.347576972852555
"170","And05Reg","Mor13Tow",0.347910248186372
"1472","Hol10Nat","Pen10Phy",0.347959942643878
"672","Cam90Jou","Kra98Urb",0.349631453104006
"1147","Gab11Jou","Kra98Urb",0.349631453104006
"1189","Gab99Qua","Kra98Urb",0.349631453104006
"1585","Knu01Ame","Kra98Urb",0.349631453104006
"1616","Kra98Urb","Kru96Jou",0.349631453104006
"1627","Kra98Urb","Nau03Jou",0.349631453104006
"1629","Kra98Urb","Oka79Reg",0.349631453104006
"1642","Kra98Urb","Sua80Jou",0.349631453104006
"1984","Par85Jou","Soo05Reg",0.349684403302323
"2043","Roz11Ame","XuZ09Urb",0.349708427806057
"169","And05Reg","Mor13Tex",0.350395250411123
"1998","Pen10Phy","Soo07Urb",0.351100179942498
"1819","Man16Reg","Sch12Reg",0.35121290259366
"371","Bla03Jou","Bra99Jou",0.351997567614208
"51","Alp89Jou","Pen10Phy",0.352133443337453
"1724","LeG08Emp","Soo05Reg",0.352645735099987
"1326","Gie10Jou","Pen10Phy",0.352854937492591
"893","Del13Eur","Pum15Cyb",0.352869701091526
"373","Bla03Jou","Bre15Int",0.353438730314399
"1320","Gie10Jou","Mor13Tow",0.353839364689333
"919","Dim09Urb","Iye13Eur",0.354532863806853
"45","Alp89Jou","Mor13Tow",0.35456085884447
"1905","Mor13Tow","Soo07Urb",0.355594122239425
"1465","Hol10Nat","Mor13Tex",0.356348746228306
"324","Ber12Cit","Ezz15Rev",0.35709042704184
"2068","Soo05Reg","Ven13Oec",0.357154110982511
"473","Bos08Reg","Pum15Cyb",0.357500121774533
"572","Bre00Cyb","Man16Reg",0.358306652663222
"1034","Ett87Env","Pum15Cyb",0.358720736408072
"176","And05Reg","Pen10Phy",0.358784053995551
"918","Dim09Urb","Ign15Dis",0.359161025994869
"928","Dim09Urb","Mal80Env",0.359260017036967
"1753","Li_16Wor","Ven13Oec",0.359514327848371
"516","Bra99Jou","Mal80Env",0.361191644693117
"506","Bra99Jou","Ign15Dis",0.361290635735215
"799","Cra05Con","Son02Urb",0.361420665036463
"2042","Roz11Ame","Ven13Oec",0.361645782801872
"1633","Kra98Urb","Pop74Sov",0.362038954777185
"287","Bat01Urb","Man16Reg",0.362194399047797
"1360","Gon10Jou","Nis08Jou",0.363128628468794
"220","Ara14Eco","Kra98Urb",0.363492900182196
"1703","LeG08Emp","Li_16Wor",0.364022703730895
"215","Ara14Eco","Hol10Nat",0.36413621344592
"1473","Hol10Nat","Pop74Sov",0.36559015885093
"507","Bra99Jou","Iye13Eur",0.365918797923231
"1720","LeG08Emp","Roz11Ame",0.366154158684397
"1741","Li_16Wor","Par85Jou",0.366984035528559
"332","Ber12Cit","Gue95Urb",0.367154492007169
"1248","Gan06Eco","Pop74Sov",0.367812720408695
"99","Ama14Int","Kum14Jou",0.368104691667195
"379","Bla03Jou","Dim09Urb",0.368454094115876
"639","Bre15Int","Ros80Jou",0.368858691537084
"2069","Soo05Reg","XuZ09Urb",0.369091465978327
"1980","Par85Jou","Roz11Ame",0.369115490482061
"209","Ara14Eco","Gan06Eco",0.369266665813705
"136","And05Reg","Cam90Jou",0.370516570092693
"146","And05Reg","Gab11Jou",0.370516570092693
"147","And05Reg","Gab99Qua",0.370516570092693
"158","And05Reg","Knu01Ame",0.370516570092693
"160","And05Reg","Kru96Jou",0.370516570092693
"171","And05Reg","Nau03Jou",0.370516570092693
"173","And05Reg","Oka79Reg",0.370516570092693
"186","And05Reg","Sua80Jou",0.370516570092693
"1625","Kra98Urb","Mor13Tex",0.371280367399809
"843","Del04Con","Pop74Sov",0.371409827778874
"1071","Ezz15Rev","Mor13Tow",0.371813068703957
"200","Ara14Eco","Del04Con",0.372863773183884
"1424","Gul12Age","Li_16Wor",0.373200764644429
"503","Bra99Jou","Gue95Urb",0.373603244419921
"1929","Nis08Jou","Par83Jou",0.374831300316291
"336","Ber12Cit","Iye13Eur",0.374838938503859
"1441","Gul12Age","Roz11Ame",0.37533221959793
"726","Cie16Mis","Kum14Jou",0.376324313170589
"663","Cam90Jou","Gie10Jou",0.376445686595653
"1138","Gab11Jou","Gie10Jou",0.376445686595653
"1180","Gab99Qua","Gie10Jou",0.376445686595653
"1308","Gie10Jou","Knu01Ame",0.376445686595653
"1310","Gie10Jou","Kru96Jou",0.376445686595653
"1321","Gie10Jou","Nau03Jou",0.376445686595653
"1323","Gie10Jou","Oka79Reg",0.376445686595653
"1336","Gie10Jou","Sua80Jou",0.376445686595653
"648","Bre15Int","XuZ09Urb",0.376525842126946
"2030","Ros80Jou","Soo05Reg",0.376758616568189
"1240","Gan06Eco","Mor13Tex",0.377054133031319
"11","Alp89Jou","Cam90Jou",0.377167180750791
"21","Alp89Jou","Gab11Jou",0.377167180750791
"22","Alp89Jou","Gab99Qua",0.377167180750791
"33","Alp89Jou","Knu01Ame",0.377167180750791
"35","Alp89Jou","Kru96Jou",0.377167180750791
"46","Alp89Jou","Nau03Jou",0.377167180750791
"48","Alp89Jou","Oka79Reg",0.377167180750791
"61","Alp89Jou","Sua80Jou",0.377167180750791
"1837","Mir86Urb","Pop74Sov",0.377530366085204
"756","Cra05Con","Del13Eur",0.377818667189901
"698","Cam90Jou","Soo07Urb",0.378200444145746
"1173","Gab11Jou","Soo07Urb",0.378200444145746
"1215","Gab99Qua","Soo07Urb",0.378200444145746
"1611","Knu01Ame","Soo07Urb",0.378200444145746
"1670","Kru96Jou","Soo07Urb",0.378200444145746
"1923","Nau03Jou","Soo07Urb",0.378200444145746
"1956","Oka79Reg","Soo07Urb",0.378200444145746
"2071","Soo07Urb","Sua80Jou",0.378200444145746
"228","Ara14Eco","Mir86Urb",0.378984311490214
"335","Ber12Cit","Ign15Dis",0.379467100691875
"345","Ber12Cit","Mal80Env",0.379566091733973
"1632","Kra98Urb","Pen10Phy",0.379669170984238
"835","Del04Con","Mor13Tex",0.380651240401498
"1395","Gue95Urb","Mor13Tow",0.381877133669286
"433","Bos08Reg","Cra05Con",0.382449087872908
"1272","Gan13Eco","Kum14Jou",0.382806091196068
"495","Bra99Jou","Ezz15Rev",0.38366730938525
"759","Cra05Con","Ett87Env",0.383669702506446
"942","Dim09Urb","Ros80Jou",0.383874055338561
"1695","Kum14Jou","She12Com",0.385005971793689
"1247","Gan06Eco","Pen10Phy",0.385442936615747
"1829","Mir86Urb","Mor13Tex",0.386771778707828
"2006","Pop74Sov","Sch12Reg",0.387742324933625
"647","Bre15Int","Ven13Oec",0.388463197122762
"311","Ber12Cit","Bla03Jou",0.388760168812882
"842","Del04Con","Pen10Phy",0.389040043985926
"242","Ara14Eco","Sch12Reg",0.389196270338635
"1533","Iye13Eur","Mor13Tow",0.389561580165976
"951","Dim09Urb","XuZ09Urb",0.391541205928423
"422","Bla03Jou","Soo05Reg",0.392178577790874
"1744","Li_16Wor","Pum15Cyb",0.392302733604774
"622","Bre15Int","LeG08Emp",0.392971573005286
"1349","Gon10Jou","Kum14Jou",0.393031272650817
"1812","Man16Reg","Par83Jou",0.393273810769601
"1500","Ign15Dis","Mor13Tow",0.394189742353992
"1785","Mal80Env","Mor13Tow",0.39428873339609
"657","Cam90Jou","Ezz15Rev",0.394419390610277
"1047","Ezz15Rev","Gab11Jou",0.394419390610277
"1048","Ezz15Rev","Gab99Qua",0.394419390610277
"1059","Ezz15Rev","Knu01Ame",0.394419390610277
"1061","Ezz15Rev","Kru96Jou",0.394419390610277
"1072","Ezz15Rev","Nau03Jou",0.394419390610277
"1074","Ezz15Rev","Oka79Reg",0.394419390610277
"1087","Ezz15Rev","Sua80Jou",0.394419390610277
"2016","Pum15Cyb","Roz11Ame",0.394434188558276
"583","Bre00Cyb","Pop74Sov",0.394836075003186
"1836","Mir86Urb","Pen10Phy",0.395160582292256
"635","Bre15Int","Par85Jou",0.39593290480295
"195","Ara14Eco","Bre00Cyb",0.396290020408196
"1882","Mor13Tex","Sch12Reg",0.396983737556249
"110","Ama14Int","Nis08Jou",0.398007335849217
"298","Bat01Urb","Pop74Sov",0.398723821387762
"536","Bra99Jou","Soo07Urb",0.399886255849782
"190","Ara14Eco","Bat01Urb",0.400177766792772
"8","Alp89Jou","Bra99Jou",0.400919519244736
"1799","Mal80Env","Soo05Reg",0.401372654869783
"1514","Ign15Dis","Soo05Reg",0.401471645911881
"501","Bra99Jou","Gie10Jou",0.401641013399874
"1462","Hol10Nat","Man16Reg",0.402119581190895
"613","Bre15Int","Gul12Age",0.40214963391882
"1096","Faz15Jou","Gon10Jou",0.402849385892921
"950","Dim09Urb","Ven13Oec",0.403478560924239
"408","Bla03Jou","Mor13Tow",0.403482810474999
"575","Bre00Cyb","Mor13Tex",0.40407748762581
"359","Ber12Cit","Ros80Jou",0.404180130035567
"665","Cam90Jou","Gue95Urb",0.404483455575606
"1140","Gab11Jou","Gue95Urb",0.404483455575606
"1182","Gab99Qua","Gue95Urb",0.404483455575606
"1383","Gue95Urb","Knu01Ame",0.404483455575606
"1385","Gue95Urb","Kru96Jou",0.404483455575606
"1396","Gue95Urb","Nau03Jou",0.404483455575606
"1398","Gue95Urb","Oka79Reg",0.404483455575606
"1411","Gue95Urb","Sua80Jou",0.404483455575606
"1994","Pen10Phy","Sch12Reg",0.405372541140677
"1547","Iye13Eur","Soo05Reg",0.406099808099897
"737","Cie16Mis","Nis08Jou",0.406226957352612
"133","And05Reg","Bra99Jou",0.407570129902834
"290","Bat01Urb","Mor13Tex",0.407965234010386
"925","Dim09Urb","LeG08Emp",0.407986936806763
"938","Dim09Urb","Par85Jou",0.410948268604427
"368","Ber12Cit","XuZ09Urb",0.411847280625429
"669","Cam90Jou","Iye13Eur",0.412167902072297
"1144","Gab11Jou","Iye13Eur",0.412167902072297
"1186","Gab99Qua","Iye13Eur",0.412167902072297
"1521","Iye13Eur","Knu01Ame",0.412167902072297
"1523","Iye13Eur","Kru96Jou",0.412167902072297
"1534","Iye13Eur","Nau03Jou",0.412167902072297
"1536","Iye13Eur","Oka79Reg",0.412167902072297
"1549","Iye13Eur","Sua80Jou",0.412167902072297
"582","Bre00Cyb","Pen10Phy",0.412466291210239
"1283","Gan13Eco","Nis08Jou",0.412708735378091
"1409","Gue95Urb","Soo05Reg",0.413784254596587
"1937","Nis08Jou","She12Com",0.414908615975712
"784","Cra05Con","Mod15Qua",0.415818259747759
"297","Bat01Urb","Pen10Phy",0.416354037594814
"104","Ama14Int","Man16Reg",0.416449846302527
"668","Cam90Jou","Ign15Dis",0.416796064260313
"1143","Gab11Jou","Ign15Dis",0.416796064260313
"1185","Gab99Qua","Ign15Dis",0.416796064260313
"1488","Ign15Dis","Knu01Ame",0.416796064260313
"1490","Ign15Dis","Kru96Jou",0.416796064260313
"1501","Ign15Dis","Nau03Jou",0.416796064260313
"1503","Ign15Dis","Oka79Reg",0.416796064260313
"1516","Ign15Dis","Sua80Jou",0.416796064260313
"678","Cam90Jou","Mal80Env",0.416895055302411
"1153","Gab11Jou","Mal80Env",0.416895055302411
"1195","Gab99Qua","Mal80Env",0.416895055302411
"1591","Knu01Ame","Mal80Env",0.416895055302411
"1650","Kru96Jou","Mal80Env",0.416895055302411
"1786","Mal80Env","Nau03Jou",0.416895055302411
"1788","Mal80Env","Oka79Reg",0.416895055302411
"1801","Mal80Env","Sua80Jou",0.416895055302411
"2070","Soo05Reg","Ziq16Asi",0.416913312937276
"916","Dim09Urb","Gul12Age",0.417164997720296
"779","Cra05Con","Li_16Wor",0.417251699703149
"978","Eec04The","Mod15Qua",0.418158753740052
"1899","Mor13Tow","Ros80Jou",0.418902771697685
"796","Cra05Con","Roz11Ame",0.41938315465665
"1468","Hol10Nat","Nis08Jou",0.420562091644205
"638","Bre15Int","Pum15Cyb",0.421251602879165
"367","Ber12Cit","Ven13Oec",0.423784635621245
"1085","Ezz15Rev","Soo05Reg",0.423848319561916
"731","Cie16Mis","Man16Reg",0.424669467805922
"374","Bla03Jou","Cam90Jou",0.42608913238132
"384","Bla03Jou","Gab11Jou",0.42608913238132
"385","Bla03Jou","Gab99Qua",0.42608913238132
"396","Bla03Jou","Knu01Ame",0.42608913238132
"398","Bla03Jou","Kru96Jou",0.42608913238132
"409","Bla03Jou","Nau03Jou",0.42608913238132
"411","Bla03Jou","Oka79Reg",0.42608913238132
"424","Bla03Jou","Sua80Jou",0.42608913238132
"1908","Mor13Tow","XuZ09Urb",0.426569922287547
"342","Ber12Cit","LeG08Emp",0.42829301150377
"510","Bra99Jou","Kra98Urb",0.428455246891521
"1963","Par83Jou","Pop74Sov",0.429803233109565
"1345","Gon10Jou","Kam90Jou",0.430680202665709
"1277","Gan13Eco","Man16Reg",0.431151245831401
"355","Ber12Cit","Par85Jou",0.431254343301433
"235","Ara14Eco","Par83Jou",0.431257178514575
"1578","Kam90Jou","Son02Urb",0.431716594883004
"1820","Man16Reg","She12Com",0.433351126429021
"499","Bra99Jou","Gan06Eco",0.434229012523031
"941","Dim09Urb","Pum15Cyb",0.436266966680642
"333","Ber12Cit","Gul12Age",0.437471072417303
"490","Bra99Jou","Del04Con",0.43782611989321
"1907","Mor13Tow","Ven13Oec",0.438507277283362
"1875","Mor13Tex","Par83Jou",0.439044645732189
"2066","Soo05Reg","Soo07Urb",0.440067266026448
"1859","Mod15Qua","Pum15Cyb",0.440767225846134
"59","Alp89Jou","Soo05Reg",0.441100529421403
"692","Cam90Jou","Ros80Jou",0.441509093604005
"1167","Gab11Jou","Ros80Jou",0.441509093604005
"1209","Gab99Qua","Ros80Jou",0.441509093604005
"1605","Knu01Ame","Ros80Jou",0.441509093604005
"1664","Kru96Jou","Ros80Jou",0.441509093604005
"1917","Nau03Jou","Ros80Jou",0.441509093604005
"1950","Oka79Reg","Ros80Jou",0.441509093604005
"2032","Ros80Jou","Sua80Jou",0.441509093604005
"1334","Gie10Jou","Soo05Reg",0.441822023576541
"1710","LeG08Emp","Mor13Tow",0.443015653165887
"518","Bra99Jou","Mir86Urb",0.443946658199539
"1895","Mor13Tow","Par85Jou",0.44597698496355
"598","Bre15Int","Cra05Con",0.44620056897754
"1962","Par83Jou","Pen10Phy",0.447433449316618
"184","And05Reg","Soo05Reg",0.447751140079501
"872","Del13Eur","Kam90Jou",0.448114597036442
"701","Cam90Jou","XuZ09Urb",0.449176244193867
"1176","Gab11Jou","XuZ09Urb",0.449176244193867
"1218","Gab99Qua","XuZ09Urb",0.449176244193867
"1614","Knu01Ame","XuZ09Urb",0.449176244193867
"1673","Kru96Jou","XuZ09Urb",0.449176244193867
"1926","Nau03Jou","XuZ09Urb",0.449176244193867
"1959","Oka79Reg","XuZ09Urb",0.449176244193867
"2076","Sua80Jou","XuZ09Urb",0.449176244193867
"1457","Hol10Nat","Kum14Jou",0.450464735826228
"1431","Gul12Age","Mor13Tow",0.45219371407942
"452","Bos08Reg","Kam90Jou",0.45274501771945
"115","Ama14Int","Pop74Sov",0.452979268642492
"1013","Ett87Env","Kam90Jou",0.453965632352988
"532","Bra99Jou","Sch12Reg",0.45415861704796
"66","Ama14Int","Ara14Eco",0.454433214047502
"358","Ber12Cit","Pum15Cyb",0.456573041377648
"540","Bra99Jou","Ziq16Asi",0.457094323113942
"1429","Gul12Age","Mod15Qua",0.459869194806479
"700","Cam90Jou","Ven13Oec",0.461113599189683
"1175","Gab11Jou","Ven13Oec",0.461113599189683
"1217","Gab99Qua","Ven13Oec",0.461113599189683
"1613","Knu01Ame","Ven13Oec",0.461113599189683
"1672","Kru96Jou","Ven13Oec",0.461113599189683
"1925","Nau03Jou","Ven13Oec",0.461113599189683
"1958","Oka79Reg","Ven13Oec",0.461113599189683
"2075","Sua80Jou","Ven13Oec",0.461113599189683
"742","Cie16Mis","Pop74Sov",0.461198890145886
"757","Cra05Con","Dim09Urb",0.461215932779017
"485","Bra99Jou","Bre00Cyb",0.461252367117522
"107","Ama14Int","Mor13Tex",0.462220681265116
"198","Ara14Eco","Cie16Mis",0.462652835550897
"254","Bat01Urb","Bra99Jou",0.465140113502098
"675","Cam90Jou","LeG08Emp",0.465621975072207
"1150","Gab11Jou","LeG08Emp",0.465621975072207
"1192","Gab99Qua","LeG08Emp",0.465621975072207
"1588","Knu01Ame","LeG08Emp",0.465621975072207
"1647","Kru96Jou","LeG08Emp",0.465621975072207
"1711","LeG08Emp","Nau03Jou",0.465621975072207
"1713","LeG08Emp","Oka79Reg",0.465621975072207
"1726","LeG08Emp","Sua80Jou",0.465621975072207
"1856","Mod15Qua","Par85Jou",0.466085923922349
"1288","Gan13Eco","Pop74Sov",0.467680668171365
"688","Cam90Jou","Par85Jou",0.468583306869871
"1163","Gab11Jou","Par85Jou",0.468583306869871
"1205","Gab99Qua","Par85Jou",0.468583306869871
"1601","Knu01Ame","Par85Jou",0.468583306869871
"1660","Kru96Jou","Par85Jou",0.468583306869871
"1913","Nau03Jou","Par85Jou",0.468583306869871
"1946","Oka79Reg","Par85Jou",0.468583306869871
"1986","Par85Jou","Sua80Jou",0.468583306869871
"1640","Kra98Urb","Soo05Reg",0.468636257068187
"1708","LeG08Emp","Mod15Qua",0.469047255720012
"210","Ara14Eco","Gan13Eco",0.469134613576376
"1696","Kum14Jou","Son02Urb",0.469365524897897
"2007","Pop74Sov","She12Com",0.469880548768986
"734","Cie16Mis","Mor13Tex",0.470440302768511
"114","Ama14Int","Pen10Phy",0.470609484849544
"1898","Mor13Tow","Pum15Cyb",0.471295683039765
"243","Ara14Eco","She12Com",0.471334494173996
"1868","Mod15Qua","Ven13Oec",0.473555631602537
"1255","Gan06Eco","Soo05Reg",0.474410022699697
"666","Cam90Jou","Gul12Age",0.47480003598574
"1141","Gab11Jou","Gul12Age",0.47480003598574
"1183","Gab99Qua","Gul12Age",0.47480003598574
"1419","Gul12Age","Knu01Ame",0.47480003598574
"1421","Gul12Age","Kru96Jou",0.47480003598574
"1432","Gul12Age","Nau03Jou",0.47480003598574
"1434","Gul12Age","Oka79Reg",0.47480003598574
"1447","Gul12Age","Sua80Jou",0.47480003598574
"1280","Gan13Eco","Mor13Tex",0.47692208079399
"850","Del04Con","Soo05Reg",0.478007130069876
"741","Cie16Mis","Pen10Phy",0.478829106352939
"1883","Mor13Tex","She12Com",0.47912196139161
"318","Ber12Cit","Cra05Con",0.481522007476023
"1844","Mir86Urb","Soo05Reg",0.484127668376206
"1287","Gan13Eco","Pen10Phy",0.485310884378418
"1869","Mod15Qua","XuZ09Urb",0.485492986598353
"876","Del13Eur","Kum14Jou",0.485763527051334
"1995","Pen10Phy","She12Com",0.487510764976039
"1558","Kam90Jou","Li_16Wor",0.48754762954969
"1113","Faz15Jou","Mod15Qua",0.488007258657413
"1453","Hol10Nat","Kam90Jou",0.48811366584112
"1575","Kam90Jou","Roz11Ame",0.489679084503192
"456","Bos08Reg","Kum14Jou",0.490393947734342
"1017","Ett87Env","Kum14Jou",0.49161456236788
"1860","Mod15Qua","Ros80Jou",0.493160137188214
"691","Cam90Jou","Pum15Cyb",0.493902004946086
"1166","Gab11Jou","Pum15Cyb",0.493902004946086
"1208","Gab99Qua","Pum15Cyb",0.493902004946086
"1604","Knu01Ame","Pum15Cyb",0.493902004946086
"1663","Kru96Jou","Pum15Cyb",0.493902004946086
"1916","Nau03Jou","Pum15Cyb",0.493902004946086
"1949","Oka79Reg","Pum15Cyb",0.493902004946086
"2022","Pum15Cyb","Sua80Jou",0.493902004946086
"2047","Sch12Reg","Soo05Reg",0.494339627224627
"525","Bra99Jou","Par83Jou",0.496219525223901
"786","Cra05Con","Mor13Tow",0.49624464913814
"1938","Nis08Jou","Son02Urb",0.49926816907992
"767","Cra05Con","Gon10Jou",0.500976132512251
"590","Bre00Cyb","Soo05Reg",0.501433377294188
"305","Bat01Urb","Soo05Reg",0.505321123678764
"2002","Pen10Phy","Ziq16Asi",0.505880399021225
"406","Bla03Jou","Mod15Qua",0.5085800984109
"1890","Mor13Tex","Ziq16Asi",0.514269202605654
"887","Del13Eur","Nis08Jou",0.515666171233357
"617","Bre15Int","Kam90Jou",0.516496498824081
"1821","Man16Reg","Son02Urb",0.517710679533229
"1783","Mal80Env","Mod15Qua",0.517774175489809
"1498","Ign15Dis","Mod15Qua",0.517873166531907
"651","Cam90Jou","Cra05Con",0.518850971044461
"762","Cra05Con","Gab11Jou",0.518850971044461
"763","Cra05Con","Gab99Qua",0.518850971044461
"774","Cra05Con","Knu01Ame",0.518850971044461
"776","Cra05Con","Kru96Jou",0.518850971044461
"787","Cra05Con","Nau03Jou",0.518850971044461
"789","Cra05Con","Oka79Reg",0.518850971044461
"802","Cra05Con","Sua80Jou",0.518850971044461
"71","Ama14Int","Bra99Jou",0.519395560756828
"467","Bos08Reg","Nis08Jou",0.520296591916365
"1028","Ett87Env","Nis08Jou",0.521517206549903
"250","Ara14Eco","Ziq16Asi",0.522056669823267
"1531","Iye13Eur","Mod15Qua",0.522501328719923
"2014","Pop74Sov","Ziq16Asi",0.523510615228278
"1676","Kum14Jou","Li_16Wor",0.525196559564583
"1366","Gon10Jou","Pum15Cyb",0.525925098610626
"1693","Kum14Jou","Roz11Ame",0.527328014518084
"488","Bra99Jou","Cie16Mis",0.527615182260222
"1393","Gue95Urb","Mod15Qua",0.530185775216613
"920","Dim09Urb","Kam90Jou",0.531511862625558
"500","Bra99Jou","Gan13Eco",0.534096960285701
"881","Del13Eur","Man16Reg",0.534108681686667
"994","Eec04The","Soo05Reg",0.534560274360078
"533","Bra99Jou","She12Com",0.536296840883322
"1970","Par83Jou","Soo05Reg",0.536400535400567
"461","Bos08Reg","Man16Reg",0.538739102369675
"1022","Ett87Env","Man16Reg",0.539959717003213
"1069","Ezz15Rev","Mod15Qua",0.540249840181942
"1341","Gon10Jou","Gul12Age",0.545027067570971
"1363","Gon10Jou","Par85Jou",0.551243796686841
"337","Ber12Cit","Kam90Jou",0.551817937322564
"621","Bre15Int","Kum14Jou",0.554145428838974
"1350","Gon10Jou","LeG08Emp",0.554205128484504
"2008","Pop74Sov","Son02Urb",0.554240101873194
"1738","Li_16Wor","Nis08Jou",0.555099203746605
"244","Ara14Eco","Son02Urb",0.555694047278204
"1866","Mod15Qua","Soo07Urb",0.556468786646474
"1935","Nis08Jou","Roz11Ame",0.557230658700107
"43","Alp89Jou","Mod15Qua",0.557502050041429
"1318","Gie10Jou","Mod15Qua",0.558223544196567
"770","Cra05Con","Hol10Nat",0.558409595687661
"1375","Gon10Jou","Ven13Oec",0.558713504367029
"122","Ama14Int","Soo05Reg",0.559576570933494
"1827","Man16Reg","Ziq16Asi",0.560040037568242
"1884","Mor13Tex","Son02Urb",0.563481514495818
"168","And05Reg","Mod15Qua",0.564152660699527
"1565","Kam90Jou","Mor13Tow",0.566540578984681
"749","Cie16Mis","Soo05Reg",0.567796192436889
"924","Dim09Urb","Kum14Jou",0.56916079264045
"892","Del13Eur","Pop74Sov",0.570638104026632
"1376","Gon10Jou","XuZ09Urb",0.570650859362844
"1996","Pen10Phy","Son02Urb",0.571870318080246
"201","Ara14Eco","Del13Eur",0.572092049431642
"1732","Li_16Wor","Man16Reg",0.573541714199915
"1295","Gan13Eco","Soo05Reg",0.574277970462368
"493","Bra99Jou","Eec04The",0.574741284536744
"472","Bos08Reg","Pop74Sov",0.575268524709639
"1818","Man16Reg","Roz11Ame",0.575673169153417
"2054","She12Com","Soo05Reg",0.576477851059988
"1033","Ett87Env","Pop74Sov",0.576489139343177
"193","Ara14Eco","Bos08Reg",0.576722470114649
"204","Ara14Eco","Ett87Env",0.577943084748188
"1367","Gon10Jou","Ros80Jou",0.578318009952706
"1944","Nis08Jou","Ziq16Asi",0.578482548021552
"884","Del13Eur","Mor13Tex",0.579879516649256
"1474","Hol10Nat","Pum15Cyb",0.583358561786036
"632","Bre15Int","Nis08Jou",0.584048073020996
"464","Bos08Reg","Mor13Tex",0.584509937332263
"1624","Kra98Urb","Mod15Qua",0.585037777688213
"1025","Ett87Env","Mor13Tex",0.585730551965801
"891","Del13Eur","Pen10Phy",0.588268320233684
"670","Cam90Jou","Kam90Jou",0.589146900891002
"1145","Gab11Jou","Kam90Jou",0.589146900891002
"1187","Gab99Qua","Kam90Jou",0.589146900891002
"1553","Kam90Jou","Knu01Ame",0.589146900891002
"1555","Kam90Jou","Kru96Jou",0.589146900891002
"1566","Kam90Jou","Nau03Jou",0.589146900891002
"1568","Kam90Jou","Oka79Reg",0.589146900891002
"1581","Kam90Jou","Sua80Jou",0.589146900891002
"341","Ber12Cit","Kum14Jou",0.589466867337457
"1239","Gan06Eco","Mod15Qua",0.590811543319723
"471","Bos08Reg","Pen10Phy",0.592898740916692
"389","Bla03Jou","Gon10Jou",0.593737971175392
"1032","Ett87Env","Pen10Phy",0.59411935555023
"834","Del04Con","Mod15Qua",0.594408650689902
"935","Dim09Urb","Nis08Jou",0.599063436822473
"1828","Mir86Urb","Mod15Qua",0.600529188996232
"1415","Gul12Age","Hol10Nat",0.602460530746382
"626","Bre15Int","Man16Reg",0.602490583474306
"1353","Gon10Jou","Mal80Env",0.602932048254301
"1343","Gon10Jou","Ign15Dis",0.603031039296399
"1683","Kum14Jou","Mor13Tow",0.604189508999574
"1129","Faz15Jou","Soo05Reg",0.604408779277438
"1344","Gon10Jou","Iye13Eur",0.607659201484415
"1702","Kum14Jou","Ziq16Asi",0.608385192203575
"1471","Hol10Nat","Par85Jou",0.608677259862251
"1743","Li_16Wor","Pop74Sov",0.61007113653988
"1862","Mod15Qua","Sch12Reg",0.610741147844653
"224","Ara14Eco","Li_16Wor",0.61152508194489
"1458","Hol10Nat","LeG08Emp",0.611638591659915
"2005","Pop74Sov","Roz11Ame",0.612202591493381
"241","Ara14Eco","Roz11Ame",0.613656536898392
"1340","Gon10Jou","Gue95Urb",0.615343647981105
"1483","Hol10Nat","Ven13Oec",0.616146967542439
"929","Dim09Urb","Man16Reg",0.617505947275783
"574","Bre00Cyb","Mod15Qua",0.617834897914214
"1735","Li_16Wor","Mor13Tex",0.619312549162504
"352","Ber12Cit","Nis08Jou",0.619369511519479
"534","Bra99Jou","Son02Urb",0.62065639398753
"1881","Mor13Tex","Roz11Ame",0.621444004116006
"289","Bat01Urb","Mod15Qua",0.62172264429879
"986","Eec04The","Pen10Phy",0.623527360444028
"1052","Ezz15Rev","Gon10Jou",0.625407712946434
"674","Cam90Jou","Kum14Jou",0.626795830905894
"1149","Gab11Jou","Kum14Jou",0.626795830905894
"1191","Gab99Qua","Kum14Jou",0.626795830905894
"1587","Knu01Ame","Kum14Jou",0.626795830905894
"1646","Kru96Jou","Kum14Jou",0.626795830905894
"1684","Kum14Jou","Nau03Jou",0.626795830905894
"1686","Kum14Jou","Oka79Reg",0.626795830905894
"1699","Kum14Jou","Sua80Jou",0.626795830905894
"1742","Li_16Wor","Pen10Phy",0.627701352746932
"1484","Hol10Nat","XuZ09Urb",0.628084322538255
"1993","Pen10Phy","Roz11Ame",0.629832807700434
"979","Eec04The","Mor13Tex",0.631916164028456
"1892","Mor13Tow","Nis08Jou",0.634092153181597
"1475","Hol10Nat","Ros80Jou",0.635751473128117
"491","Bra99Jou","Del13Eur",0.637054396140967
"346","Ber12Cit","Man16Reg",0.637812021972789
"637","Bre15Int","Pop74Sov",0.639020005814271
"203","Ara14Eco","Eec04The",0.63970363124607
"196","Ara14Eco","Bre15Int",0.640473951219281
"987","Eec04The","Pop74Sov",0.64115757665108
"1373","Gon10Jou","Soo07Urb",0.641626659410966
"428","Bos08Reg","Bra99Jou",0.641684816823975
"26","Alp89Jou","Gon10Jou",0.642659922805921
"494","Bra99Jou","Ett87Env",0.642905431457513
"1301","Gie10Jou","Gon10Jou",0.643381416961058
"496","Bra99Jou","Faz15Jou",0.644589789454105
"1584","Kam90Jou","Ziq16Asi",0.646034122218467
"629","Bre15Int","Mor13Tex",0.648261418436895
"151","And05Reg","Gon10Jou",0.649310533464018
"392","Bla03Jou","Hol10Nat",0.651171434350802
"1808","Man16Reg","Mor13Tow",0.652534663634907
"1855","Mod15Qua","Par83Jou",0.652802056020593
"940","Dim09Urb","Pop74Sov",0.654035369615747
"202","Ara14Eco","Dim09Urb",0.655489315020758
"636","Bre15Int","Pen10Phy",0.656650222021323
"685","Cam90Jou","Nis08Jou",0.656698475087917
"1160","Gab11Jou","Nis08Jou",0.656698475087917
"1202","Gab99Qua","Nis08Jou",0.656698475087917
"1598","Knu01Ame","Nis08Jou",0.656698475087917
"1657","Kru96Jou","Nis08Jou",0.656698475087917
"1910","Nau03Jou","Nis08Jou",0.656698475087917
"1928","Nis08Jou","Oka79Reg",0.656698475087917
"1941","Nis08Jou","Sua80Jou",0.656698475087917
"1461","Hol10Nat","Mal80Env",0.660365511429711
"1451","Hol10Nat","Ign15Dis",0.660464502471809
"2060","Son02Urb","Soo05Reg",0.660837404164196
"932","Dim09Urb","Mor13Tex",0.663276782238372
"1452","Hol10Nat","Iye13Eur",0.665092664659825
"1347","Gon10Jou","Kra98Urb",0.670195650452705
"939","Dim09Urb","Pen10Phy",0.6716655858228
"1379","Gue95Urb","Hol10Nat",0.672777111156516
"357","Ber12Cit","Pop74Sov",0.674341444312754
"679","Cam90Jou","Man16Reg",0.675140985541227
"1154","Gab11Jou","Man16Reg",0.675140985541227
"1196","Gab99Qua","Man16Reg",0.675140985541227
"1592","Knu01Ame","Man16Reg",0.675140985541227
"1651","Kru96Jou","Man16Reg",0.675140985541227
"1809","Man16Reg","Nau03Jou",0.675140985541227
"1811","Man16Reg","Oka79Reg",0.675140985541227
"1824","Man16Reg","Sua80Jou",0.675140985541227
"191","Ara14Eco","Ber12Cit",0.675795389717764
"1222","Gan06Eco","Gon10Jou",0.675969416084215
"106","Ama14Int","Mod15Qua",0.67597809155352
"514","Bra99Jou","Li_16Wor",0.676487428654216
"899","Del13Eur","Soo05Reg",0.677235406317634
"976","Eec04The","Man16Reg",0.677686998991045
"531","Bra99Jou","Roz11Ame",0.678618883607717
"817","Del04Con","Gon10Jou",0.679566523454394
"479","Bos08Reg","Soo05Reg",0.681865827000641
"1055","Ezz15Rev","Hol10Nat",0.682841176121844
"1040","Ett87Env","Soo05Reg",0.68308644163418
"349","Ber12Cit","Mor13Tex",0.683582856935378
"733","Cie16Mis","Mod15Qua",0.684197713056915
"1355","Gon10Jou","Mir86Urb",0.685687061760723
"1897","Mor13Tow","Pop74Sov",0.689064085974871
"231","Ara14Eco","Mor13Tow",0.690518031379881
"1279","Gan13Eco","Mod15Qua",0.690679491082393
"356","Ber12Cit","Pen10Phy",0.691971660519806
"1863","Mod15Qua","She12Com",0.692879371680014
"1121","Faz15Jou","Pen10Phy",0.693375865361388
"1369","Gon10Jou","Sch12Reg",0.695899020609145
"982","Eec04The","Nis08Jou",0.696129509444354
"1871","Mor13Tex","Mor13Tow",0.698305498597495
"1481","Hol10Nat","Soo07Urb",0.699060122586376
"29","Alp89Jou","Hol10Nat",0.700093385981331
"1304","Gie10Jou","Hol10Nat",0.700814880136469
"1114","Faz15Jou","Mor13Tex",0.701764668945816
"557","Bre00Cyb","Gon10Jou",0.702992770678706
"486","Bra99Jou","Bre15Int",0.705436297928607
"1896","Mor13Tow","Pen10Phy",0.706694302181924
"154","And05Reg","Hol10Nat",0.706743996639429
"272","Bat01Urb","Gon10Jou",0.706880517063282
"206","Ara14Eco","Faz15Jou",0.70955213616343
"1122","Faz15Jou","Pop74Sov",0.711006081568441
"690","Cam90Jou","Pop74Sov",0.711670407881192
"1165","Gab11Jou","Pop74Sov",0.711670407881192
"1207","Gab99Qua","Pop74Sov",0.711670407881192
"1603","Knu01Ame","Pop74Sov",0.711670407881192
"1662","Kru96Jou","Pop74Sov",0.711670407881192
"1915","Nau03Jou","Pop74Sov",0.711670407881192
"1948","Oka79Reg","Pop74Sov",0.711670407881192
"2011","Pop74Sov","Sua80Jou",0.711670407881192
"197","Ara14Eco","Cam90Jou",0.713124353286202
"207","Ara14Eco","Gab11Jou",0.713124353286202
"208","Ara14Eco","Gab99Qua",0.713124353286202
"219","Ara14Eco","Knu01Ame",0.713124353286202
"221","Ara14Eco","Kru96Jou",0.713124353286202
"232","Ara14Eco","Nau03Jou",0.713124353286202
"234","Ara14Eco","Oka79Reg",0.713124353286202
"247","Ara14Eco","Sua80Jou",0.713124353286202
"805","Cra05Con","Ziq16Asi",0.716330052065009
"1750","Li_16Wor","Soo05Reg",0.716668438830882
"2039","Roz11Ame","Soo05Reg",0.718799893784383
"492","Bra99Jou","Dim09Urb",0.720451661730083
"682","Cam90Jou","Mor13Tex",0.720911820503816
"1157","Gab11Jou","Mor13Tex",0.720911820503816
"1199","Gab99Qua","Mor13Tex",0.720911820503816
"1595","Knu01Ame","Mor13Tex",0.720911820503816
"1654","Kru96Jou","Mor13Tex",0.720911820503816
"1872","Mor13Tex","Nau03Jou",0.720911820503816
"1874","Mor13Tex","Oka79Reg",0.720911820503816
"1887","Mor13Tex","Sua80Jou",0.720911820503816
"971","Eec04The","Kum14Jou",0.726032153626377
"1455","Hol10Nat","Kra98Urb",0.727629113628116
"689","Cam90Jou","Pen10Phy",0.729300624088244
"1164","Gab11Jou","Pen10Phy",0.729300624088244
"1206","Gab99Qua","Pen10Phy",0.729300624088244
"1602","Knu01Ame","Pen10Phy",0.729300624088244
"1661","Kru96Jou","Pen10Phy",0.729300624088244
"1914","Nau03Jou","Pen10Phy",0.729300624088244
"1947","Oka79Reg","Pen10Phy",0.729300624088244
"1999","Pen10Phy","Sua80Jou",0.729300624088244
"1225","Gan06Eco","Hol10Nat",0.733402879259625
"820","Del04Con","Hol10Nat",0.736999986629804
"1362","Gon10Jou","Par83Jou",0.737959928785085
"313","Ber12Cit","Bra99Jou",0.74075773642709
"2025","Pum15Cyb","Ziq16Asi",0.741279018163383
"1463","Hol10Nat","Mir86Urb",0.743120524936134
"644","Bre15Int","Soo05Reg",0.745617308105273
"1111","Faz15Jou","Man16Reg",0.747535503908405
"1477","Hol10Nat","Sch12Reg",0.753332483784555
"521","Bra99Jou","Mor13Tow",0.755480378089207
"1450","Gul12Age","Ziq16Asi",0.760380987123729
"560","Bre00Cyb","Hol10Nat",0.760426233854116
"947","Dim09Urb","Soo05Reg",0.76063267190675
"89","Ama14Int","Gon10Jou",0.761135964318012
"967","Eec04The","Kam90Jou",0.76368108364127
"275","Bat01Urb","Hol10Nat",0.764313980238692
"1117","Faz15Jou","Nis08Jou",0.765978014361715
"1989","Par85Jou","Ziq16Asi",0.766597716239598
"716","Cie16Mis","Gon10Jou",0.769355585821407
"1729","LeG08Emp","Ziq16Asi",0.769559048037262
"2079","Ven13Oec","Ziq16Asi",0.774067423919787
"1262","Gan13Eco","Gon10Jou",0.775837363846885
"1864","Mod15Qua","Son02Urb",0.777238924784222
"1370","Gon10Jou","She12Com",0.778037244444506
"487","Bra99Jou","Cam90Jou",0.778086699995527
"497","Bra99Jou","Gab11Jou",0.778086699995527
"498","Bra99Jou","Gab99Qua",0.778086699995527
"509","Bra99Jou","Knu01Ame",0.778086699995527
"511","Bra99Jou","Kru96Jou",0.778086699995527
"522","Bra99Jou","Nau03Jou",0.778086699995527
"524","Bra99Jou","Oka79Reg",0.778086699995527
"537","Bra99Jou","Sua80Jou",0.778086699995527
"364","Ber12Cit","Soo05Reg",0.780938746603756
"2080","XuZ09Urb","Ziq16Asi",0.786004778915602
"883","Del13Eur","Mod15Qua",0.79363692693766
"2035","Ros80Jou","Ziq16Asi",0.793671929505464
"1470","Hol10Nat","Par83Jou",0.795393391960496
"1904","Mor13Tow","Soo05Reg",0.795661388265873
"1106","Faz15Jou","Kum14Jou",0.795880658543738
"463","Bos08Reg","Mod15Qua",0.798267347620667
"1024","Ett87Env","Mod15Qua",0.799487962254205
"427","Bla03Jou","Ziq16Asi",0.80909189072815
"697","Cam90Jou","Soo05Reg",0.818267710172194
"1172","Gab11Jou","Soo05Reg",0.818267710172194
"1214","Gab99Qua","Soo05Reg",0.818267710172194
"1610","Knu01Ame","Soo05Reg",0.818267710172194
"1669","Kru96Jou","Soo05Reg",0.818267710172194
"1922","Nau03Jou","Soo05Reg",0.818267710172194
"1955","Oka79Reg","Soo05Reg",0.818267710172194
"2067","Soo05Reg","Sua80Jou",0.818267710172194
"1804","Mal80Env","Ziq16Asi",0.818285967807059
"1519","Ign15Dis","Ziq16Asi",0.818384958849157
"92","Ama14Int","Hol10Nat",0.818569427493422
"1552","Iye13Eur","Ziq16Asi",0.823013121037173
"719","Cie16Mis","Hol10Nat",0.826789048996817
"1414","Gue95Urb","Ziq16Asi",0.830697567533863
"1734","Li_16Wor","Mod15Qua",0.833069959450908
"1265","Gan13Eco","Hol10Nat",0.833270827022296
"1102","Faz15Jou","Kam90Jou",0.83352958855863
"758","Cra05Con","Eec04The",0.833977013487811
"1861","Mod15Qua","Roz11Ame",0.835201414404409
"1478","Hol10Nat","She12Com",0.835470707619916
"1090","Ezz15Rev","Ziq16Asi",0.840761632499192
"2074","Soo07Urb","Ziq16Asi",0.856980578963724
"64","Alp89Jou","Ziq16Asi",0.858013842358679
"1339","Gie10Jou","Ziq16Asi",0.858735336513816
"988","Eec04The","Pum15Cyb",0.858925979586186
"628","Bre15Int","Mod15Qua",0.862018828725299
"1371","Gon10Jou","Son02Urb",0.862396797548714
"189","And05Reg","Ziq16Asi",0.864664453016776
"931","Dim09Urb","Mod15Qua",0.877034192526776
"963","Eec04The","Gul12Age",0.878027948546531
"866","Del13Eur","Gon10Jou",0.878794799702152
"446","Bos08Reg","Gon10Jou",0.883425220385159
"985","Eec04The","Par85Jou",0.884244677662401
"1007","Ett87Env","Gon10Jou",0.884645835018697
"1645","Kra98Urb","Ziq16Asi",0.885549570005463
"972","Eec04The","LeG08Emp",0.887206009460064
"1260","Gan06Eco","Ziq16Asi",0.891323335636973
"997","Eec04The","Ven13Oec",0.891714385342589
"855","Del04Con","Ziq16Asi",0.894920443007152
"348","Ber12Cit","Mod15Qua",0.897340267223782
"1849","Mir86Urb","Ziq16Asi",0.901040981313481
"998","Eec04The","XuZ09Urb",0.903651740338405
"761","Cra05Con","Faz15Jou",0.903825518405171
"2052","Sch12Reg","Ziq16Asi",0.911252940161903
"989","Eec04The","Ros80Jou",0.911318890928267
"1851","Mod15Qua","Mor13Tow",0.912062908885899
"1351","Gon10Jou","Li_16Wor",0.9182278322154
"595","Bre00Cyb","Ziq16Asi",0.918346690231464
"1479","Hol10Nat","Son02Urb",0.919830260724124
"1368","Gon10Jou","Roz11Ame",0.920359287168901
"310","Bat01Urb","Ziq16Asi",0.92223443661604
"380","Bla03Jou","Eec04The",0.926738852150952
"1123","Faz15Jou","Pum15Cyb",0.928774484503546
"681","Cam90Jou","Mod15Qua",0.93466923079222
"1156","Gab11Jou","Mod15Qua",0.93466923079222
"1198","Gab99Qua","Mod15Qua",0.93466923079222
"1594","Knu01Ame","Mod15Qua",0.93466923079222
"1653","Kru96Jou","Mod15Qua",0.93466923079222
"1852","Mod15Qua","Nau03Jou",0.93466923079222
"1854","Mod15Qua","Oka79Reg",0.93466923079222
"1867","Mod15Qua","Sua80Jou",0.93466923079222
"975","Eec04The","Mal80Env",0.935932929229861
"965","Eec04The","Ign15Dis",0.936031920271959
"869","Del13Eur","Hol10Nat",0.936228262877562
"966","Eec04The","Iye13Eur",0.940660082459975
"449","Bos08Reg","Hol10Nat",0.94085868356057
"1010","Ett87Env","Hol10Nat",0.942079298194108
"611","Bre15Int","Gon10Jou",0.947176701489791
"1098","Faz15Jou","Gul12Age",0.947876453463892
"962","Eec04The","Gue95Urb",0.948344528956665
"1975","Par83Jou","Ziq16Asi",0.953313848337843
"1120","Faz15Jou","Par85Jou",0.954093182579761
"1107","Faz15Jou","LeG08Emp",0.957054514377425
"954","Eec04The","Ezz15Rev",0.958408593921994
"1132","Faz15Jou","Ven13Oec",0.96156289025995
"914","Dim09Urb","Gon10Jou",0.962192065291267
"1133","Faz15Jou","XuZ09Urb",0.973500245255765
"995","Eec04The","Soo07Urb",0.974627540386526
"17","Alp89Jou","Eec04The",0.975660803781481
"1459","Hol10Nat","Li_16Wor",0.97566129539081
"960","Eec04The","Gie10Jou",0.976382297936619
"127","Ama14Int","Ziq16Asi",0.97648988387077
"1476","Hol10Nat","Roz11Ame",0.977792750344312
"1124","Faz15Jou","Ros80Jou",0.981167395845627
"142","And05Reg","Eec04The",0.982311414439579
"331","Ber12Cit","Gon10Jou",0.982498139988274
"754","Cie16Mis","Ziq16Asi",0.984709505374164
"1300","Gan13Eco","Ziq16Asi",0.991191283399643
"2059","She12Com","Ziq16Asi",0.993391163997264
"383","Bla03Jou","Faz15Jou",0.996587357068313
"1358","Gon10Jou","Mor13Tow",0.997220781650391
"969","Eec04The","Kra98Urb",1.00319653142827
"614","Bre15Int","Hol10Nat",1.0046101646652
"1110","Faz15Jou","Mal80Env",1.00578143414722
"1100","Faz15Jou","Ign15Dis",1.00588042518932
"958","Eec04The","Gan06Eco",1.00897029705978
"1101","Faz15Jou","Iye13Eur",1.01050858737734
"808","Del04Con","Eec04The",1.01256740442995
"1097","Faz15Jou","Gue95Urb",1.01819303387403
"977","Eec04The","Mir86Urb",1.01868794273628
"917","Dim09Urb","Hol10Nat",1.01962552846668
"664","Cam90Jou","Gon10Jou",1.01982710355671
"1139","Gab11Jou","Gon10Jou",1.01982710355671
"1181","Gab99Qua","Gon10Jou",1.01982710355671
"1346","Gon10Jou","Knu01Ame",1.01982710355671
"1348","Gon10Jou","Kru96Jou",1.01982710355671
"1359","Gon10Jou","Nau03Jou",1.01982710355671
"1361","Gon10Jou","Oka79Reg",1.01982710355671
"1374","Gon10Jou","Sua80Jou",1.01982710355671
"1046","Ezz15Rev","Faz15Jou",1.02825709883935
"991","Eec04The","Sch12Reg",1.0288999015847
"548","Bre00Cyb","Eec04The",1.03599365165427
"263","Bat01Urb","Eec04The",1.03988139803884
"334","Ber12Cit","Hol10Nat",1.03993160316368
"1130","Faz15Jou","Soo07Urb",1.04447604530389
"20","Alp89Jou","Faz15Jou",1.04550930869884
"1095","Faz15Jou","Gie10Jou",1.04623080285398
"145","And05Reg","Faz15Jou",1.05215991935694
"1466","Hol10Nat","Mor13Tow",1.0546542448258
"984","Eec04The","Par83Jou",1.07096080976065
"1104","Faz15Jou","Kra98Urb",1.07304503634563
"667","Cam90Jou","Hol10Nat",1.07726056673212
"1142","Gab11Jou","Hol10Nat",1.07726056673212
"1184","Gab99Qua","Hol10Nat",1.07726056673212
"1454","Hol10Nat","Knu01Ame",1.07726056673212
"1456","Hol10Nat","Kru96Jou",1.07726056673212
"1467","Hol10Nat","Nau03Jou",1.07726056673212
"1469","Hol10Nat","Oka79Reg",1.07726056673212
"1482","Hol10Nat","Sua80Jou",1.07726056673212
"2065","Son02Urb","Ziq16Asi",1.07775071710147
"1093","Faz15Jou","Gan06Eco",1.07881880197714
"811","Del04Con","Faz15Jou",1.08241590934731
"1112","Faz15Jou","Mir86Urb",1.08853644765364
"80","Ama14Int","Eec04The",1.09413684529357
"904","Del13Eur","Ziq16Asi",1.09414871925491
"1126","Faz15Jou","Sch12Reg",1.09874840650207
"484","Bos08Reg","Ziq16Asi",1.09877913993792
"1045","Ett87Env","Ziq16Asi",1.09999975457146
"707","Cie16Mis","Eec04The",1.10235646679697
"551","Bre00Cyb","Faz15Jou",1.10584215657163
"959","Eec04The","Gan13Eco",1.10883824482245
"266","Bat01Urb","Faz15Jou",1.1097299029562
"992","Eec04The","She12Com",1.11103812542007
"1755","Li_16Wor","Ziq16Asi",1.13358175176816
"2044","Roz11Ame","Ziq16Asi",1.13571320672166
"1119","Faz15Jou","Par83Jou",1.14080931467801
"649","Bre15Int","Ziq16Asi",1.16253062104255
"83","Ama14Int","Faz15Jou",1.16398535021093
"710","Cie16Mis","Faz15Jou",1.17220497171433
"952","Dim09Urb","Ziq16Asi",1.17754598484403
"1094","Faz15Jou","Gan13Eco",1.17868674973981
"1127","Faz15Jou","She12Com",1.18088663033743
"993","Eec04The","Son02Urb",1.19539767852427
"369","Ber12Cit","Ziq16Asi",1.19785205954103
"857","Del13Eur","Eec04The",1.21179568067771
"1909","Mor13Tow","Ziq16Asi",1.21257470120315
"437","Bos08Reg","Eec04The",1.21642610136072
"953","Eec04The","Ett87Env",1.21764671599426
"702","Cam90Jou","Ziq16Asi",1.23518102310947
"1177","Gab11Jou","Ziq16Asi",1.23518102310947
"1219","Gab99Qua","Ziq16Asi",1.23518102310947
"1615","Knu01Ame","Ziq16Asi",1.23518102310947
"1674","Kru96Jou","Ziq16Asi",1.23518102310947
"1927","Nau03Jou","Ziq16Asi",1.23518102310947
"1960","Oka79Reg","Ziq16Asi",1.23518102310947
"2077","Sua80Jou","Ziq16Asi",1.23518102310947
"973","Eec04The","Li_16Wor",1.25122871319096
"990","Eec04The","Roz11Ame",1.25336016814446
"1128","Faz15Jou","Son02Urb",1.26524618344163
"602","Bre15Int","Eec04The",1.28017758246535
"860","Del13Eur","Faz15Jou",1.28164418559507
"440","Bos08Reg","Faz15Jou",1.28627460627808
"1001","Ett87Env","Faz15Jou",1.28749522091162
"905","Dim09Urb","Eec04The",1.29519294626683
"322","Ber12Cit","Eec04The",1.31549902096383
"1108","Faz15Jou","Li_16Wor",1.32107721810832
"1125","Faz15Jou","Roz11Ame",1.32320867306182
"980","Eec04The","Mor13Tow",1.33022166262595
"605","Bre15Int","Faz15Jou",1.35002608738271
"655","Cam90Jou","Eec04The",1.35282798453227
"956","Eec04The","Gab11Jou",1.35282798453227
"957","Eec04The","Gab99Qua",1.35282798453227
"968","Eec04The","Knu01Ame",1.35282798453227
"970","Eec04The","Kru96Jou",1.35282798453227
"981","Eec04The","Nau03Jou",1.35282798453227
"983","Eec04The","Oka79Reg",1.35282798453227
"996","Eec04The","Sua80Jou",1.35282798453227
"908","Dim09Urb","Faz15Jou",1.36504145118419
"325","Ber12Cit","Faz15Jou",1.38534752588119
"1115","Faz15Jou","Mor13Tow",1.40007016754331
"658","Cam90Jou","Faz15Jou",1.42267648944963
"1091","Faz15Jou","Gab11Jou",1.42267648944963
"1092","Faz15Jou","Gab99Qua",1.42267648944963
"1103","Faz15Jou","Knu01Ame",1.42267648944963
"1105","Faz15Jou","Kru96Jou",1.42267648944963
"1116","Faz15Jou","Nau03Jou",1.42267648944963
"1118","Faz15Jou","Oka79Reg",1.42267648944963
"1131","Faz15Jou","Sua80Jou",1.42267648944963
"1109","Faz15Jou","Luc14Eco",1.7118649831558
"974","Eec04The","Luc14Eco",1.78171348807316
"1780","Luc14Eco","Ziq16Asi",1.89936044949596
"1460","Hol10Nat","Luc14Eco",2.05728090587331
"1352","Gon10Jou","Luc14Eco",2.11471436904872
"1759","Luc14Eco","Mod15Qua",2.19987224181321
"1775","Luc14Eco","Soo05Reg",2.31627376243324
"515","Bra99Jou","Luc14Eco",2.3564547726099
"1767","Luc14Eco","Pen10Phy",2.40524084851719
"1760","Luc14Eco","Mor13Tex",2.41362965210161
"225","Ara14Eco","Luc14Eco",2.42141711931923
"1768","Luc14Eco","Pop74Sov",2.42287106472424
"1757","Luc14Eco","Man16Reg",2.4594004870642
"1763","Luc14Eco","Nis08Jou",2.47784299751751
"1677","Kum14Jou","Luc14Eco",2.50774564169954
"1559","Kam90Jou","Luc14Eco",2.54539457171443
"780","Cra05Con","Luc14Eco",2.61569050156097
"1769","Luc14Eco","Pum15Cyb",2.64063946765934
"1425","Gul12Age","Luc14Eco",2.65974143661969
"1766","Luc14Eco","Par85Jou",2.66595816573556
"1704","LeG08Emp","Luc14Eco",2.66891949753322
"1778","Luc14Eco","Ven13Oec",2.67342787341575
"1779","Luc14Eco","XuZ09Urb",2.68536522841156
"1770","Luc14Eco","Ros80Jou",2.69303237900142
"402","Bla03Jou","Luc14Eco",2.70845234022411
"1756","Luc14Eco","Mal80Env",2.71764641730302
"1494","Ign15Dis","Luc14Eco",2.71774540834512
"1527","Iye13Eur","Luc14Eco",2.72237357053313
"1389","Gue95Urb","Luc14Eco",2.73005801702982
"1065","Ezz15Rev","Luc14Eco",2.74012208199515
"1776","Luc14Eco","Soo07Urb",2.75634102845968
"39","Alp89Jou","Luc14Eco",2.75737429185464
"1314","Gie10Jou","Luc14Eco",2.75809578600978
"164","And05Reg","Luc14Eco",2.76402490251274
"1620","Kra98Urb","Luc14Eco",2.78491001950142
"1235","Gan06Eco","Luc14Eco",2.79068378513293
"830","Del04Con","Luc14Eco",2.79428089250311
"1758","Luc14Eco","Mir86Urb",2.80040143080944
"1772","Luc14Eco","Sch12Reg",2.81061338965786
"570","Bre00Cyb","Luc14Eco",2.81770713972742
"285","Bat01Urb","Luc14Eco",2.821594886112
"1765","Luc14Eco","Par83Jou",2.8526742978338
"102","Ama14Int","Luc14Eco",2.87585033336673
"729","Cie16Mis","Luc14Eco",2.88406995487012
"1275","Gan13Eco","Luc14Eco",2.8905517328956
"1773","Luc14Eco","She12Com",2.89275161349322
"1774","Luc14Eco","Son02Urb",2.97711116659743
"879","Del13Eur","Luc14Eco",2.99350916875087
"459","Bos08Reg","Luc14Eco",2.99813958943388
"1020","Ett87Env","Luc14Eco",2.99936020406742
"1730","Li_16Wor","Luc14Eco",3.03294220126412
"1771","Luc14Eco","Roz11Ame",3.03507365621762
"624","Bre15Int","Luc14Eco",3.06189107053851
"927","Dim09Urb","Luc14Eco",3.07690643433999
"344","Ber12Cit","Luc14Eco",3.09721250903699
"1761","Luc14Eco","Mor13Tow",3.11193515069911
"677","Cam90Jou","Luc14Eco",3.13454147260543
"1152","Gab11Jou","Luc14Eco",3.13454147260543
"1194","Gab99Qua","Luc14Eco",3.13454147260543
"1590","Knu01Ame","Luc14Eco",3.13454147260543
"1649","Kru96Jou","Luc14Eco",3.13454147260543
"1762","Luc14Eco","Nau03Jou",3.13454147260543
"1764","Luc14Eco","Oka79Reg",3.13454147260543
"1777","Luc14Eco","Sua80Jou",3.13454147260543
