"","i","j","diff_mean"
"340","Ber12Cit","Kru96Jou",0.000324077627745637
"113","Ama14Int","Par85Jou",0.000499398311608061
"1816","Man16Reg","Pum15Cyb",0.000704027737373733
"660","Cam90Jou","Gab99Qua",0.00097223288323702
"1190","Gab99Qua","Kru96Jou",0.00097223288323702
"1886","Mor13Tex","Soo07Urb",0.000972353634561071
"327","Ber12Cit","Gab99Qua",0.00129631051098266
"1155","Gab11Jou","Mir86Urb",0.00134260694457181
"387","Bla03Jou","Gan13Eco",0.00145427396766707
"91","Ama14Int","Gul12Age",0.00186344635953763
"673","Cam90Jou","Kru96Jou",0.00194446576647404
"316","Ber12Cit","Cam90Jou",0.00226854339421968
"1436","Gul12Age","Par85Jou",0.00236284467114569
"1861","Mod15Qua","Roz11Ame",0.00241817072447681
"697","Cam90Jou","Soo05Reg",0.00262078436460073
"1118","Faz15Jou","Oka79Reg",0.00294111910688748
"582","Bre00Cyb","Pen10Phy",0.0032617571711028
"1214","Gab99Qua","Soo05Reg",0.00359301724783775
"569","Bre00Cyb","Li_16Wor",0.00361366785482342
"713","Cie16Mis","Gan06Eco",0.00364587331213896
"534","Bra99Jou","Son02Urb",0.00367287978111773
"1593","Knu01Ame","Mir86Urb",0.00388893153294819
"205","Ara14Eco","Ezz15Rev",0.00393226414159927
"483","Bos08Reg","XuZ09Urb",0.00401856258404634
"784","Cra05Con","Mod15Qua",0.0043784733874233
"1669","Kru96Jou","Soo05Reg",0.00456525013107477
"1574","Kam90Jou","Ros80Jou",0.00465914199888909
"1962","Par83Jou","Pen10Phy",0.00484018352253899
"705","Cie16Mis","Del13Eur",0.00487518138933255
"364","Ber12Cit","Soo05Reg",0.00488932775882041
"50","Alp89Jou","Par85Jou",0.00499519055880725
"848","Del04Con","She12Com",0.00509103217117378
"445","Bos08Reg","Gie10Jou",0.00514473234046259
"980","Eec04The","Mor13Tow",0.00518524204393085
"1146","Gab11Jou","Knu01Ame",0.00523153847752
"1","Alp89Jou","Ama14Int",0.00549458887041531
"532","Bra99Jou","Sch12Reg",0.00550931967167638
"1804","Mal80Env","Ziq16Asi",0.0058912055616205
"926","Dim09Urb","Li_16Wor",0.00659477741916535
"796","Cra05Con","Roz11Ame",0.0067966441119001
"1550","Iye13Eur","Ven13Oec",0.00685946436597278
"1742","Li_16Wor","Pen10Phy",0.00687542502592622
"1407","Gue95Urb","She12Com",0.00701326722512707
"28","Alp89Jou","Gul12Age",0.00735803522995294
"376","Bla03Jou","Cra05Con",0.00783546078081704
"1440","Gul12Age","Ros80Jou",0.00809036649265093
"580","Bre00Cyb","Par83Jou",0.0081019406936418
"863","Del13Eur","Gan06Eco",0.00852105470147151
"247","Ara14Eco","Sua80Jou",0.00859305384514427
"1457","Hol10Nat","Kum14Jou",0.00860364131270711
"1694","Kum14Jou","Sch12Reg",0.00893914123198488
"1338","Gie10Jou","XuZ09Urb",0.00916329492450892
"2046","Sch12Reg","Son02Urb",0.0091821994527941
"765","Cra05Con","Gan13Eco",0.00928973474848411
"1086","Ezz15Rev","Soo07Urb",0.0096496652701462
"1784","Mal80Env","Mor13Tex",0.00977600392725741
"117","Ama14Int","Ros80Jou",0.00995381285218856
"547","Bre00Cyb","Dim09Urb",0.0102084452739888
"1979","Par85Jou","Ros80Jou",0.0104532111637966
"1070","Ezz15Rev","Mor13Tex",0.0106220189047073
"1800","Mal80Env","Soo07Urb",0.0107483575618185
"1547","Iye13Eur","Soo05Reg",0.0109904760007176
"823","Del04Con","Kam90Jou",0.0116049252335473
"888","Del13Eur","Oka79Reg",0.0116527776256967
"1900","Mor13Tow","Roz11Ame",0.0116667945988442
"1740","Li_16Wor","Par83Jou",0.0117156085484652
"818","Del04Con","Gue95Urb",0.0121042993963009
"406","Bla03Jou","Mod15Qua",0.0122139341682403
"1087","Ezz15Rev","Sua80Jou",0.0125253179867435
"1921","Nau03Jou","Son02Urb",0.012531001606166
"1418","Gul12Age","Kam90Jou",0.01274950849154
"1383","Gue95Urb","Knu01Ame",0.0128820857028905
"1944","Nis08Jou","Ziq16Asi",0.0130025974613273
"358","Ber12Cit","Pum15Cyb",0.0132871827375726
"939","Dim09Urb","Pen10Phy",0.0134702024450916
"63","Alp89Jou","XuZ09Urb",0.0134963601154811
"246","Ara14Eco","Soo07Urb",0.0135819294117455
"669","Cam90Jou","Iye13Eur",0.0136112603653183
"1663","Kru96Jou","Pum15Cyb",0.0136112603653183
"1279","Gan13Eco","Mod15Qua",0.0136682081359074
"346","Ber12Cit","Man16Reg",0.0139912104749464
"1851","Mod15Qua","Mor13Tow",0.014084965323321
"1324","Gie10Jou","Par83Jou",0.014137886510405
"1651","Kru96Jou","Man16Reg",0.014315288102692
"512","Bra99Jou","Kum14Jou",0.0144484609036612
"230","Ara14Eco","Mor13Tex",0.0145542830463065
"1186","Gab99Qua","Iye13Eur",0.0145834932485553
"1208","Gab99Qua","Pum15Cyb",0.0145834932485553
"860","Del13Eur","Faz15Jou",0.0145938967325842
"95","Ama14Int","Kam90Jou",0.0146129548510777
"418","Bla03Jou","Roz11Ame",0.0146321048927171
"1570","Kam90Jou","Par85Jou",0.0151123531626857
"1196","Gab99Qua","Man16Reg",0.015287520985929
"54","Alp89Jou","Ros80Jou",0.0154484017226039
"691","Cam90Jou","Pum15Cyb",0.0155557261317923
"1523","Iye13Eur","Kru96Jou",0.0155557261317923
"1890","Mor13Tex","Ziq16Asi",0.0156672094888779
"336","Ber12Cit","Iye13Eur",0.015879803759538
"276","Bat01Urb","Ign15Dis",0.015918103842817
"1291","Gan13Eco","Roz11Ame",0.0160863788603842
"522","Bra99Jou","Nau03Jou",0.0162038813872837
"679","Cam90Jou","Man16Reg",0.0162597538691661
"845","Del04Con","Ros80Jou",0.0162640672324364
"1131","Faz15Jou","Sua80Jou",0.0165035385578529
"738","Cie16Mis","Oka79Reg",0.0165279590150292
"2074","Soo07Urb","Ziq16Asi",0.016639563123439
"1577","Kam90Jou","She12Com",0.0166959574047211
"1392","Gue95Urb","Mir86Urb",0.0167710172358387
"990","Eec04The","Roz11Ame",0.0168520366427751
"958","Eec04The","Gan06Eco",0.0174191724913298
"7","Alp89Jou","Bos08Reg",0.0175149226995274
"1477","Hol10Nat","Sch12Reg",0.017542782544692
"171","And05Reg","Nau03Jou",0.0175609564534686
"2068","Soo05Reg","Ven13Oec",0.0178499403666903
"1140","Gab11Jou","Gue95Urb",0.0181136241804105
"1696","Kum14Jou","Son02Urb",0.018121340684779
"2020","Pum15Cyb","Soo05Reg",0.0181765104963931
"937","Dim09Urb","Par83Jou",0.0183103859676306
"786","Cra05Con","Mor13Tow",0.0184634387107443
"1988","Par85Jou","XuZ09Urb",0.0184915506742883
"1822","Man16Reg","Soo05Reg",0.0188805382337668
"1787","Mal80Env","Nis08Jou",0.0188938030229478
"1326","Gie10Jou","Pen10Phy",0.018978070032944
"126","Ama14Int","XuZ09Urb",0.0189909489858964
"978","Eec04The","Mod15Qua",0.0192702073672519
"469","Bos08Reg","Par83Jou",0.0192826188508676
"1957","Oka79Reg","Sua80Jou",0.0194446576647404
"710","Cie16Mis","Faz15Jou",0.0194690781219167
"1608","Knu01Ame","She12Com",0.0198953529280176
"1175","Gab11Jou","Ven13Oec",0.0199926823033289
"32","Alp89Jou","Kam90Jou",0.020107543721493
"1244","Gan06Eco","Oka79Reg",0.0201738323271682
"129","And05Reg","Bat01Urb",0.0202589027044515
"1066","Ezz15Rev","Mal80Env",0.0203980228319647
"700","Cam90Jou","Ven13Oec",0.0204707247312911
"1449","Gul12Age","XuZ09Urb",0.020854395345434
"707","Cie16Mis","Eec04The",0.0210650458034688
"1847","Mir86Urb","Ven13Oec",0.0213352892479007
"2028","Ros80Jou","She12Com",0.0213550994036102
"1217","Gab99Qua","Ven13Oec",0.0214429576145281
"1919","Nau03Jou","Sch12Reg",0.0217132010589601
"2071","Soo07Urb","Sua80Jou",0.0221749832568897
"556","Bre00Cyb","Gie10Jou",0.0222398272040468
"1672","Kru96Jou","Ven13Oec",0.0224151904977651
"470","Bos08Reg","Par85Jou",0.0225101132583347
"1241","Gan06Eco","Mor13Tow",0.0226044145352607
"25","Alp89Jou","Gie10Jou",0.02265965503999
"367","Ber12Cit","Ven13Oec",0.0227392681255107
"70","Ama14Int","Bos08Reg",0.0230095115699427
"505","Bra99Jou","Hol10Nat",0.0230521022163684
"1093","Faz15Jou","Gan06Eco",0.0231149514340557
"1887","Mor13Tex","Sua80Jou",0.0231473368914508
"1974","Par83Jou","XuZ09Urb",0.0233011814349139
"758","Cra05Con","Eec04The",0.0236486807546752
"1382","Gue95Urb","Kam90Jou",0.0237092246298482
"1842","Mir86Urb","She12Com",0.0237842844609658
"471","Bos08Reg","Pen10Phy",0.0241228023734066
"226","Ara14Eco","Mal80Env",0.024330286973564
"819","Del04Con","Gul12Age",0.0243544337250873
"448","Bos08Reg","Gul12Age",0.0248729579294804
"824","Del04Con","Knu01Ame",0.0249863850991913
"1277","Gan13Eco","Man16Reg",0.0250156073814338
"206","Ara14Eco","Faz15Jou",0.0250965924029972
"1170","Gab11Jou","She12Com",0.0251268914055376
"1613","Knu01Ame","Ven13Oec",0.0252242207808489
"1289","Gan13Eco","Pum15Cyb",0.0257196351188075
"1313","Gie10Jou","Li_16Wor",0.0258534950588702
"857","Del13Eur","Eec04The",0.0259402271928014
"77","Ama14Int","Del04Con",0.026217880084625
"735","Cie16Mis","Mor13Tow",0.0262502878473997
"1090","Ezz15Rev","Ziq16Asi",0.0262892283935852
"408","Bla03Jou","Mor13Tow",0.0262988994915614
"404","Bla03Jou","Man16Reg",0.0264698813491009
"1347","Gon10Jou","Kra98Urb",0.026471249866317
"841","Del04Con","Par85Jou",0.026717278396233
"1479","Hol10Nat","Son02Urb",0.0267249819974861
"1144","Gab11Jou","Iye13Eur",0.0268521466693017
"416","Bla03Jou","Pum15Cyb",0.0271739090864746
"429","Bos08Reg","Bre00Cyb",0.0273845595445094
"1325","Gie10Jou","Par85Jou",0.0276548455987973
"1281","Gan13Eco","Mor13Tow",0.0277531734592285
"234","Ara14Eco","Oka79Reg",0.0280377115098847
"2001","Pen10Phy","XuZ09Urb",0.0281413649574529
"88","Ama14Int","Gie10Jou",0.0281542439104053
"1530","Iye13Eur","Mir86Urb",0.0281947536138735
"1404","Gue95Urb","Ros80Jou",0.0283683666287373
"1011","Ett87Env","Ign15Dis",0.0284157156327911
"1873","Mor13Tex","Nis08Jou",0.0286698069502053
"833","Del04Con","Mir86Urb",0.0288753166321395
"2034","Ros80Jou","XuZ09Urb",0.028944761838085
"1046","Ezz15Rev","Faz15Jou",0.0290288565445965
"1541","Iye13Eur","Pum15Cyb",0.0291669864971106
"1443","Gul12Age","She12Com",0.0294454658962611
"1940","Nis08Jou","Soo07Urb",0.0296421605847663
"1529","Iye13Eur","Man16Reg",0.0298710142344843
"1303","Gie10Jou","Gul12Age",0.030017690269943
"183","And05Reg","Son02Urb",0.0300919580596346
"812","Del04Con","Gab11Jou",0.0302179235767113
"250","Ara14Eco","Ziq16Asi",0.0302214925351845
"1684","Kum14Jou","Nau03Jou",0.030652342290945
"632","Bre15Int","Nis08Jou",0.0308226512334905
"458","Bos08Reg","Li_16Wor",0.0309982273993328
"901","Del13Eur","Sua80Jou",0.0310974352904371
"885","Del13Eur","Mor13Tow",0.0311254692367322
"120","Ama14Int","She12Com",0.0313089122557988
"594","Bre00Cyb","XuZ09Urb",0.0314031221285557
"380","Bla03Jou","Eec04The",0.0314841415354922
"14","Alp89Jou","Del04Con",0.0317124689550403
"1982","Par85Jou","She12Com",0.0318083105674068
"1074","Ezz15Rev","Oka79Reg",0.0319699756514839
"1521","Iye13Eur","Knu01Ame",0.0320836851468217
"913","Dim09Urb","Gie10Jou",0.0324482724780356
"1801","Mal80Env","Sua80Jou",0.0329233408187082
"959","Eec04The","Gan13Eco",0.0329384155031593
"474","Bos08Reg","Ros80Jou",0.0329633244221313
"1583","Kam90Jou","XuZ09Urb",0.0336039038369741
"133","And05Reg","Bra99Jou",0.0337648378407523
"1251","Gan06Eco","Roz11Ame",0.0342712091341049
"782","Cra05Con","Man16Reg",0.0343053421299179
"794","Cra05Con","Pum15Cyb",0.0350093698672917
"1754","Li_16Wor","XuZ09Urb",0.0350167899833791
"751","Cie16Mis","Sua80Jou",0.0359726166797696
"2023","Pum15Cyb","Ven13Oec",0.0360264508630834
"155","And05Reg","Ign15Dis",0.0361770065472684
"1378","Gue95Urb","Gul12Age",0.0364587331213882
"1553","Kam90Jou","Knu01Ame",0.0365913103327387
"1239","Gan06Eco","Mod15Qua",0.0366893798585817
"1825","Man16Reg","Ven13Oec",0.0367304786004571
"49","Alp89Jou","Par83Jou",0.036797541550395
"57","Alp89Jou","She12Com",0.0368035011262141
"983","Eec04The","Oka79Reg",0.037593004818498
"436","Bos08Reg","Dim09Urb",0.0375930048184981
"452","Bos08Reg","Kam90Jou",0.0376224664210204
"611","Bre15Int","Gon10Jou",0.0376961204273264
"292","Bat01Urb","Nau03Jou",0.0378198591579201
"1172","Gab11Jou","Soo05Reg",0.0378426226700192
"745","Cie16Mis","Roz11Ame",0.0379170824462439
"1412","Gue95Urb","Ven13Oec",0.0381063064837394
"1329","Gie10Jou","Ros80Jou",0.0381080567625939
"90","Ama14Int","Gue95Urb",0.0383221794809258
"1130","Faz15Jou","Soo07Urb",0.0386785218147427
"1806","Man16Reg","Mod15Qua",0.0386838155173412
"2077","Sua80Jou","Ziq16Asi",0.0388145463803287
"1400","Gue95Urb","Par85Jou",0.0388215777925339
"329","Ber12Cit","Gan13Eco",0.0390068178563802
"1844","Mir86Urb","Soo05Reg",0.039185229614591
"1467","Hol10Nat","Nau03Jou",0.0392559836036521
"181","And05Reg","Sch12Reg",0.0392741575124287
"1073","Ezz15Rev","Nis08Jou",0.0392918258549125
"1271","Gan13Eco","Kru96Jou",0.0393308954841258
"1859","Mod15Qua","Pum15Cyb",0.0393878432547149
"1257","Gan06Eco","Sua80Jou",0.0396184899919086
"1114","Faz15Jou","Mor13Tex",0.0396508754493037
"201","Ara14Eco","Del13Eur",0.0396904891355813
"1179","Gab99Qua","Gan13Eco",0.0403031283673628
"733","Cie16Mis","Mod15Qua",0.0403352531707207
"311","Ber12Cit","Bla03Jou",0.0404610918240473
"659","Cam90Jou","Gab11Jou",0.0404634070346199
"917","Dim09Urb","Hol10Nat",0.0404671128217835
"1562","Kam90Jou","Mir86Urb",0.0404802418656869
"955","Eec04The","Faz15Jou",0.0405341239253855
"398","Bla03Jou","Kru96Jou",0.0407851694517929
"764","Cra05Con","Gan06Eco",0.041067853246005
"1818","Man16Reg","Roz11Ame",0.041101986241818
"1605","Knu01Ame","Ros80Jou",0.0412504523316278
"662","Cam90Jou","Gan13Eco",0.0412753612505999
"1135","Gab11Jou","Gab99Qua",0.041435639917857
"951","Dim09Urb","XuZ09Urb",0.0416115674025445
"1956","Oka79Reg","Soo07Urb",0.0416196409216301
"51","Alp89Jou","Pen10Phy",0.041637725072934
"385","Bla03Jou","Gab99Qua",0.0417574023350299
"1961","Par83Jou","Par85Jou",0.0417927321092023
"680","Cam90Jou","Mir86Urb",0.0418060139791918
"2016","Pum15Cyb","Roz11Ame",0.0418060139791918
"1145","Gab11Jou","Kam90Jou",0.0418228488102587
"112","Ama14Int","Par83Jou",0.0422921304208103
"1148","Gab11Jou","Kru96Jou",0.042407872801094
"1874","Mor13Tex","Oka79Reg",0.0425919945561912
"374","Bla03Jou","Cam90Jou",0.0427296352182669
"326","Ber12Cit","Gab11Jou",0.0427319504288396
"1307","Gie10Jou","Kam90Jou",0.042767198761483
"1197","Gab99Qua","Mir86Urb",0.0427782468624288
"1893","Mor13Tow","Oka79Reg",0.0427782468624289
"895","Del13Eur","Roz11Ame",0.0427922638355764
"1610","Knu01Ame","Soo05Reg",0.0430741611475392
"233","Ara14Eco","Nis08Jou",0.0432240899965118
"859","Del13Eur","Ezz15Rev",0.0436227532771806
"1652","Kru96Jou","Mir86Urb",0.0437504797456658
"27","Alp89Jou","Gue95Urb",0.0438167683513411
"649","Bre15Int","Ziq16Asi",0.0438252486948179
"1295","Gan13Eco","Soo05Reg",0.0438961456152006
"347","Ber12Cit","Mir86Urb",0.0440745573734114
"1435","Gul12Age","Par83Jou",0.044155576780348
"264","Bat01Urb","Ett87Env",0.044333819475608
"198","Ara14Eco","Cie16Mis",0.0445656705249139
"703","Cie16Mis","Cra05Con",0.044713726558144
"9","Alp89Jou","Bre00Cyb",0.0448994822440368
"1381","Gue95Urb","Iye13Eur",0.0449657708497121
"2057","She12Com","Ven13Oec",0.0451195737088664
"1839","Mir86Urb","Ros80Jou",0.045139383864576
"854","Del04Con","XuZ09Urb",0.0452088290705214
"883","Del13Eur","Mod15Qua",0.0452104345600533
"422","Bla03Jou","Soo05Reg",0.0453504195828677
"671","Cam90Jou","Knu01Ame",0.0456949455121399
"1115","Faz15Jou","Mor13Tow",0.0457193659693164
"1167","Gab11Jou","Ros80Jou",0.0464819908091478
"1976","Par85Jou","Pen10Phy",0.0466329156317413
"1188","Gab99Qua","Knu01Ame",0.046667178395377
"1459","Hol10Nat","Li_16Wor",0.0470618902409488
"114","Ama14Int","Pen10Phy",0.0471323139433493
"1586","Knu01Ame","Kru96Jou",0.047639411278614
"338","Ber12Cit","Knu01Ame",0.0479634889063596
"209","Ara14Eco","Gan06Eco",0.0482115438370529
"161","And05Reg","Kum14Jou",0.0482132987444136
"318","Ber12Cit","Cra05Con",0.0482965526048643
"709","Cie16Mis","Ezz15Rev",0.0484979346665132
"38","Alp89Jou","Li_16Wor",0.0485131500988602
"776","Cra05Con","Kru96Jou",0.0486206302326099
"386","Bla03Jou","Gan06Eco",0.0489033140268221
"1437","Gul12Age","Pen10Phy",0.0489957603028869
"924","Dim09Urb","Kum14Jou",0.0490707541344906
"434","Bos08Reg","Del04Con",0.0492273916545677
"1419","Gul12Age","Knu01Ame",0.0493408188242787
"1110","Faz15Jou","Mal80Env",0.0494268793765611
"756","Cra05Con","Del13Eur",0.0495889079474766
"763","Cra05Con","Gab99Qua",0.049592863115847
"625","Bre15Int","Mal80Env",0.0497164542564384
"581","Bre00Cyb","Par85Jou",0.0498946728028441
"853","Del04Con","Ven13Oec",0.0502106058800402
"2058","She12Com","XuZ09Urb",0.0502998612416952
"304","Bat01Urb","Son02Urb",0.0503508607640861
"1220","Gan06Eco","Gan13Eco",0.0503575879944891
"72","Ama14Int","Bre00Cyb",0.0503940711144521
"651","Cam90Jou","Cra05Con",0.050565095999084
"560","Bre00Cyb","Hol10Nat",0.0506755580957722
"96","Ama14Int","Knu01Ame",0.0512042651838163
"1601","Knu01Ame","Par85Jou",0.0517036634954244
"1941","Nis08Jou","Sua80Jou",0.0518171438416561
"1545","Iye13Eur","She12Com",0.0519790380748392
"1049","Ezz15Rev","Gan06Eco",0.0521438079786521
"1965","Par83Jou","Ros80Jou",0.0522459432729989
"559","Bre00Cyb","Gul12Age",0.0522575174739897
"1788","Mal80Env","Oka79Reg",0.0523679984834486
"375","Bla03Jou","Cie16Mis",0.052549187338961
"348","Ber12Cit","Mod15Qua",0.0526750259922876
"1808","Man16Reg","Mor13Tow",0.0527687808406623
"1653","Kru96Jou","Mod15Qua",0.0529991036200332
"800","Cra05Con","Soo05Reg",0.0531858803636847
"1428","Gul12Age","Mir86Urb",0.0532297503572269
"900","Del13Eur","Soo07Urb",0.0532724185473268
"1898","Mor13Tow","Pum15Cyb",0.053472808578036
"1741","Li_16Wor","Par85Jou",0.0535083406576675
"1501","Ign15Dis","Nau03Jou",0.053737963000737
"1472","Hol10Nat","Pen10Phy",0.053937315266875
"1198","Gab99Qua","Mod15Qua",0.0539713365032703
"714","Cie16Mis","Gan13Eco",0.0540034613066281
"101","Ama14Int","Li_16Wor",0.0540077389692755
"254","Bat01Urb","Bra99Jou",0.0540237405452038
"884","Del13Eur","Mor13Tex",0.0542447721818879
"477","Bos08Reg","She12Com",0.0543184238257415
"816","Del04Con","Gie10Jou",0.0543721239950303
"1951","Oka79Reg","Roz11Ame",0.0544450414612731
"1141","Gab11Jou","Gul12Age",0.0545723573017987
"1267","Gan13Eco","Iye13Eur",0.0548866216159181
"681","Cam90Jou","Mod15Qua",0.0549435693865073
"360","Ber12Cit","Roz11Ame",0.0550931967167644
"105","Ama14Int","Mir86Urb",0.0550931967167645
"16","Alp89Jou","Dim09Urb",0.0551079275180256
"1134","Faz15Jou","Ziq16Asi",0.0553180849381816
"1665","Kru96Jou","Roz11Ame",0.05541727434451
"1835","Mir86Urb","Par85Jou",0.0555925950283726
"1676","Kum14Jou","Li_16Wor",0.0556655315536559
"1424","Gul12Age","Li_16Wor",0.0558711853288132
"1409","Gue95Urb","Soo05Reg",0.0559562468504297
"1166","Gab11Jou","Pum15Cyb",0.0560191331664123
"394","Bla03Jou","Iye13Eur",0.0563408955835852
"1210","Gab99Qua","Roz11Ame",0.0563895072277471
"84","Ama14Int","Gab11Jou",0.0564358036613363
"33","Alp89Jou","Knu01Ame",0.0566988540542316
"1154","Gab11Jou","Man16Reg",0.056723160903786
"154","And05Reg","Hol10Nat",0.0568169400571207
"1854","Mod15Qua","Oka79Reg",0.0568632121857499
"1569","Kam90Jou","Par83Jou",0.056905085271888
"1163","Gab11Jou","Par85Jou",0.0569352019729444
"996","Eec04The","Sua80Jou",0.0570376624832384
"822","Del04Con","Iye13Eur",0.057070070246013
"1992","Pen10Phy","Ros80Jou",0.0570861267955379
"1413","Gue95Urb","XuZ09Urb",0.0573131284668222
"693","Cam90Jou","Roz11Ame",0.0573617401109841
"1838","Mir86Urb","Pum15Cyb",0.0573617401109841
"1125","Faz15Jou","Roz11Ame",0.0573861605681606
"378","Bla03Jou","Del13Eur",0.0574243687282936
"1865","Mod15Qua","Soo05Reg",0.057564353751108
"976","Eec04The","Man16Reg",0.0579540228845931
"944","Dim09Urb","Sch12Reg",0.0580098953664755
"1805","Man16Reg","Mir86Urb",0.0580657678483578
"750","Cie16Mis","Soo07Urb",0.0581475999366594
"1960","Oka79Reg","Ziq16Asi",0.0582592040450691
"665","Cam90Jou","Gue95Urb",0.0585770312150304
"988","Eec04The","Pum15Cyb",0.0586580506219668
"1470","Hol10Nat","Par83Jou",0.058777498789414
"864","Del13Eur","Gan13Eco",0.0588786426959607
"734","Cie16Mis","Mor13Tex",0.0591199535712204
"567","Bre00Cyb","Kum14Jou",0.0592791994084794
"1332","Gie10Jou","She12Com",0.0594631561662041
"629","Bre15Int","Mor13Tex",0.0594924581836958
"302","Bat01Urb","Sch12Reg",0.0595330602168802
"1182","Gab99Qua","Gue95Urb",0.0595492640982675
"1113","Faz15Jou","Mod15Qua",0.0598043312926374
"2039","Roz11Ame","Soo05Reg",0.0599825244755848
"938","Dim09Urb","Par85Jou",0.0601031180768328
"585","Bre00Cyb","Ros80Jou",0.0603478839666407
"645","Bre15Int","Soo07Urb",0.0604648118182569
"1385","Gue95Urb","Kru96Jou",0.0605214969815045
"42","Alp89Jou","Mir86Urb",0.0605877855871798
"79","Ama14Int","Dim09Urb",0.0606025163884409
"332","Ber12Cit","Gue95Urb",0.0608455746092501
"789","Cra05Con","Oka79Reg",0.0612416855731732
"1604","Knu01Ame","Pum15Cyb",0.0612506716439323
"447","Bos08Reg","Gue95Urb",0.0613316910508686
"1571","Kam90Jou","Pen10Phy",0.061745268794427
"1298","Gan13Eco","Ven13Oec",0.0617460859818909
"1256","Gan06Eco","Soo07Urb",0.0617934732487983
"1582","Kam90Jou","Ven13Oec",0.0618155311135876
"21","Alp89Jou","Gab11Jou",0.0619303925317516
"1592","Knu01Ame","Man16Reg",0.061954699381306
"1906","Mor13Tow","Sua80Jou",0.0622229045271693
"916","Dim09Urb","Gul12Age",0.0624659627479785
"1689","Kum14Jou","Pen10Phy",0.0625409565795822
"1240","Gan06Eco","Mor13Tex",0.0627658268833594
"2054","She12Com","Soo05Reg",0.0629695140755568
"425","Bla03Jou","Ven13Oec",0.063200359949558
"492","Bra99Jou","Dim09Urb",0.0635192150381518
"1745","Li_16Wor","Ros80Jou",0.0639615518214641
"880","Del13Eur","Mal80Env",0.0640207761091453
"619","Bre15Int","Kra98Urb",0.0641673702936433
"772","Cra05Con","Iye13Eur",0.0641763563644023
"761","Cra05Con","Faz15Jou",0.0641828046800607
"143","And05Reg","Ett87Env",0.0645927221800595
"1747","Li_16Wor","Sch12Reg",0.0646046727856408
"563","Bre00Cyb","Kam90Jou",0.0650070259655298
"695","Cam90Jou","She12Com",0.0655902984401575
"203","Ara14Eco","Eec04The",0.0656307163283827
"1513","Ign15Dis","Son02Urb",0.066268964606903
"2033","Ros80Jou","Ven13Oec",0.0664746731124767
"1302","Gie10Jou","Gue95Urb",0.0664764233913312
"1212","Gab99Qua","She12Com",0.0665625313233945
"350","Ber12Cit","Mor13Tow",0.0667599913156086
"1655","Kru96Jou","Mor13Tow",0.0670840689433543
"946","Dim09Urb","Son02Urb",0.0671920948192696
"1687","Kum14Jou","Par83Jou",0.0673811401021212
"1667","Kru96Jou","She12Com",0.0675347642066315
"362","Ber12Cit","She12Com",0.0678588418343772
"1200","Gab99Qua","Mor13Tow",0.0680563018265913
"850","Del04Con","Soo05Reg",0.0680605462467306
"587","Bre00Cyb","Sch12Reg",0.0682183406404642
"1117","Faz15Jou","Nis08Jou",0.068320682399509
"282","Bat01Urb","Kum14Jou",0.0684722014488651
"840","Del04Con","Par83Jou",0.0685100105054353
"1360","Gon10Jou","Nis08Jou",0.0685187716608169
"1531","Iye13Eur","Mod15Qua",0.0685548297518256
"1558","Kam90Jou","Li_16Wor",0.0686206938203532
"1520","Iye13Eur","Kam90Jou",0.0686749954795603
"730","Cie16Mis","Mal80Env",0.0688959574984779
"683","Cam90Jou","Mor13Tow",0.0690285347098283
"411","Bla03Jou","Oka79Reg",0.0690771463539903
"954","Eec04The","Ezz15Rev",0.069562980469982
"904","Del13Eur","Ziq16Asi",0.0699119816707658
"506","Bra99Jou","Ign15Dis",0.0699418443880207
"514","Bra99Jou","Li_16Wor",0.0701139924573172
"604","Bre15Int","Ezz15Rev",0.0701144770884031
"1614","Knu01Ame","XuZ09Urb",0.0701952141697127
"1284","Gan13Eco","Oka79Reg",0.0705314203216573
"942","Dim09Urb","Ros80Jou",0.0705563292406294
"652","Cam90Jou","Del04Con",0.0706813306113313
"231","Ara14Eco","Mor13Tow",0.0708159583723136
"1543","Iye13Eur","Roz11Ame",0.0709730004763024
"803","Cra05Con","Ven13Oec",0.071035820730375
"1928","Nis08Jou","Oka79Reg",0.0712618015063965
"1994","Pen10Phy","Sch12Reg",0.071480097811567
"1904","Mor13Tow","Soo05Reg",0.071649319074429
"813","Del04Con","Gab99Qua",0.0716535634945683
"322","Ber12Cit","Eec04The",0.0719452333595395
"383","Bla03Jou","Faz15Jou",0.0720182654608778
"970","Eec04The","Kru96Jou",0.0722693109872851
"1236","Gan06Eco","Mal80Env",0.0725418308106168
"826","Del04Con","Kru96Jou",0.0726257963778053
"1304","Gie10Jou","Hol10Nat",0.072915385299819
"319","Ber12Cit","Del04Con",0.072949874005551
"957","Eec04The","Gab99Qua",0.0732415438705221
"1542","Iye13Eur","Ros80Jou",0.0733341374784494
"842","Del04Con","Pen10Phy",0.0733501940279743
"1094","Faz15Jou","Gan13Eco",0.0734725394285448
"1968","Par83Jou","She12Com",0.0736010426766091
"485","Bra99Jou","Bre00Cyb",0.0737276603121406
"1749","Li_16Wor","Son02Urb",0.0737868722384349
"2041","Roz11Ame","Sua80Jou",0.0738896991260135
"196","Ara14Eco","Bre15Int",0.0740467412300023
"1848","Mir86Urb","XuZ09Urb",0.0740841457026609
"1403","Gue95Urb","Pum15Cyb",0.0741327573468228
"453","Bos08Reg","Knu01Ame",0.0742137767537591
"655","Cam90Jou","Eec04The",0.0742137767537592
"1448","Gul12Age","Ven13Oec",0.0745650396051276
"1071","Ezz15Rev","Mor13Tow",0.0747482225139128
"754","Cie16Mis","Ziq16Asi",0.0747871630600983
"1391","Gue95Urb","Man16Reg",0.0748367850841965
"920","Dim09Urb","Kam90Jou",0.0752154712395185
"1237","Gan06Eco","Man16Reg",0.0753731953759229
"1868","Mod15Qua","Ven13Oec",0.0754142941177983
"1176","Gab11Jou","XuZ09Urb",0.0754267526472327
"1511","Ign15Dis","Sch12Reg",0.0754511640596971
"1249","Gan06Eco","Pum15Cyb",0.0760772231132967
"1867","Mod15Qua","Sua80Jou",0.0763078698504903
"1967","Par83Jou","Sch12Reg",0.076320281334106
"125","Ama14Int","Ven13Oec",0.0764284859646652
"545","Bre00Cyb","Del04Con",0.0766119511990771
"994","Eec04The","Soo05Reg",0.0768345611183599
"1987","Par85Jou","Ven13Oec",0.0769278842762733
"527","Bra99Jou","Pen10Phy",0.0769894174832434
"275","Bat01Urb","Hol10Nat",0.0770758427615722
"589","Bre00Cyb","Son02Urb",0.0774005400932583
"2042","Roz11Ame","Ven13Oec",0.0778324648422751
"449","Bos08Reg","Hol10Nat",0.0780601176402816
"462","Bos08Reg","Mir86Urb",0.0781027082867072
"1260","Gan06Eco","Ziq16Asi",0.0784330363722373
"1995","Pen10Phy","She12Com",0.0784412261991481
"731","Cie16Mis","Man16Reg",0.0790190686880619
"995","Eec04The","Soo07Urb",0.0792126457401282
"1308","Gie10Jou","Knu01Ame",0.0793585090942216
"441","Bos08Reg","Gab11Jou",0.0794453152312791
"1579","Kam90Jou","Soo05Reg",0.0796654714802779
"934","Dim09Urb","Nau03Jou",0.0797230964254355
"743","Cie16Mis","Pum15Cyb",0.0797230964254357
"979","Eec04The","Mor13Tex",0.0801849993746892
"829","Del04Con","Li_16Wor",0.0802256190539005
"1399","Gue95Urb","Par83Jou",0.0806143099017362
"1996","Pen10Phy","Son02Urb",0.0806622972643611
"802","Cra05Con","Sua80Jou",0.0806863432379136
"2018","Pum15Cyb","She12Com",0.0811460245719498
"1417","Gul12Age","Iye13Eur",0.0814245039711003
"1311","Gie10Jou","Kum14Jou",0.0815190266125261
"1377","Gon10Jou","Ziq16Asi",0.0815213691221443
"588","Bre00Cyb","She12Com",0.0817029833702509
"1137","Gab11Jou","Gan13Eco",0.0817387682852198
"525","Bra99Jou","Par83Jou",0.0818296010057824
"1820","Man16Reg","She12Com",0.0818500523093236
"62","Alp89Jou","Ven13Oec",0.0819230748350805
"1484","Hol10Nat","XuZ09Urb",0.082078680224328
"1027","Ett87Env","Nau03Jou",0.0821536786335281
"670","Cam90Jou","Kam90Jou",0.0822862558448786
"241","Ara14Eco","Roz11Ame",0.0824827529711578
"646","Bre15Int","Sua80Jou",0.0826397950751466
"1533","Iye13Eur","Mor13Tow",0.0826397950751466
"887","Del13Eur","Nis08Jou",0.0829145791320931
"1278","Gan13Eco","Mir86Urb",0.0830813752297916
"384","Bla03Jou","Gab11Jou",0.0831930422528869
"1317","Gie10Jou","Mir86Urb",0.0832474406271698
"1187","Gab99Qua","Kam90Jou",0.0832584887281156
"94","Ama14Int","Iye13Eur",0.083287950330638
"1538","Iye13Eur","Par85Jou",0.083787348642246
"881","Del13Eur","Man16Reg",0.0838942500773945
"1555","Kam90Jou","Kru96Jou",0.0842307216113527
"2030","Ros80Jou","Soo05Reg",0.084324613479167
"1491","Ign15Dis","Kum14Jou",0.084390305291682
"1905","Mor13Tow","Soo07Urb",0.084397887784059
"405","Bla03Jou","Mir86Urb",0.0845356491974587
"337","Ber12Cit","Kam90Jou",0.0845547992390983
"1138","Gab11Jou","Gie10Jou",0.0845900475717416
"893","Del13Eur","Pum15Cyb",0.0845982778147682
"229","Ara14Eco","Mod15Qua",0.0849009236956346
"1748","Li_16Wor","She12Com",0.0853166512250743
"1871","Mor13Tex","Mor13Tow",0.0853702414186201
"1401","Gue95Urb","Pen10Phy",0.0854544934242751
"1969","Par83Jou","Son02Urb",0.0855024807869001
"844","Del04Con","Pum15Cyb",0.0862370567431236
"1737","Li_16Wor","Nau03Jou",0.0863178738446009
"1081","Ezz15Rev","Roz11Ame",0.0864150171127571
"456","Bos08Reg","Kum14Jou",0.0866637589529887
"807","Del04Con","Dim09Urb",0.0868203964730659
"832","Del04Con","Man16Reg",0.0869410844804973
"692","Cam90Jou","Ros80Jou",0.0869453978437677
"1269","Gan13Eco","Knu01Ame",0.0869703067627398
"1353","Gon10Jou","Mal80Env",0.0874125746837648
"737","Cie16Mis","Nis08Jou",0.0877897605214257
"966","Eec04The","Iye13Eur",0.0878250371190775
"1209","Gab99Qua","Ros80Jou",0.0879176307270047
"396","Bla03Jou","Knu01Ame",0.0884245807304069
"424","Bla03Jou","Sua80Jou",0.0885218040187307
"558","Bre00Cyb","Gue95Urb",0.088716250595378
"31","Alp89Jou","Iye13Eur",0.0887825392010533
"1069","Ezz15Rev","Mod15Qua",0.0888331878372339
"1664","Kru96Jou","Ros80Jou",0.0888898636102417
"359","Ber12Cit","Ros80Jou",0.0892139412379874
"199","Ara14Eco","Cra05Con",0.0892793970830579
"328","Ber12Cit","Gan06Eco",0.0893644058508693
"1907","Mor13Tow","Ven13Oec",0.0894992594411194
"1231","Gan06Eco","Kru96Jou",0.089688483478615
"577","Bre00Cyb","Nau03Jou",0.0899315416994243
"975","Eec04The","Mal80Env",0.0899610033019467
"1297","Gan13Eco","Sua80Jou",0.0899760779863977
"1331","Gie10Jou","Sch12Reg",0.090458167844511
"1178","Gab99Qua","Gan06Eco",0.090660716361852
"1701","Kum14Jou","XuZ09Urb",0.0906823215370351
"762","Cra05Con","Gab11Jou",0.0910285030337039
"1243","Gan06Eco","Nis08Jou",0.0914356338335647
"661","Cam90Jou","Gan06Eco",0.091632949245089
"945","Dim09Urb","She12Com",0.0919114286442396
"1388","Gue95Urb","Li_16Wor",0.0923299184502014
"783","Cra05Con","Mir86Urb",0.0923711099782757
"1445","Gul12Age","Soo05Reg",0.0924149799718179
"1451","Hol10Nat","Ign15Dis",0.0929939466043891
"317","Ber12Cit","Cie16Mis",0.0930102791630083
"1914","Nau03Jou","Pen10Phy",0.0931932988705271
"760","Cra05Con","Ezz15Rev",0.0932116612246572
"725","Cie16Mis","Kru96Jou",0.0933343567907539
"1600","Knu01Ame","Par83Jou",0.0934963956046266
"1255","Gan06Eco","Soo05Reg",0.0942537336096897
"122","Ama14Int","Soo05Reg",0.0942784263313555
"712","Cie16Mis","Gab99Qua",0.094306589673991
"997","Eec04The","Ven13Oec",0.0946845014850502
"1039","Ett87Env","Son02Urb",0.0946846802396941
"1984","Par85Jou","Soo05Reg",0.0947778246429636
"1628","Kra98Urb","Nis08Jou",0.0949900215271339
"666","Cam90Jou","Gul12Age",0.0950357643364186
"1785","Mal80Env","Mor13Tow",0.0951462453458775
"650","Cam90Jou","Cie16Mis",0.095278822557228
"1156","Gab11Jou","Mod15Qua",0.0954069764211272
"2078","Ven13Oec","XuZ09Urb",0.0954194349505616
"1811","Man16Reg","Oka79Reg",0.0955470277030911
"29","Alp89Jou","Hol10Nat",0.0955750403398091
"476","Bos08Reg","Sch12Reg",0.0956029001849736
"999","Eec04The","Ziq16Asi",0.0958522088635672
"501","Bra99Jou","Gie10Jou",0.0959674875161874
"1183","Gab99Qua","Gul12Age",0.0960079972196557
"2040","Roz11Ame","Soo07Urb",0.0960646823829033
"1949","Oka79Reg","Pum15Cyb",0.0962510554404649
"774","Cra05Con","Knu01Ame",0.0962600415112239
"1828","Mir86Urb","Mod15Qua",0.096749583365699
"74","Ama14Int","Cam90Jou",0.0968992106959563
"1421","Gul12Age","Kru96Jou",0.0969802301028927
"1881","Mor13Tex","Roz11Ame",0.0970370360174643
"192","Ara14Eco","Bla03Jou",0.0971148578638749
"1357","Gon10Jou","Mor13Tex",0.0971885786110222
"141","And05Reg","Dim09Urb",0.0972840528789042
"333","Ber12Cit","Gul12Age",0.0973043077306383
"1834","Mir86Urb","Par83Jou",0.0973853271375748
"688","Cam90Jou","Par85Jou",0.0973986090075643
"1168","Gab11Jou","Roz11Ame",0.097825147145604
"1573","Kam90Jou","Pum15Cyb",0.0978419819766709
"85","Ama14Int","Gab99Qua",0.0978714435791933
"320","Ber12Cit","Del13Eur",0.0978854605523408
"749","Cie16Mis","Soo05Reg",0.0978996069218287
"1912","Nau03Jou","Par83Jou",0.0980334823930661
"1373","Gon10Jou","Soo07Urb",0.0981609322455832
"875","Del13Eur","Kru96Jou",0.0982095381800865
"1602","Knu01Ame","Pen10Phy",0.0983365791271656
"494","Bra99Jou","Ett87Env",0.0983575600208118
"1205","Gab99Qua","Par85Jou",0.0983708418908013
"1866","Mod15Qua","Soo07Urb",0.0984828531073801
"1111","Faz15Jou","Man16Reg",0.0984881468099786
"1561","Kam90Jou","Man16Reg",0.0985460097140447
"210","Ara14Eco","Gan13Eco",0.098569131831542
"1162","Gab11Jou","Par83Jou",0.0987279340821466
"98","Ama14Int","Kru96Jou",0.0988436764624303
"915","Dim09Urb","Gue95Urb",0.0989246958693667
"605","Bre15Int","Faz15Jou",0.0991433336329995
"1840","Mir86Urb","Roz11Ame",0.0991677540901758
"68","Ama14Int","Ber12Cit",0.0991677540901759
"862","Del13Eur","Gab99Qua",0.0991817710633235
"1123","Faz15Jou","Pum15Cyb",0.0991921745473524
"1660","Kru96Jou","Par85Jou",0.0993430747740384
"482","Bos08Reg","Ven13Oec",0.0994379975346079
"1850","Mod15Qua","Mor13Tex",0.0994552067419411
"2051","Sch12Reg","XuZ09Urb",0.0996214627690199
"1333","Gie10Jou","Son02Urb",0.0996403672973051
"355","Ber12Cit","Par85Jou",0.099667152401784
"59","Alp89Jou","Soo05Reg",0.0997730152017708
"1263","Gan13Eco","Gue95Urb",0.0998523924656303
"653","Cam90Jou","Del13Eur",0.100154003946561
"1471","Hol10Nat","Par85Jou",0.100570230898616
"1594","Knu01Ame","Mod15Qua",0.100638514898647
"1909","Mor13Tow","Ziq16Asi",0.101037450907498
"382","Bla03Jou","Ezz15Rev",0.101047122005474
"92","Ama14Int","Hol10Nat",0.101069629210224
"428","Bos08Reg","Bra99Jou",0.10111221985665
"390","Bla03Jou","Gue95Urb",0.101306666433297
"564","Bre00Cyb","Knu01Ame",0.101598336298268
"633","Bre15Int","Oka79Reg",0.102084452739887
"1836","Mir86Urb","Pen10Phy",0.102225510660114
"1551","Iye13Eur","XuZ09Urb",0.102278899316534
"11","Alp89Jou","Cam90Jou",0.102393799566372
"2015","Pum15Cyb","Ros80Jou",0.10250112397556
"1050","Ezz15Rev","Gan13Eco",0.102501395973141
"899","Del13Eur","Soo05Reg",0.102774788311161
"801","Cra05Con","Soo07Urb",0.102861326494803
"1415","Gul12Age","Hol10Nat",0.102933075569762
"1606","Knu01Ame","Roz11Ame",0.103056685623124
"1817","Man16Reg","Ros80Jou",0.103205151712934
"22","Alp89Jou","Gab99Qua",0.103366032449609
"1164","Gab11Jou","Pen10Phy",0.103568117604686
"785","Cra05Con","Mor13Tex",0.103833680129364
"1037","Ett87Env","Sch12Reg",0.103866879692488
"163","And05Reg","Li_16Wor",0.10387883029807
"36","Alp89Jou","Kum14Jou",0.104178681652516
"35","Alp89Jou","Kru96Jou",0.104338265332846
"1337","Gie10Jou","Ven13Oec",0.104582729875071
"5","Alp89Jou","Ber12Cit",0.104662342960591
"478","Bos08Reg","Son02Urb",0.104785099637768
"539","Bra99Jou","XuZ09Urb",0.105130782440696
"1589","Knu01Ame","Li_16Wor",0.105212004153092
"1227","Gan06Eco","Iye13Eur",0.105244209610407
"573","Bre00Cyb","Mir86Urb",0.105487267831217
"451","Bos08Reg","Iye13Eur",0.106297461900581
"1795","Mal80Env","Roz11Ame",0.106813039944722
"552","Bre00Cyb","Gab11Jou",0.106829874775788
"1293","Gan13Eco","She12Com",0.106865659690757
"134","And05Reg","Bre00Cyb",0.107492498152893
"1052","Ezz15Rev","Gon10Jou",0.107810597515729
"1645","Kra98Urb","Ziq16Asi",0.107992618988461
"420","Bla03Jou","She12Com",0.108319933658424
"2064","Son02Urb","XuZ09Urb",0.108803662221814
"982","Eec04The","Nis08Jou",0.108854806324895
"721","Cie16Mis","Iye13Eur",0.108890082922546
"1733","Li_16Wor","Mir86Urb",0.10910093568604
"768","Cra05Con","Gue95Urb",0.109142127214114
"1688","Kum14Jou","Par85Jou",0.109173872211323
"1783","Mal80Env","Mod15Qua",0.109231210669199
"1158","Gab11Jou","Mor13Tow",0.109491941744448
"353","Ber12Cit","Oka79Reg",0.109538238178038
"99","Ama14Int","Kum14Jou",0.109673270522931
"1658","Kru96Jou","Oka79Reg",0.109862315805783
"1151","Gab11Jou","Li_16Wor",0.110443542630612
"1439","Gul12Age","Pum15Cyb",0.110591490468211
"423","Bla03Jou","Soo07Urb",0.11069678727562
"176","And05Reg","Pen10Phy",0.110754255323996
"1830","Mir86Urb","Mor13Tow",0.11083454868902
"1203","Gab99Qua","Oka79Reg",0.11083454868902
"1475","Hol10Nat","Ros80Jou",0.111023442062413
"1427","Gul12Age","Man16Reg",0.111295518205585
"1306","Gie10Jou","Iye13Eur",0.111442194241043
"1422","Gul12Age","Kum14Jou",0.111536716882469
"407","Bla03Jou","Mor13Tex",0.111669140910181
"212","Ara14Eco","Gon10Jou",0.111742861657329
"686","Cam90Jou","Oka79Reg",0.111806781572257
"921","Dim09Urb","Knu01Ame",0.111806781572257
"815","Del04Con","Gan13Eco",0.111956691861931
"1258","Gan06Eco","Ven13Oec",0.11210367397638
"1296","Gan13Eco","Soo07Urb",0.112151061243287
"1321","Gie10Jou","Nau03Jou",0.112171368903471
"116","Ama14Int","Pum15Cyb",0.112454936827749
"325","Ber12Cit","Faz15Jou",0.112479357284925
"2044","Roz11Ame","Ziq16Asi",0.112704245506342
"1105","Faz15Jou","Kru96Jou",0.112803434912671
"1017","Ett87Env","Kum14Jou",0.112806020924473
"1978","Par85Jou","Pum15Cyb",0.112954335139357
"56","Alp89Jou","Sch12Reg",0.113117822884501
"1280","Gan13Eco","Mor13Tex",0.113123414877849
"104","Ama14Int","Man16Reg",0.113158964565122
"2069","Soo05Reg","XuZ09Urb",0.113269375317252
"377","Bla03Jou","Del04Con",0.113410965829598
"1393","Gue95Urb","Mod15Qua",0.113520600601538
"781","Cra05Con","Mal80Env",0.113609684056622
"1813","Man16Reg","Par85Jou",0.11365836287673
"600","Bre15Int","Del13Eur",0.113737230365584
"871","Del13Eur","Iye13Eur",0.113765264311879
"1092","Faz15Jou","Gab99Qua",0.113775667795908
"1621","Kra98Urb","Mal80Env",0.113883824550082
"1892","Mor13Tow","Nis08Jou",0.114040048368825
"1955","Oka79Reg","Soo05Reg",0.114427565936858
"956","Eec04The","Gab11Jou",0.114677183788379
"1596","Knu01Ame","Mor13Tow",0.114723480221968
"658","Cam90Jou","Faz15Jou",0.114747900679145
"1824","Man16Reg","Sua80Jou",0.114991685367832
"1870","Mod15Qua","Ziq16Asi",0.115122416230819
"174","And05Reg","Par83Jou",0.115594438846535
"1453","Hol10Nat","Kam90Jou",0.115682584061302
"2022","Pum15Cyb","Sua80Jou",0.115695713105205
"930","Dim09Urb","Mir86Urb",0.115695713105205
"752","Cie16Mis","Ven13Oec",0.115749547288519
"701","Cam90Jou","XuZ09Urb",0.115890159681853
"1405","Gue95Urb","Roz11Ame",0.115938771326015
"977","Eec04The","Mir86Urb",0.116019790732951
"798","Cra05Con","She12Com",0.116155394439241
"1218","Gab99Qua","XuZ09Urb",0.11686239256509
"909","Dim09Urb","Gab11Jou",0.117038320049777
"479","Bos08Reg","Soo05Reg",0.117287937901298
"466","Bos08Reg","Nau03Jou",0.117316101243934
"1129","Faz15Jou","Soo05Reg",0.117368685043745
"262","Bat01Urb","Dim09Urb",0.117542955583356
"1673","Kru96Jou","XuZ09Urb",0.117834625448327
"53","Alp89Jou","Pum15Cyb",0.117949525698164
"1981","Par85Jou","Sch12Reg",0.118113013443308
"368","Ber12Cit","XuZ09Urb",0.118158703076072
"597","Bre15Int","Cie16Mis",0.118612411754916
"119","Ama14Int","Sch12Reg",0.118612411754916
"8","Alp89Jou","Bra99Jou",0.118627142556177
"41","Alp89Jou","Man16Reg",0.118653553435538
"1973","Par83Jou","Ven13Oec",0.118720616385476
"805","Cra05Con","Ziq16Asi",0.119500889618242
"1692","Kum14Jou","Ros80Jou",0.11962708337512
"431","Bos08Reg","Cam90Jou",0.119908722265899
"968","Eec04The","Knu01Ame",0.119908722265899
"1374","Gon10Jou","Sua80Jou",0.120335915502473
"1442","Gul12Age","Sch12Reg",0.120475858114454
"1863","Mod15Qua","She12Com",0.120533867826665
"902","Del13Eur","Ven13Oec",0.120624728677852
"442","Bos08Reg","Gab99Qua",0.120880955149136
"755","Cra05Con","Del04Con",0.121246426610415
"1926","Nau03Jou","XuZ09Urb",0.12133466382798
"1010","Ett87Env","Hol10Nat",0.12140966223718
"403","Bla03Jou","Mal80Env",0.121445144837439
"455","Bos08Reg","Kru96Jou",0.121853188032373
"312","Ber12Cit","Bos08Reg",0.122177265660119
"608","Bre15Int","Gan06Eco",0.122258285067055
"58","Alp89Jou","Son02Urb",0.122300022337295
"1334","Gie10Jou","Soo05Reg",0.122432670241761
"1276","Gan13Eco","Mal80Env",0.122899418805106
"2037","Roz11Ame","She12Com",0.122952038551142
"2000","Pen10Phy","Ven13Oec",0.123560799908015
"1268","Gan13Eco","Kam90Jou",0.123561617095478
"227","Ara14Eco","Man16Reg",0.123584739212976
"526","Bra99Jou","Par85Jou",0.123622333114985
"1625","Kra98Urb","Mor13Tex",0.123659828477339
"71","Ama14Int","Bra99Jou",0.124121731426593
"284","Bat01Urb","Li_16Wor",0.124137733002521
"1556","Kam90Jou","Kum14Jou",0.124286225374009
"239","Ara14Eco","Pum15Cyb",0.12428876695035
"1641","Kra98Urb","Soo07Urb",0.1246321821119
"395","Bla03Jou","Kam90Jou",0.125015891063146
"663","Cam90Jou","Gie10Jou",0.125053454606362
"1536","Iye13Eur","Oka79Reg",0.125418041937575
"1537","Iye13Eur","Par83Jou",0.125580080751448
"834","Del04Con","Mod15Qua",0.125624899997839
"1935","Nis08Jou","Roz11Ame",0.12570684296767
"504","Bra99Jou","Gul12Age",0.12598517778613
"1180","Gab99Qua","Gie10Jou",0.126025687489599
"593","Bre00Cyb","Ven13Oec",0.126822557079117
"1310","Gie10Jou","Kru96Jou",0.126997920372836
"820","Del04Con","Hol10Nat",0.127287509294849
"1983","Par85Jou","Son02Urb",0.127295212896102
"330","Ber12Cit","Gie10Jou",0.127321998000581
"427","Bla03Jou","Ziq16Asi",0.127336350399059
"1067","Ezz15Rev","Man16Reg",0.127517003354575
"1395","Gue95Urb","Mor13Tow",0.127605565924859
"255","Bat01Urb","Bre00Cyb",0.127751400857344
"121","Ama14Int","Son02Urb",0.12779461120771
"846","Del04Con","Roz11Ame",0.128043070722315
"1853","Mod15Qua","Nis08Jou",0.128125013692146
"1290","Gan13Eco","Ros80Jou",0.128220759094368
"1079","Ezz15Rev","Pum15Cyb",0.128221031091949
"1101","Faz15Jou","Iye13Eur",0.128359161044463
"2027","Ros80Jou","Sch12Reg",0.128566224607105
"1300","Gan13Eco","Ziq16Asi",0.128790624366726
"366","Ber12Cit","Sua80Jou",0.128982895842778
"1671","Kru96Jou","Sua80Jou",0.129306973470524
"1444","Gul12Age","Son02Urb",0.129658057567248
"417","Bla03Jou","Ros80Jou",0.129675033062035
"150","And05Reg","Gie10Jou",0.12973232535694
"1216","Gab99Qua","Sua80Jou",0.130279206353761
"1539","Iye13Eur","Pen10Phy",0.130420264273987
"1753","Li_16Wor","Ven13Oec",0.130436224933941
"297","Bat01Urb","Pen10Phy",0.131013158028447
"699","Cam90Jou","Sua80Jou",0.131251439236998
"2024","Pum15Cyb","XuZ09Urb",0.131445885813645
"1136","Gab11Jou","Gan06Eco",0.132096356279709
"1826","Man16Reg","XuZ09Urb",0.132149913551019
"1958","Oka79Reg","Ven13Oec",0.132277506303548
"1478","Hol10Nat","She12Com",0.132378541466023
"788","Cra05Con","Nis08Jou",0.13250348707957
"962","Eec04The","Gue95Urb",0.13279080796879
"773","Cra05Con","Kam90Jou",0.132851351843963
"1576","Kam90Jou","Sch12Reg",0.133225366605994
"1238","Gan06Eco","Mir86Urb",0.133438963224281
"918","Dim09Urb","Ign15Dis",0.133461059426173
"562","Bre00Cyb","Iye13Eur",0.13368202144509
"2067","Soo05Reg","Sua80Jou",0.133872223601598
"530","Bra99Jou","Ros80Jou",0.134075544278781
"1060","Ezz15Rev","Kra98Urb",0.134281847382046
"1902","Mor13Tow","She12Com",0.134618833149986
"46","Alp89Jou","Nau03Jou",0.134831023943461
"132","And05Reg","Bos08Reg",0.134877057697402
"1132","Faz15Jou","Ven13Oec",0.135218625410436
"473","Bos08Reg","Pum15Cyb",0.135464448397691
"711","Cie16Mis","Gab11Jou",0.135742229591848
"295","Bat01Urb","Par83Jou",0.135853341550986
"827","Del04Con","Kum14Jou",0.135891150607556
"461","Bos08Reg","Man16Reg",0.136168476135065
"1264","Gan13Eco","Gul12Age",0.136311125587018
"1970","Par83Jou","Soo05Reg",0.136570556752166
"1096","Faz15Jou","Gon10Jou",0.136839454060326
"950","Dim09Urb","Ven13Oec",0.137031002353106
"732","Cie16Mis","Mir86Urb",0.13708483653642
"1823","Man16Reg","Soo07Urb",0.137166668624721
"1563","Kam90Jou","Mod15Qua",0.137229825231386
"1526","Iye13Eur","Li_16Wor",0.137295689299914
"1229","Gan06Eco","Knu01Ame",0.137327894757229
"795","Cra05Con","Ros80Jou",0.137510493842852
"191","Ara14Eco","Ber12Cit",0.137575949687922
"2029","Ros80Jou","Son02Urb",0.137748424059899
"391","Bla03Jou","Gul12Age",0.137765399554686
"2021","Pum15Cyb","Soo07Urb",0.137870696362095
"221","Ara14Eco","Kru96Jou",0.137900027315668
"1807","Man16Reg","Mor13Tex",0.138139022259282
"87","Ama14Int","Gan13Eco",0.138174571946556
"220","Ara14Eco","Kra98Urb",0.138214111523646
"1286","Gan13Eco","Par85Jou",0.138673970258164
"508","Bra99Jou","Kam90Jou",0.13873468627767
"1879","Mor13Tex","Pum15Cyb",0.138843049996656
"208","Ara14Eco","Gab99Qua",0.138872260198905
"188","And05Reg","XuZ09Urb",0.138895620281449
"687","Cam90Jou","Par83Jou",0.139191341116767
"1379","Gue95Urb","Hol10Nat",0.13939180869115
"69","Ama14Int","Bla03Jou",0.139628845914223
"1575","Kam90Jou","Roz11Ame",0.139647995955863
"602","Bre15Int","Eec04The",0.139677457558385
"836","Del04Con","Mor13Tow",0.13970986532116
"1361","Gon10Jou","Oka79Reg",0.139780573167213
"992","Eec04The","She12Com",0.139804075193917
"1913","Nau03Jou","Par85Jou",0.139826214502268
"197","Ara14Eco","Cam90Jou",0.139844493082142
"1493","Ign15Dis","Li_16Wor",0.140055836845338
"413","Bla03Jou","Par85Jou",0.140128244225831
"1204","Gab99Qua","Par83Jou",0.140163574000004
"109","Ama14Int","Nau03Jou",0.140325612813876
"410","Bla03Jou","Nis08Jou",0.140338947860387
"1328","Gie10Jou","Pum15Cyb",0.140609180738154
"861","Del13Eur","Gab11Jou",0.14061741098118
"723","Cie16Mis","Knu01Ame",0.140973768069368
"1695","Kum14Jou","She12Com",0.14098218277873
"1659","Kru96Jou","Par83Jou",0.141135806883241
"1316","Gie10Jou","Man16Reg",0.141313208475528
"1997","Pen10Phy","Soo05Reg",0.141410740274705
"354","Ber12Cit","Par83Jou",0.141459884510986
"324","Ber12Cit","Ezz15Rev",0.141508213829521
"1283","Gan13Eco","Nis08Jou",0.141793221828054
"1061","Ezz15Rev","Kru96Jou",0.141832291457267
"1860","Mod15Qua","Ros80Jou",0.141888967230275
"882","Del13Eur","Mir86Urb",0.141960017925752
"1432","Gul12Age","Nau03Jou",0.142189059173414
"1578","Kam90Jou","Son02Urb",0.142407566058788
"245","Ara14Eco","Soo05Reg",0.142465277446743
"1048","Ezz15Rev","Gab99Qua",0.142804524340504
"24","Alp89Jou","Gan13Eco",0.143669160816971
"561","Bre00Cyb","Ign15Dis",0.143669504700161
"657","Cam90Jou","Ezz15Rev",0.143776757223741
"919","Dim09Urb","Iye13Eur",0.143890466719079
"689","Cam90Jou","Pen10Phy",0.144031524639306
"2026","Ros80Jou","Roz11Ame",0.144307137954752
"590","Bre00Cyb","Soo05Reg",0.144672497445808
"847","Del04Con","Sch12Reg",0.144830291839541
"630","Bre15Int","Mor13Tow",0.144862699602316
"1549","Iye13Eur","Sua80Jou",0.144862699602316
"808","Del04Con","Eec04The",0.14489510736509
"1206","Gab99Qua","Pen10Phy",0.145003757522543
"6","Alp89Jou","Bla03Jou",0.145123434784639
"769","Cra05Con","Gul12Age",0.145600860335503
"873","Del13Eur","Knu01Ame",0.1458489494587
"1661","Kru96Jou","Pen10Phy",0.14597599040578
"356","Ber12Cit","Pen10Phy",0.146300068033525
"1085","Ezz15Rev","Soo05Reg",0.146397541588342
"1642","Kra98Urb","Sua80Jou",0.14680716536879
"1506","Ign15Dis","Pen10Phy",0.146931261871264
"542","Bre00Cyb","Cam90Jou",0.147293281810408
"76","Ama14Int","Cra05Con",0.14746430669504
"1781","Mal80Env","Man16Reg",0.14791502618654
"791","Cra05Con","Par85Jou",0.147963705006648
"1386","Gue95Urb","Kum14Jou",0.147995450003857
"553","Bre00Cyb","Gab99Qua",0.148265514693645
"1750","Li_16Wor","Soo05Reg",0.148286165300631
"1793","Mal80Env","Pum15Cyb",0.148619053923914
"566","Bre00Cyb","Kru96Jou",0.149237747576882
"314","Ber12Cit","Bre00Cyb",0.149561825204628
"2045","Sch12Reg","She12Com",0.149921324010715
"1429","Gul12Age","Mod15Qua",0.149979333722926
"271","Bat01Urb","Gie10Jou",0.149991228061391
"1223","Gan06Eco","Gue95Urb",0.150209980460119
"1917","Nau03Jou","Ros80Jou",0.150279425666065
"490","Bra99Jou","Del04Con",0.150339611511218
"676","Cam90Jou","Li_16Wor",0.150906949665232
"365","Ber12Cit","Soo07Urb",0.151157879099668
"1565","Kam90Jou","Mor13Tow",0.151314790554707
"866","Del13Eur","Gon10Jou",0.15143335079291
"1670","Kru96Jou","Soo07Urb",0.151481956727413
"2075","Sua80Jou","Ven13Oec",0.151722163968289
"1504","Ign15Dis","Par83Jou",0.151771445393803
"106","Ama14Int","Mod15Qua",0.151842780082464
"1193","Gab99Qua","Li_16Wor",0.151879182548469
"349","Ber12Cit","Mor13Tex",0.152130232734229
"1161","Gab11Jou","Oka79Reg",0.152270188606877
"1454","Hol10Nat","Knu01Ame",0.152273894394041
"1856","Mod15Qua","Par85Jou",0.152342178394072
"2","Alp89Jou","And05Reg",0.15239198039693
"1441","Gul12Age","Roz11Ame",0.152397504447403
"1215","Gab99Qua","Soo07Urb",0.15245418961065
"1654","Kru96Jou","Mor13Tex",0.152454310361974
"1648","Kru96Jou","Li_16Wor",0.152851415431706
"13","Alp89Jou","Cra05Con",0.152958895565456
"343","Ber12Cit","Li_16Wor",0.153175493059451
"698","Cam90Jou","Soo07Urb",0.153426422493887
"1199","Gab99Qua","Mor13Tex",0.153426543245211
"217","Ara14Eco","Iye13Eur",0.15345575344746
"1833","Mir86Urb","Oka79Reg",0.153612795551449
"1827","Man16Reg","Ziq16Asi",0.15380623174816
"717","Cie16Mis","Gue95Urb",0.153855853772258
"849","Del04Con","Son02Urb",0.154012491292335
"118","Ama14Int","Roz11Ame",0.15426095080694
"682","Cam90Jou","Mor13Tex",0.154398776128448
"2025","Pum15Cyb","Ziq16Asi",0.154510259485534
"1964","Par83Jou","Pum15Cyb",0.154747067248559
"1980","Par85Jou","Roz11Ame",0.154760349118548
"947","Dim09Urb","Soo05Reg",0.154880942719796
"1566","Kam90Jou","Nau03Jou",0.154938567664954
"253","Bat01Urb","Bos08Reg",0.155135960401854
"1091","Faz15Jou","Gab11Jou",0.155211307713765
"533","Bra99Jou","She12Com",0.155430643682391
"1812","Man16Reg","Par83Jou",0.155451094985933
"1899","Mor13Tow","Ros80Jou",0.155973932553596
"2066","Soo05Reg","Soo07Urb",0.156047206858488
"1463","Hol10Nat","Mir86Urb",0.156162825926989
"716","Cie16Mis","Gon10Jou",0.156308532182243
"967","Eec04The","Kam90Jou",0.156500032598638
"640","Bre15Int","Roz11Ame",0.15652949420116
"1112","Faz15Jou","Mir86Urb",0.156553914658336
"1406","Gue95Urb","Sch12Reg",0.156934591235842
"1885","Mor13Tex","Soo05Reg",0.157019560493049
"1299","Gan13Eco","XuZ09Urb",0.157165520932453
"1253","Gan06Eco","She12Com",0.157223247685247
"43","Alp89Jou","Mod15Qua",0.157337368952879
"175","And05Reg","Par85Jou",0.157387170955737
"1057","Ezz15Rev","Iye13Eur",0.157388017589059
"654","Cam90Jou","Dim09Urb",0.157501727084397
"1599","Knu01Ame","Oka79Reg",0.157501727084397
"1142","Gab11Jou","Hol10Nat",0.157505432871561
"65","Ama14Int","And05Reg",0.157886569267345
"910","Dim09Urb","Gab99Qua",0.158473959967634
"426","Bla03Jou","XuZ09Urb",0.15861979490012
"867","Del13Eur","Gue95Urb",0.158731035161591
"628","Bre15Int","Mod15Qua",0.158947664925637
"2053","She12Com","Son02Urb",0.159103523463509
"309","Bat01Urb","XuZ09Urb",0.1591545229859
"923","Dim09Urb","Kru96Jou",0.159446192850871
"1991","Pen10Phy","Pum15Cyb",0.159587250771098
"153","And05Reg","Gul12Age",0.159750015626883
"55","Alp89Jou","Roz11Ame",0.159755539677356
"321","Ber12Cit","Dim09Urb",0.159770270478617
"1222","Gan06Eco","Gon10Jou",0.159954405494382
"1814","Man16Reg","Pen10Phy",0.160291278508472
"248","Ara14Eco","Ven13Oec",0.160315217813433
"1103","Faz15Jou","Knu01Ame",0.160442846191285
"747","Cie16Mis","She12Com",0.160869120997385
"1587","Knu01Ame","Kum14Jou",0.160877535706748
"1633","Kra98Urb","Pop74Sov",0.160958555113684
"989","Eec04The","Ros80Jou",0.161159174597527
"444","Bos08Reg","Gan13Eco",0.161184083516499
"906","Dim09Urb","Ett87Env",0.161876775058964
"345","Ber12Cit","Mal80Env",0.161906236661486
"1650","Kru96Jou","Mal80Env",0.162230314289232
"814","Del04Con","Gan06Eco",0.16231427985642
"503","Bra99Jou","Gue95Urb",0.162443910907519
"370","Bla03Jou","Bos08Reg",0.162638357484166
"584","Bre00Cyb","Pum15Cyb",0.162849007942201
"1195","Gab99Qua","Mal80Env",0.163202547172469
"1104","Faz15Jou","Kra98Urb",0.163310703926643
"598","Bre15Int","Cra05Con",0.16332613831306
"572","Bre00Cyb","Man16Reg",0.163553035679574
"1431","Gul12Age","Mor13Tow",0.164064299046247
"678","Cam90Jou","Mal80Env",0.164174780055706
"1088","Ezz15Rev","Ven13Oec",0.164247481955032
"1680","Kum14Jou","Mir86Urb",0.164766467239696
"897","Del13Eur","She12Com",0.165744302386718
"1305","Gie10Jou","Ign15Dis",0.165909331904208
"108","Ama14Int","Mor13Tow",0.165927745405785
"704","Cie16Mis","Del04Con",0.165960153168559
"1149","Gab11Jou","Kum14Jou",0.166109074184268
"1408","Gue95Urb","Son02Urb",0.166116790688636
"1629","Kra98Urb","Oka79Reg",0.16625182303353
"1261","Gan13Eco","Gie10Jou",0.166328815856961
"1895","Mor13Tow","Par85Jou",0.166427143717393
"804","Cra05Con","XuZ09Urb",0.166455255680937
"1744","Li_16Wor","Pum15Cyb",0.166462675797024
"837","Del04Con","Nau03Jou",0.166543492898501
"1799","Mal80Env","Soo05Reg",0.166795564420307
"1810","Man16Reg","Nis08Jou",0.166808829209488
"1548","Iye13Eur","Soo07Urb",0.167037682859206
"1732","Li_16Wor","Man16Reg",0.167166703534398
"1933","Nis08Jou","Pum15Cyb",0.167512856946861
"388","Bla03Jou","Gie10Jou",0.167783089824629
"369","Ber12Cit","Ziq16Asi",0.167797442223107
"179","And05Reg","Ros80Jou",0.167840382119534
"1532","Iye13Eur","Mor13Tex",0.168010036493767
"1674","Kru96Jou","Ziq16Asi",0.168121519850852
"1019","Ett87Env","Li_16Wor",0.168471552478129
"1219","Gab99Qua","Ziq16Asi",0.169093752734089
"963","Eec04The","Gul12Age",0.169249541090178
"1607","Knu01Ame","Sch12Reg",0.169816676938733
"702","Cam90Jou","Ziq16Asi",0.170065985617326
"1398","Gue95Urb","Oka79Reg",0.170383812787288
"433","Bos08Reg","Cra05Con",0.170473818264983
"1869","Mod15Qua","XuZ09Urb",0.17083372906836
"806","Del04Con","Del13Eur",0.170835334557892
"450","Bos08Reg","Ign15Dis",0.171054064244671
"80","Ama14Int","Eec04The",0.171112987449715
"373","Bla03Jou","Bre15Int",0.171161599093877
"45","Alp89Jou","Mor13Tow",0.1714223342762
"985","Eec04The","Par85Jou",0.171612385761323
"1920","Nau03Jou","She12Com",0.171634525069675
"1174","Gab11Jou","Sua80Jou",0.171714846271618
"549","Bre00Cyb","Ett87Env",0.172085220332952
"157","And05Reg","Kam90Jou",0.172499524118423
"609","Bre15Int","Gan13Eco",0.172615873061544
"4","Alp89Jou","Bat01Urb",0.172650883101381
"2070","Soo05Reg","Ziq16Asi",0.172686769981927
"1846","Mir86Urb","Sua80Jou",0.173057453216189
"941","Dim09Urb","Pum15Cyb",0.173057453216189
"1704","LeG08Emp","Luc14Eco",0.173184560910493
"2043","Roz11Ame","XuZ09Urb",0.173251899792837
"1097","Faz15Jou","Gue95Urb",0.173324931894175
"1841","Mir86Urb","Sch12Reg",0.173705608471681
"929","Dim09Urb","Man16Reg",0.173761480953563
"2072","Soo07Urb","Ven13Oec",0.173897147225178
"1228","Gan06Eco","Kam90Jou",0.173919205089968
"463","Bos08Reg","Mod15Qua",0.174852291652406
"1888","Mor13Tex","Ven13Oec",0.174869500859739
"1169","Gab11Jou","Sch12Reg",0.175048215416253
"1518","Ign15Dis","XuZ09Urb",0.175072626828717
"509","Bra99Jou","Knu01Ame",0.175325996610409
"1032","Ett87Env","Pen10Phy",0.175346977504055
"766","Cra05Con","Gie10Jou",0.175618550605446
"17","Alp89Jou","Eec04The",0.176607576320131
"1612","Knu01Ame","Sua80Jou",0.176946384749138
"475","Bos08Reg","Roz11Ame",0.177270462376883
"961","Eec04The","Gon10Jou",0.177373577985711
"1953","Oka79Reg","She12Com",0.177397080012415
"1483","Hol10Nat","Ven13Oec",0.17749811517489
"722","Cie16Mis","Kam90Jou",0.177565078402107
"296","Bat01Urb","Par85Jou",0.177646073660188
"1528","Iye13Eur","Mal80Env",0.177786040421024
"874","Del13Eur","Kra98Urb",0.177904600659227
"67","Ama14Int","Bat01Urb",0.178145471971797
"1250","Gan06Eco","Ros80Jou",0.178578347088857
"1396","Gue95Urb","Nau03Jou",0.178647792294802
"1609","Knu01Ame","Son02Urb",0.178998876391527
"518","Bra99Jou","Mir86Urb",0.179214928143357
"1318","Gie10Jou","Mod15Qua",0.179997023992869
"274","Bat01Urb","Gul12Age",0.180008918331334
"1030","Ett87Env","Par83Jou",0.180187161026594
"207","Ara14Eco","Gab11Jou",0.180307900116762
"1127","Faz15Jou","She12Com",0.180338199119302
"1285","Gan13Eco","Par83Jou",0.180466702367366
"497","Bra99Jou","Gab11Jou",0.180557535087929
"352","Ber12Cit","Nis08Jou",0.180800039684434
"1657","Kru96Jou","Nis08Jou",0.18112411731218
"228","Ara14Eco","Mir86Urb",0.181650507061334
"412","Bla03Jou","Par83Jou",0.181920976335034
"1202","Gab99Qua","Nis08Jou",0.182096350195417
"744","Cie16Mis","Ros80Jou",0.182224220400996
"1330","Gie10Jou","Roz11Ame",0.182415194717346
"872","Del13Eur","Kam90Jou",0.182440259791439
"839","Del04Con","Oka79Reg",0.182488112183588
"1358","Gon10Jou","Mor13Tow",0.182558820029642
"724","Cie16Mis","Kra98Urb",0.18277978204856
"1843","Mir86Urb","Son02Urb",0.182887807924475
"685","Cam90Jou","Nis08Jou",0.183068583078654
"1552","Iye13Eur","Ziq16Asi",0.183677245982645
"139","And05Reg","Del04Con",0.18410444935197
"1171","Gab11Jou","Son02Urb",0.184230414869047
"1047","Ezz15Rev","Gab11Jou",0.184240164258361
"1452","Hol10Nat","Iye13Eur",0.184357579540862
"1802","Mal80Env","Ven13Oec",0.184645504786997
"1908","Mor13Tow","XuZ09Urb",0.184918694391681
"1287","Gan13Eco","Pen10Phy",0.185306885889905
"811","Del04Con","Faz15Jou",0.185429231290476
"219","Ara14Eco","Knu01Ame",0.185539438594282
"1068","Ezz15Rev","Mir86Urb",0.185582771202933
"1939","Nis08Jou","Soo05Reg",0.185689367443254
"1700","Kum14Jou","Ven13Oec",0.186101756487597
"1230","Gan06Eco","Kra98Urb",0.186425655360699
"1224","Gan06Eco","Gul12Age",0.186668713581508
"414","Bla03Jou","Pen10Phy",0.186761159857573
"894","Del13Eur","Ros80Jou",0.187099401790328
"1365","Gon10Jou","Pop74Sov",0.187429804980001
"300","Bat01Urb","Ros80Jou",0.188099284823985
"86","Ama14Int","Gan06Eco",0.188532159941045
"555","Bre00Cyb","Gan13Eco",0.188568643061008
"30","Alp89Jou","Ign15Dis",0.188568986944198
"465","Bos08Reg","Mor13Tow",0.188937256975727
"1246","Gan06Eco","Par85Jou",0.189031558252653
"182","And05Reg","She12Com",0.189195481523144
"1059","Ezz15Rev","Knu01Ame",0.189471702735881
"790","Cra05Con","Par83Jou",0.189756437115851
"1411","Gue95Urb","Sua80Jou",0.189828470452028
"372","Bla03Jou","Bre00Cyb",0.190022917028675
"998","Eec04The","XuZ09Urb",0.190103936435612
"718","Cie16Mis","Gul12Age",0.190314586893647
"2079","Ven13Oec","Ziq16Asi",0.190536710348617
"1597","Knu01Ame","Nau03Jou",0.191529877997693
"75","Ama14Int","Cie16Mis",0.192178033253184
"1274","Gan13Eco","Li_16Wor",0.192182310915832
"740","Cie16Mis","Par85Jou",0.192677431564792
"278","Bat01Urb","Kam90Jou",0.192758426822874
"1524","Iye13Eur","Kum14Jou",0.192961220853569
"1505","Ign15Dis","Par85Jou",0.193564177503005
"401","Bla03Jou","Li_16Wor",0.193636584883499
"1173","Gab11Jou","Soo07Urb",0.193889829528507
"23","Alp89Jou","Gan06Eco",0.194026748811461
"93","Ama14Int","Ign15Dis",0.194063575814613
"1320","Gie10Jou","Mor13Tow",0.19408198931619
"1568","Kam90Jou","Oka79Reg",0.194093037417136
"437","Bos08Reg","Eec04The",0.194122499019658
"1855","Mod15Qua","Par83Jou",0.194134910503274
"1368","Gon10Jou","Roz11Ame",0.194225614628487
"1006","Ett87Env","Gie10Jou",0.194325047536999
"792","Cra05Con","Pen10Phy",0.19459662063839
"1157","Gab11Jou","Mor13Tex",0.194862183163068
"2050","Sch12Reg","Ven13Oec",0.195040897719582
"868","Del13Eur","Gul12Age",0.195189768282979
"1845","Mir86Urb","Soo07Urb",0.195232436473079
"1480","Hol10Nat","Soo05Reg",0.19534805554158
"1831","Mir86Urb","Nau03Jou",0.195418809530641
"1416","Gul12Age","Ign15Dis",0.195927022174151
"1829","Mir86Urb","Mor13Tex",0.19620479010764
"152","And05Reg","Gue95Urb",0.196208748748271
"1966","Par83Jou","Roz11Ame",0.196553081227751
"1356","Gon10Jou","Mod15Qua",0.196643785352963
"1535","Iye13Eur","Nis08Jou",0.196679843443972
"1159","Gab11Jou","Nau03Jou",0.196761416475213
"2056","She12Com","Sua80Jou",0.196841737677155
"1102","Faz15Jou","Kam90Jou",0.197034156524023
"78","Ama14Int","Del13Eur",0.197053214642517
"890","Del13Eur","Par85Jou",0.197552612954125
"626","Bre15Int","Man16Reg",0.197631480442978
"12","Alp89Jou","Cie16Mis",0.1976726221236
"544","Bre00Cyb","Cra05Con",0.197858377809492
"667","Cam90Jou","Hol10Nat",0.197968839906181
"638","Bre15Int","Pum15Cyb",0.198335508180352
"213","Ara14Eco","Gue95Urb",0.198421524297172
"1950","Oka79Reg","Ros80Jou",0.198752179416025
"912","Dim09Urb","Gan13Eco",0.198777088334997
"1184","Gab99Qua","Hol10Nat",0.198941072789418
"1857","Mod15Qua","Pen10Phy",0.198975094025813
"1611","Knu01Ame","Soo07Urb",0.199121368006027
"960","Eec04The","Gie10Jou",0.199267231360121
"438","Bos08Reg","Ett87Env",0.199469779877462
"1456","Hol10Nat","Kru96Jou",0.199913305672655
"1595","Knu01Ame","Mor13Tex",0.200093721640588
"379","Bla03Jou","Dim09Urb",0.200231362302664
"334","Ber12Cit","Hol10Nat",0.2002373833004
"538","Bra99Jou","Ven13Oec",0.200550217391258
"767","Cra05Con","Gon10Jou",0.201022258740387
"1993","Pen10Phy","Roz11Ame",0.20139326475029
"779","Cra05Con","Li_16Wor",0.201472045664316
"1124","Faz15Jou","Ros80Jou",0.201693298522912
"1544","Iye13Eur","Sch12Reg",0.201900362085554
"852","Del04Con","Sua80Jou",0.201932769848329
"574","Bre00Cyb","Mod15Qua",0.202236851196916
"1053","Ezz15Rev","Gue95Urb",0.202353788438772
"15","Alp89Jou","Del13Eur",0.202547803512932
"1044","Ett87Env","XuZ09Urb",0.203488342461508
"1942","Nis08Jou","Ven13Oec",0.203539307809945
"969","Eec04The","Kra98Urb",0.203844827852028
"1697","Kum14Jou","Soo05Reg",0.203951696854287
"1509","Ign15Dis","Ros80Jou",0.204017388666802
"2063","Son02Urb","Ven13Oec",0.204223097172376
"260","Bat01Urb","Del04Con",0.204363352056422
"1153","Gab11Jou","Mal80Env",0.204638187090326
"586","Bre00Cyb","Roz11Ame",0.204655021921392
"243","Ara14Eco","She12Com",0.205434791522299
"1734","Li_16Wor","Mod15Qua",0.205850519051739
"1782","Mal80Env","Mir86Urb",0.205980794034898
"674","Cam90Jou","Kum14Jou",0.206572481218888
"1434","Gul12Age","Oka79Reg",0.206842545908676
"507","Bra99Jou","Iye13Eur",0.207409681757231
"1259","Gan06Eco","XuZ09Urb",0.207523108926942
"1191","Gab99Qua","Kum14Jou",0.207544714102125
"757","Cra05Con","Dim09Urb",0.208066823083481
"1894","Mor13Tow","Par83Jou",0.208219875826595
"1746","Li_16Wor","Roz11Ame",0.208268689776216
"1646","Kru96Jou","Kum14Jou",0.208516946985362
"1487","Ign15Dis","Kam90Jou",0.208676530665691
"111","Ama14Int","Oka79Reg",0.208705992268213
"341","Ber12Cit","Kum14Jou",0.208841024613107
"389","Bla03Jou","Gon10Jou",0.208857719521204
"1626","Kra98Urb","Mor13Tow",0.209030069895959
"158","And05Reg","Knu01Ame",0.209090834451161
"1946","Oka79Reg","Par85Jou",0.209205390579822
"1083","Ezz15Rev","She12Com",0.209367055663899
"303","Bat01Urb","She12Com",0.209454384227595
"1098","Faz15Jou","Gul12Age",0.209783665015563
"1591","Knu01Ame","Mal80Env",0.209869725567846
"1262","Gan13Eco","Gon10Jou",0.210311993488871
"200","Ara14Eco","Del04Con",0.210525823693473
"1177","Gab11Jou","Ziq16Asi",0.210529392651946
"1546","Iye13Eur","Son02Urb",0.211082561538348
"753","Cie16Mis","XuZ09Urb",0.211168982239081
"443","Bos08Reg","Gan06Eco",0.211541671510988
"315","Ber12Cit","Bre15Int",0.211622690917925
"83","Ama14Int","Faz15Jou",0.211647111375101
"1849","Mir86Urb","Ziq16Asi",0.211871999596518
"620","Bre15Int","Kru96Jou",0.21194676854567
"1410","Gue95Urb","Soo07Urb",0.212003453708918
"1120","Faz15Jou","Par85Jou",0.212146509686709
"931","Dim09Urb","Mod15Qua",0.212445296470904
"2047","Sch12Reg","Soo05Reg",0.212890838086272
"607","Bre15Int","Gab99Qua",0.212919001428907
"1394","Gue95Urb","Mor13Tex",0.212975807343479
"167","And05Reg","Mir86Urb",0.21297976598411
"1896","Mor13Tow","Pen10Phy",0.213060059349134
"984","Eec04The","Par83Jou",0.213405117870526
"1474","Hol10Nat","Pum15Cyb",0.213524566037973
"1581","Kam90Jou","Sua80Jou",0.213537695081876
"596","Bre15Int","Cam90Jou",0.213891234312144
"48","Alp89Jou","Oka79Reg",0.214200581138629
"1462","Hol10Nat","Man16Reg",0.214228593775347
"146","And05Reg","Gab11Jou",0.214322372928681
"810","Del04Con","Ezz15Rev",0.214458087835072
"943","Dim09Urb","Roz11Ame",0.214863467195381
"432","Bos08Reg","Cie16Mis",0.215187544823127
"694","Cam90Jou","Sch12Reg",0.215511622450873
"1615","Knu01Ame","Ziq16Asi",0.215760931129466
"903","Del13Eur","XuZ09Urb",0.216044163628413
"576","Bre00Cyb","Mor13Tow",0.216321816520237
"273","Bat01Urb","Gue95Urb",0.216467651452722
"1211","Gab99Qua","Sch12Reg",0.21648385533411
"644","Bre15Int","Soo05Reg",0.216512018676745
"1221","Gan06Eco","Gie10Jou",0.216686403851451
"1925","Nau03Jou","Ven13Oec",0.216754098778542
"18","Alp89Jou","Ett87Env",0.216984702576989
"20","Alp89Jou","Faz15Jou",0.217141700245516
"1666","Kru96Jou","Sch12Reg",0.217456088217347
"361","Ber12Cit","Sch12Reg",0.217780165845092
"2032","Ros80Jou","Sua80Jou",0.218196837080765
"986","Eec04The","Pen10Phy",0.218245301393065
"535","Bra99Jou","Soo05Reg",0.218400157757948
"2055","She12Com","Soo07Urb",0.219016720934045
"1736","Li_16Wor","Mor13Tow",0.21993548437506
"1883","Mor13Tex","She12Com",0.219989074568606
"435","Bos08Reg","Del13Eur",0.22006272621246
"821","Del04Con","Ign15Dis",0.220281455899238
"715","Cie16Mis","Gie10Jou",0.22033227716359
"1636","Kra98Urb","Roz11Ame",0.220696864494803
"487","Bra99Jou","Cam90Jou",0.221020942122549
"548","Bre00Cyb","Eec04The",0.221507058564168
"1031","Ett87Env","Par85Jou",0.221979893135796
"498","Bra99Jou","Gab99Qua",0.221993175005786
"2060","Son02Urb","Soo05Reg",0.222073037539066
"1691","Kum14Jou","Pum15Cyb",0.22212820735068
"218","Ara14Eco","Kam90Jou",0.22213074892702
"81","Ama14Int","Ett87Env",0.222479291447405
"1390","Gue95Urb","Mal80Env",0.222751811270736
"1679","Kum14Jou","Man16Reg",0.222832235088054
"511","Bra99Jou","Kru96Jou",0.222965407889023
"1624","Kra98Urb","Mod15Qua",0.22311503521928
"313","Ber12Cit","Bra99Jou",0.223289485516769
"1160","Gab11Jou","Nis08Jou",0.223531990113274
"1534","Iye13Eur","Nau03Jou",0.223613563144514
"851","Del04Con","Soo07Urb",0.224107753105219
"1009","Ett87Env","Gul12Age",0.224342737806942
"696","Cam90Jou","Son02Urb",0.224693821903667
"1832","Mir86Urb","Nis08Jou",0.224874597057845
"835","Del04Con","Mor13Tex",0.22508010673978
"973","Eec04The","Li_16Wor",0.225120726418991
"637","Bre15Int","Pop74Sov",0.225125925407328
"865","Del13Eur","Gie10Jou",0.225207458552922
"1512","Ign15Dis","She12Com",0.225372488070412
"1213","Gab99Qua","Son02Urb",0.225666054786904
"1058","Ezz15Rev","Kam90Jou",0.22606301306862
"1447","Gul12Age","Sua80Jou",0.226287203573416
"933","Dim09Urb","Mor13Tow",0.226530261794225
"1668","Kru96Jou","Son02Urb",0.226638287670141
"240","Ara14Eco","Ros80Jou",0.22678989092591
"363","Ber12Cit","Son02Urb",0.226962365297886
"775","Cra05Con","Kra98Urb",0.227493508606704
"616","Bre15Int","Iye13Eur",0.227502494677463
"1959","Oka79Reg","XuZ09Urb",0.22769694125411
"124","Ama14Int","Sua80Jou",0.228150649932954
"1414","Gue95Urb","Ziq16Asi",0.228643016832357
"1986","Par85Jou","Sua80Jou",0.228650048244562
"1598","Knu01Ame","Nis08Jou",0.228763528590794
"279","Bat01Urb","Knu01Ame",0.229349737155613
"1797","Mal80Env","She12Com",0.229765078495863
"1133","Faz15Jou","XuZ09Urb",0.230638060360997
"1080","Ezz15Rev","Ros80Jou",0.230722155067509
"1245","Gan06Eco","Par83Jou",0.230824290361856
"2017","Pum15Cyb","Sch12Reg",0.231067348582665
"468","Bos08Reg","Oka79Reg",0.231715503838156
"905","Dim09Urb","Eec04The",0.231715503838156
"1819","Man16Reg","Sch12Reg",0.231771376320039
"1380","Gue95Urb","Ign15Dis",0.232385755295539
"1035","Ett87Env","Ros80Jou",0.232433104299593
"288","Bat01Urb","Mir86Urb",0.233238668688561
"61","Alp89Jou","Sua80Jou",0.233645238803369
"187","And05Reg","Ven13Oec",0.23431505523201
"647","Bre15Int","Ven13Oec",0.234361959043435
"739","Cie16Mis","Par83Jou",0.234470163673995
"267","Bat01Urb","Gab11Jou",0.234581275633133
"1922","Nau03Jou","Soo05Reg",0.234604039145232
"440","Bos08Reg","Faz15Jou",0.234656622945044
"831","Del04Con","Mal80Env",0.234856110667037
"214","Ara14Eco","Gul12Age",0.234880257418561
"1354","Gon10Jou","Man16Reg",0.235327600870305
"397","Bla03Jou","Kra98Urb",0.235328969387521
"2059","She12Com","Ziq16Asi",0.235656284057484
"1247","Gan06Eco","Pen10Phy",0.235664473884395
"1580","Kam90Jou","Soo07Urb",0.235712678338766
"1366","Gon10Jou","Pum15Cyb",0.236031628607678
"529","Bra99Jou","Pum15Cyb",0.236576668254341
"1564","Kam90Jou","Mor13Tex",0.236685031973327
"66","Ama14Int","Ara14Eco",0.236743703778098
"1270","Gan13Eco","Kra98Urb",0.236783243355188
"1323","Gie10Jou","Oka79Reg",0.236860236178619
"1013","Ett87Env","Kam90Jou",0.237092246298482
"684","Cam90Jou","Nau03Jou",0.237224823509833
"236","Ara14Eco","Par85Jou",0.237243102089706
"517","Bra99Jou","Man16Reg",0.237280695991715
"1201","Gab99Qua","Nau03Jou",0.23819705639307
"1054","Ezz15Rev","Gul12Age",0.23881252156016
"554","Bre00Cyb","Gan06Eco",0.238926231055497
"1656","Kru96Jou","Nau03Jou",0.239169289276307
"1265","Gan13Eco","Hol10Nat",0.23924420115678
"741","Cie16Mis","Pen10Phy",0.239310347196534
"889","Del13Eur","Par83Jou",0.239345345063327
"351","Ber12Cit","Nau03Jou",0.239493366904052
"1095","Faz15Jou","Gie10Jou",0.239801355285506
"2019","Pum15Cyb","Son02Urb",0.240249548035459
"2031","Ros80Jou","Soo07Urb",0.240371820337655
"82","Ama14Int","Ezz15Rev",0.240675967919697
"392","Bla03Jou","Hol10Nat",0.240698475124448
"855","Del04Con","Ziq16Asi",0.240747316228658
"1821","Man16Reg","Son02Urb",0.240953575772833
"156","And05Reg","Iye13Eur",0.241174519597983
"1076","Ezz15Rev","Par85Jou",0.241175366231305
"1880","Mor13Tex","Ros80Jou",0.241344173972216
"1397","Gue95Urb","Nis08Jou",0.241645614293684
"3","Alp89Jou","Ara14Eco",0.242238292648513
"1234","Gan06Eco","Li_16Wor",0.242539898910321
"543","Bre00Cyb","Cie16Mis",0.242572104367636
"891","Del13Eur","Pen10Phy",0.244185528585866
"1488","Ign15Dis","Knu01Ame",0.24526784099843
"19","Alp89Jou","Ezz15Rev",0.246170556790113
"728","Cie16Mis","Li_16Wor",0.24618577222246
"1560","Kam90Jou","Mal80Env",0.246461035900584
"2076","Sua80Jou","XuZ09Urb",0.24714159891885
"546","Bre00Cyb","Del13Eur",0.247447285756969
"1272","Gan13Eco","Kum14Jou",0.247847842469488
"1446","Gul12Age","Soo07Urb",0.248462186830306
"770","Cra05Con","Hol10Nat",0.248533935905265
"1937","Nis08Jou","She12Com",0.248658881518811
"809","Del04Con","Ett87Env",0.24869717153203
"911","Dim09Urb","Gan06Eco",0.249134676329486
"1497","Ign15Dis","Mir86Urb",0.249156772531378
"399","Bla03Jou","Kum14Jou",0.249302116437155
"331","Ber12Cit","Gon10Jou",0.249318811345251
"1430","Gul12Age","Mor13Tex",0.249434540464867
"1348","Gon10Jou","Kru96Jou",0.249642888972997
"123","Ama14Int","Soo07Urb",0.250325633189844
"1143","Gab11Jou","Ign15Dis",0.25049937947595
"1181","Gab99Qua","Gon10Jou",0.250615121856234
"1985","Par85Jou","Soo07Urb",0.250825031501452
"1945","Oka79Reg","Par83Jou",0.250998122689024
"878","Del13Eur","Li_16Wor",0.251060953611792
"1794","Mal80Env","Ros80Jou",0.251120177899474
"481","Bos08Reg","Sua80Jou",0.251160161502897
"107","Ama14Int","Mor13Tex",0.251297986824405
"664","Cam90Jou","Gon10Jou",0.251587354739471
"1876","Mor13Tex","Par85Jou",0.251797385136013
"184","And05Reg","Soo05Reg",0.252164995598701
"1584","Kam90Jou","Ziq16Asi",0.252352241462205
"1916","Nau03Jou","Pum15Cyb",0.252780549641625
"706","Cie16Mis","Dim09Urb",0.252780549641625
"1464","Hol10Nat","Mod15Qua",0.252912409292688
"1809","Man16Reg","Nau03Jou",0.253484577378999
"838","Del04Con","Nis08Jou",0.253749913689985
"1038","Ett87Env","She12Com",0.253788203703203
"1119","Faz15Jou","Par83Jou",0.253939241795911
"1372","Gon10Jou","Soo05Reg",0.254208139104071
"606","Bre15Int","Gab11Jou",0.254354641346764
"308","Bat01Urb","Ven13Oec",0.254573957936462
"136","And05Reg","Cam90Jou",0.254785779963301
"1476","Hol10Nat","Roz11Ame",0.255330580017165
"627","Bre15Int","Mir86Urb",0.255697248291336
"249","Ara14Eco","XuZ09Urb",0.255734652763995
"147","And05Reg","Gab99Qua",0.255758012846538
"60","Alp89Jou","Soo07Urb",0.255820222060259
"1947","Oka79Reg","Pen10Phy",0.255838306211563
"1932","Nis08Jou","Pop74Sov",0.255948576640818
"1336","Gie10Jou","Sua80Jou",0.256304893843359
"160","And05Reg","Kru96Jou",0.256730245729775
"1292","Gan13Eco","Sch12Reg",0.256786983701472
"44","Alp89Jou","Mor13Tex",0.25679257569482
"2035","Ros80Jou","Ziq16Asi",0.257011383461094
"130","And05Reg","Ber12Cit",0.257054323357521
"777","Cra05Con","Kum14Jou",0.257137577217972
"856","Del13Eur","Dim09Urb",0.257655731030958
"419","Bla03Jou","Sch12Reg",0.25824125766914
"1121","Faz15Jou","Pen10Phy",0.25877942531845
"579","Bre00Cyb","Oka79Reg",0.259100063382666
"1426","Gul12Age","Mal80Env",0.259210544392124
"618","Bre15Int","Knu01Ame",0.259586179824284
"1089","Ezz15Rev","XuZ09Urb",0.259666916905594
"193","Ara14Eco","Bos08Reg",0.259753215348041
"1008","Ett87Env","Gue95Urb",0.26080147092833
"103","Ama14Int","Mal80Env",0.261073990751662
"277","Bat01Urb","Iye13Eur",0.261433422302434
"1681","Kum14Jou","Mod15Qua",0.261516050605395
"1790","Mal80Env","Par85Jou",0.26157338906327
"1622","Kra98Urb","Man16Reg",0.261798850736621
"551","Bre00Cyb","Faz15Jou",0.262041182489553
"500","Bra99Jou","Gan13Eco",0.262296303373149
"1634","Kra98Urb","Pum15Cyb",0.262502878473995
"1739","Li_16Wor","Oka79Reg",0.262713731237489
"439","Bos08Reg","Ezz15Rev",0.26368547948964
"371","Bla03Jou","Bra99Jou",0.263750577340816
"1693","Kum14Jou","Roz11Ame",0.263934221329872
"211","Ara14Eco","Gie10Jou",0.264897947688503
"1450","Gul12Age","Ziq16Asi",0.265101749953745
"1344","Gon10Jou","Iye13Eur",0.265198615104789
"1567","Kam90Jou","Nis08Jou",0.265354838923532
"1108","Faz15Jou","Li_16Wor",0.265654850344376
"1294","Gan13Eco","Son02Urb",0.265969183154267
"797","Cra05Con","Sch12Reg",0.266076718449957
"40","Alp89Jou","Mal80Env",0.266568579622077
"127","Ama14Int","Ziq16Asi",0.266965196313283
"1466","Hol10Nat","Mor13Tow",0.266997374616009
"421","Bla03Jou","Son02Urb",0.267423457121934
"1989","Par85Jou","Ziq16Asi",0.267464594624891
"1051","Ezz15Rev","Gie10Jou",0.268830211830103
"2014","Pop74Sov","Ziq16Asi",0.268951174102145
"936","Dim09Urb","Oka79Reg",0.269308508656654
"2073","Soo07Urb","XuZ09Urb",0.26931658217574
"1934","Nis08Jou","Ros80Jou",0.270013980922421
"1889","Mor13Tex","XuZ09Urb",0.270288935810301
"178","And05Reg","Pum15Cyb",0.270341506095094
"1972","Par83Jou","Sua80Jou",0.270442780353764
"1862","Mod15Qua","Sch12Reg",0.27045519183738
"1517","Ign15Dis","Ven13Oec",0.270492061779279
"166","And05Reg","Man16Reg",0.271045533832467
"489","Bra99Jou","Cra05Con",0.271586038121633
"1375","Gon10Jou","Ven13Oec",0.272058079470762
"964","Eec04The","Hol10Nat",0.27218261665994
"908","Dim09Urb","Faz15Jou",0.272249627763542
"305","Bat01Urb","Soo05Reg",0.272423898303152
"64","Alp89Jou","Ziq16Asi",0.272459785183698
"612","Bre15Int","Gue95Urb",0.272468265527175
"2036","Roz11Ame","Sch12Reg",0.272873362561857
"480","Bos08Reg","Soo07Urb",0.273335144759786
"1014","Ett87Env","Knu01Ame",0.273683556631221
"464","Bos08Reg","Mor13Tex",0.274307498394347
"1792","Mal80Env","Pop74Sov",0.274842379663766
"257","Bat01Urb","Cam90Jou",0.275044682667753
"799","Cra05Con","Son02Urb",0.275258917902751
"1999","Pen10Phy","Sua80Jou",0.275282963876303
"1683","Kum14Jou","Mor13Tow",0.275601015928716
"339","Ber12Cit","Kra98Urb",0.275790061211568
"519","Bra99Jou","Mod15Qua",0.275964511509056
"268","Bat01Urb","Gab99Qua",0.27601691555099
"1616","Kra98Urb","Kru96Jou",0.276114138839314
"1717","LeG08Emp","Pop74Sov",0.276905251090289
"281","Bat01Urb","Kru96Jou",0.276989148434227
"1189","Gab99Qua","Kra98Urb",0.277086371722551
"251","Bat01Urb","Ber12Cit",0.277313226061972
"1486","Ign15Dis","Iye13Eur",0.277351526145251
"1023","Ett87Env","Mir86Urb",0.277572488164169
"672","Cam90Jou","Kra98Urb",0.278058604605788
"1433","Gul12Age","Nis08Jou",0.278104347415072
"531","Bra99Jou","Roz11Ame",0.278382682233533
"1335","Gie10Jou","Soo07Urb",0.278479877100249
"1282","Gan13Eco","Nau03Jou",0.278500184760433
"592","Bre00Cyb","Sua80Jou",0.278544721047406
"1002","Ett87Env","Gab11Jou",0.278915095108741
"235","Ara14Eco","Par83Jou",0.279035834198908
"1319","Gie10Jou","Mor13Tex",0.27945223073481
"642","Bre15Int","She12Com",0.279481532752302
"1864","Mod15Qua","Son02Urb",0.279637391290174
"409","Bla03Jou","Nau03Jou",0.2799544587281
"110","Ama14Int","Nis08Jou",0.27996779377461
"1803","Mal80Env","XuZ09Urb",0.280064939737558
"1930","Nis08Jou","Par85Jou",0.280467192086218
"1640","Kra98Urb","Soo05Reg",0.280679388970388
"971","Eec04The","Kum14Jou",0.280786257972647
"2038","Roz11Ame","Son02Urb",0.282055562014651
"1752","Li_16Wor","Sua80Jou",0.282158388902229
"1075","Ezz15Rev","Par83Jou",0.282968098340508
"237","Ara14Eco","Pen10Phy",0.283876017721447
"460","Bos08Reg","Mal80Env",0.284083502321605
"1901","Mor13Tow","Sch12Reg",0.284540157160701
"599","Bre15Int","Del04Con",0.284572564923475
"1878","Mor13Tex","Pop74Sov",0.284618383591023
"47","Alp89Jou","Nis08Jou",0.285462382645025
"2010","Pop74Sov","Soo07Urb",0.285590737225584
"2080","XuZ09Urb","Ziq16Asi",0.285956145299179
"195","Ara14Eco","Bre00Cyb",0.28713777489255
"787","Cra05Con","Nau03Jou",0.287789919508917
"1077","Ezz15Rev","Pen10Phy",0.287808281863047
"1514","Ign15Dis","Soo05Reg",0.288342002145969
"949","Dim09Urb","Sua80Jou",0.288753166321395
"1315","Gie10Jou","Mal80Env",0.289228234662067
"1225","Gan06Eco","Hol10Nat",0.28960178915127
"991","Eec04The","Sch12Reg",0.289725399204632
"484","Bos08Reg","Ziq16Asi",0.289974707883225
"521","Bra99Jou","Mor13Tow",0.290049476832377
"299","Bat01Urb","Pum15Cyb",0.290600408799545
"224","Ara14Eco","Li_16Wor",0.290751442747374
"668","Cam90Jou","Ign15Dis",0.29096278651057
"550","Bre00Cyb","Ezz15Rev",0.29107003903415
"287","Bat01Urb","Man16Reg",0.291304436536919
"1522","Iye13Eur","Kra98Urb",0.291669864971106
"1185","Gab99Qua","Ign15Dis",0.291935019393807
"1139","Gab11Jou","Gon10Jou",0.292050761774091
"1852","Mod15Qua","Nau03Jou",0.29216839289634
"1971","Par83Jou","Soo07Urb",0.292617763610654
"1490","Ign15Dis","Kru96Jou",0.292907252277044
"335","Ber12Cit","Ign15Dis",0.293231329904789
"719","Cie16Mis","Hol10Nat",0.293247662463409
"1355","Gon10Jou","Mir86Urb",0.293393368718662
"1875","Mor13Tex","Par83Jou",0.293590117245215
"1903","Mor13Tow","Son02Urb",0.293722356613495
"1918","Nau03Jou","Roz11Ame",0.294586563620817
"1064","Ezz15Rev","Li_16Wor",0.294683706888973
"1339","Gie10Jou","Ziq16Asi",0.295119440223688
"493","Bra99Jou","Eec04The",0.295234718876308
"1078","Ezz15Rev","Pop74Sov",0.295240402495731
"149","And05Reg","Gan13Eco",0.296061141213901
"617","Bre15Int","Kam90Jou",0.296177490157023
"1346","Gon10Jou","Knu01Ame",0.297282300251611
"202","Ara14Eco","Dim09Urb",0.297346220166539
"1998","Pen10Phy","Soo07Urb",0.297457947133193
"131","And05Reg","Bla03Jou",0.297515415181568
"869","Del13Eur","Hol10Nat",0.298122843852741
"1232","Gan06Eco","Kum14Jou",0.298205430463977
"1877","Mor13Tex","Pen10Phy",0.298430300767754
"1643","Kra98Urb","Ven13Oec",0.298529329337079
"993","Eec04The","Son02Urb",0.298907598657426
"1043","Ett87Env","Ven13Oec",0.29890777741207
"1943","Nis08Jou","XuZ09Urb",0.298958742760506
"238","Ara14Eco","Pop74Sov",0.29917266663733
"591","Bre00Cyb","Soo07Urb",0.300719704304296
"639","Bre15Int","Ros80Jou",0.300836632155912
"907","Dim09Urb","Ezz15Rev",0.301278484308138
"575","Bre00Cyb","Mor13Tex",0.301692057938857
"726","Cie16Mis","Kum14Jou",0.301851303776116
"467","Bos08Reg","Nis08Jou",0.302977305344553
"1789","Mal80Env","Par83Jou",0.303366121172472
"1751","Li_16Wor","Soo07Urb",0.304333372159119
"1735","Li_16Wor","Mor13Tex",0.30530572579368
"138","And05Reg","Cra05Con",0.305350875962385
"1012","Ett87Env","Iye13Eur",0.305767241778043
"1891","Mor13Tow","Nau03Jou",0.306253358219661
"1508","Ign15Dis","Pum15Cyb",0.306518512642362
"876","Del13Eur","Kum14Jou",0.306726485165448
"1252","Gan06Eco","Sch12Reg",0.307144571695962
"1496","Ign15Dis","Man16Reg",0.307222540379736
"2011","Pop74Sov","Sua80Jou",0.307765720482474
"1322","Gie10Jou","Nis08Jou",0.308122037685015
"1791","Mal80Env","Pen10Phy",0.308206304695011
"613","Bre15Int","Gul12Age",0.308926998648563
"1975","Par83Jou","Ziq16Asi",0.309257326734093
"168","And05Reg","Mod15Qua",0.309729349349809
"1469","Hol10Nat","Oka79Reg",0.309775621478438
"1340","Gon10Jou","Gue95Urb",0.310164385954501
"73","Ama14Int","Bre15Int",0.3107904450081
"746","Cie16Mis","Sch12Reg",0.310790445008101
"948","Dim09Urb","Soo07Urb",0.310928149578285
"635","Bre15Int","Par85Jou",0.311289843319709
"981","Eec04The","Nau03Jou",0.311438600263592
"571","Bre00Cyb","Mal80Env",0.311468061866114
"932","Dim09Urb","Mor13Tex",0.311900503212846
"180","And05Reg","Roz11Ame",0.312147520074285
"499","Bra99Jou","Gan06Eco",0.312653891367638
"1099","Faz15Jou","Hol10Nat",0.312716740585325
"2002","Pen10Phy","Ziq16Asi",0.314097510256632
"1731","Li_16Wor","Mal80Env",0.315081729720938
"896","Del13Eur","Sch12Reg",0.315665626397433
"10","Alp89Jou","Bre15Int",0.316285033878516
"488","Bra99Jou","Cie16Mis",0.316299764679777
"270","Bat01Urb","Gan13Eco",0.316320043918353
"1254","Gan06Eco","Son02Urb",0.316326771148756
"1040","Ett87Env","Soo05Reg",0.31675771777876
"1370","Gon10Jou","She12Com",0.317177653179628
"595","Bre00Cyb","Ziq16Asi",0.317359267427735
"252","Bat01Urb","Bla03Jou",0.31777431788602
"1686","Kum14Jou","Oka79Reg",0.318379262791145
"1147","Gab11Jou","Kra98Urb",0.318522011640407
"656","Cam90Jou","Ett87Env",0.319378502143361
"1623","Kra98Urb","Mir86Urb",0.319864618584979
"748","Cie16Mis","Son02Urb",0.319972644460895
"1003","Ett87Env","Gab99Qua",0.320350735026598
"1755","Li_16Wor","Ziq16Asi",0.320972935282558
"491","Bra99Jou","Del13Eur",0.32117494606911
"1106","Faz15Jou","Kum14Jou",0.321320381898032
"1016","Ett87Env","Kru96Jou",0.321322967909835
"323","Ber12Cit","Ett87Env",0.321647045537581
"928","Dim09Urb","Mal80Env",0.321676507140103
"1929","Nis08Jou","Par83Jou",0.32225992419542
"817","Del04Con","Gon10Jou",0.322268685350802
"1585","Knu01Ame","Kra98Urb",0.323753550117928
"170","And05Reg","Mor13Tow",0.32381431467313
"1122","Faz15Jou","Pop74Sov",0.324269259040327
"898","Del13Eur","Son02Urb",0.324847825850227
"259","Bat01Urb","Cra05Con",0.325609778666837
"1931","Nis08Jou","Pen10Phy",0.327100107717959
"1948","Oka79Reg","Pop74Sov",0.327210378147215
"1952","Oka79Reg","Sch12Reg",0.32731840402313
"952","Dim09Urb","Ziq16Asi",0.327567712701723
"1242","Gan06Eco","Nau03Jou",0.328857772754922
"142","And05Reg","Eec04The",0.32899955671706
"1482","Hol10Nat","Sua80Jou",0.329220279143178
"648","Bre15Int","XuZ09Urb",0.329781393993997
"289","Bat01Urb","Mod15Qua",0.32998825205426
"1126","Faz15Jou","Sch12Reg",0.330259523130017
"578","Bre00Cyb","Nis08Jou",0.330361864889062
"1266","Gan13Eco","Ign15Dis",0.33223814776117
"301","Bat01Urb","Roz11Ame",0.332406422778737
"736","Cie16Mis","Nau03Jou",0.332503646067061
"524","Bra99Jou","Oka79Reg",0.332827723694806
"393","Bla03Jou","Ign15Dis",0.333692421728837
"430","Bos08Reg","Bre15Int",0.333799956578043
"1345","Gon10Jou","Kam90Jou",0.333873610584349
"1738","Li_16Wor","Nis08Jou",0.333975532743885
"1034","Ett87Env","Pum15Cyb",0.334934228275153
"1022","Ett87Env","Man16Reg",0.335638256012527
"496","Bra99Jou","Faz15Jou",0.335768842801694
"1954","Oka79Reg","Son02Urb",0.336500603475924
"1384","Gue95Urb","Kra98Urb",0.336635635820818
"886","Del13Eur","Nau03Jou",0.337378827456393
"215","Ara14Eco","Hol10Nat",0.337813332988323
"1699","Kum14Jou","Sua80Jou",0.337823920455885
"1367","Gon10Jou","Ros80Jou",0.338532752583238
"892","Del13Eur","Pop74Sov",0.338863155772911
"610","Bre15Int","Gie10Jou",0.338944688918506
"1128","Faz15Jou","Son02Urb",0.339441722582811
"935","Dim09Urb","Nis08Jou",0.340570310163051
"771","Cra05Con","Ign15Dis",0.341527882509654
"1055","Ezz15Rev","Hol10Nat",0.341745597129922
"1638","Kra98Urb","She12Com",0.343648903045945
"742","Cie16Mis","Pop74Sov",0.343738337162244
"291","Bat01Urb","Mor13Tow",0.344073217377581
"1498","Ign15Dis","Mod15Qua",0.345906355897077
"222","Ara14Eco","Kum14Jou",0.34641697430103
"148","And05Reg","Gan06Eco",0.34641872920839
"1341","Gon10Jou","Gul12Age",0.346623119075889
"2049","Sch12Reg","Sua80Jou",0.34676306168787
"1248","Gan06Eco","Pop74Sov",0.347384210474383
"1510","Ign15Dis","Roz11Ame",0.348324526621554
"89","Ama14Int","Gon10Jou",0.348486565435427
"825","Del04Con","Kra98Urb",0.348739935217119
"1363","Gon10Jou","Par85Jou",0.348985963747035
"1911","Nau03Jou","Oka79Reg",0.34903160508209
"263","Bat01Urb","Eec04The",0.349258459421512
"137","And05Reg","Cie16Mis",0.350064602520529
"1062","Ezz15Rev","Kum14Jou",0.350349238442629
"1481","Hol10Nat","Soo07Urb",0.351395262400068
"1116","Faz15Jou","Nau03Jou",0.351972724188977
"537","Bra99Jou","Sua80Jou",0.352272381359547
"1465","Hol10Nat","Mor13Tex",0.352367616034629
"634","Bre15Int","Par83Jou",0.353082575428911
"26","Alp89Jou","Gon10Jou",0.353981154305842
"140","And05Reg","Del13Eur",0.354939783909862
"242","Ara14Eco","Sch12Reg",0.355356115533014
"2062","Son02Urb","Sua80Jou",0.355945261140664
"636","Bre15Int","Pen10Phy",0.35792275895145
"1082","Ezz15Rev","Sch12Reg",0.359288379674614
"1500","Ign15Dis","Mor13Tow",0.359991321220398
"1698","Kum14Jou","Soo07Urb",0.359998903712775
"1554","Kam90Jou","Kra98Urb",0.360344860450666
"1005","Ett87Env","Gan13Eco",0.360653863393961
"194","Ara14Eco","Bra99Jou",0.360865435204691
"1682","Kum14Jou","Mor13Tex",0.360971257347336
"541","Bre00Cyb","Bre15Int",0.361184516122553
"381","Bla03Jou","Ett87Env",0.362108137361628
"1461","Hol10Nat","Mal80Env",0.362143619961886
"244","Ara14Eco","Son02Urb",0.364538314985809
"495","Bra99Jou","Ezz15Rev",0.36479769934629
"623","Bre15Int","Li_16Wor",0.364798183977376
"987","Eec04The","Pop74Sov",0.364803382965713
"1635","Kra98Urb","Ros80Jou",0.365004002449555
"965","Eec04The","Ign15Dis",0.365176563264329
"173","And05Reg","Oka79Reg",0.366592561535559
"269","Bat01Urb","Gan06Eco",0.366677631912842
"1376","Gon10Jou","XuZ09Urb",0.367477514421323
"1485","Hol10Nat","Ziq16Asi",0.368034825523507
"1084","Ezz15Rev","Son02Urb",0.368470579127408
"1924","Nau03Jou","Sua80Jou",0.36847626274683
"2048","Sch12Reg","Soo07Urb",0.36893804494476
"145","And05Reg","Faz15Jou",0.369533680642446
"1882","Mor13Tex","Sch12Reg",0.369910398579321
"759","Cra05Con","Ett87Env",0.369943598142445
"1897","Mor13Tow","Pop74Sov",0.369988625009643
"258","Bat01Urb","Cie16Mis",0.370323505224981
"1678","Kum14Jou","Mal80Env",0.370747261274594
"601","Bre15Int","Dim09Urb",0.371392961396541
"446","Bos08Reg","Gon10Jou",0.37149607700537
"1420","Gul12Age","Kra98Urb",0.373094368942206
"1024","Ett87Env","Mod15Qua",0.374322071529868
"536","Bra99Jou","Soo07Urb",0.374447364616436
"97","Ama14Int","Kra98Urb",0.374957815301744
"261","Bat01Urb","Del13Eur",0.375198686614313
"520","Bra99Jou","Mor13Tex",0.375419718250997
"1631","Kra98Urb","Par85Jou",0.375457213613352
"1702","Kum14Jou","Ziq16Asi",0.376638466836214
"1301","Gie10Jou","Gon10Jou",0.376640809345832
"1036","Ett87Env","Roz11Ame",0.376740242254345
"232","Ara14Eco","Nau03Jou",0.377069316591975
"2061","Son02Urb","Soo07Urb",0.378120244397554
"1884","Mor13Tex","Son02Urb",0.379092598032115
"1796","Mal80Env","Sch12Reg",0.379686402506578
"34","Alp89Jou","Kra98Urb",0.380452404172159
"1072","Ezz15Rev","Nau03Jou",0.381001580733574
"1468","Hol10Nat","Nis08Jou",0.381037422984834
"2005","Pop74Sov","Roz11Ame",0.381655419608488
"1226","Gan06Eco","Ign15Dis",0.382595735755659
"1858","Mod15Qua","Pop74Sov",0.384073590332964
"516","Bra99Jou","Mal80Env",0.385195722178255
"2052","Sch12Reg","Ziq16Asi",0.385577608068199
"186","And05Reg","Sua80Jou",0.386037219200299
"720","Cie16Mis","Ign15Dis",0.386241609067798
"294","Bat01Urb","Oka79Reg",0.38685146424001
"1026","Ett87Env","Mor13Tow",0.388407036853189
"793","Cra05Con","Pop74Sov",0.388452063720388
"1798","Mal80Env","Son02Urb",0.388868601959373
"1685","Kum14Jou","Nis08Jou",0.389641064297541
"266","Bat01Urb","Faz15Jou",0.389792583346897
"1923","Nau03Jou","Soo07Urb",0.39065124600372
"1362","Gon10Jou","Par83Jou",0.390778695856237
"540","Bra99Jou","Ziq16Asi",0.391086927739875
"870","Del13Eur","Ign15Dis",0.39111679045713
"1872","Mor13Tex","Nau03Jou",0.391623599638281
"953","Eec04The","Ett87Env",0.39359227889712
"1644","Kra98Urb","XuZ09Urb",0.39394876428764
"128","And05Reg","Ara14Eco",0.394630273045443
"2065","Son02Urb","Ziq16Asi",0.394759807520993
"1364","Gon10Jou","Pen10Phy",0.395618879378776
"415","Bla03Jou","Pop74Sov",0.396287524501205
"1288","Gan13Eco","Pop74Sov",0.397741798468872
"454","Bos08Reg","Kra98Urb",0.397967326871687
"144","And05Reg","Ezz15Rev",0.398562537187042
"1936","Nis08Jou","Sch12Reg",0.398580205529526
"557","Bre00Cyb","Gon10Jou",0.398880636549879
"1786","Mal80Env","Nau03Jou",0.401399603565538
"1351","Gon10Jou","Li_16Wor",0.402494304404702
"1503","Ign15Dis","Oka79Reg",0.402769568082827
"1309","Gie10Jou","Kra98Urb",0.403112059212149
"523","Bra99Jou","Nis08Jou",0.404089525201203
"1100","Faz15Jou","Ign15Dis",0.405710687189714
"307","Bat01Urb","Sua80Jou",0.40629612190475
"1927","Nau03Jou","Ziq16Asi",0.407290809127159
"1938","Nis08Jou","Son02Urb",0.40776240498232
"185","And05Reg","Soo07Urb",0.408212202457189
"914","Dim09Urb","Gon10Jou",0.409089081823868
"169","And05Reg","Mor13Tex",0.40918455609175
"1004","Ett87Env","Gan06Eco",0.41101145138845
"614","Bre15Int","Hol10Nat",0.411860074218325
"708","Cie16Mis","Ett87Env",0.414657324700589
"190","Ara14Eco","Bat01Urb",0.414889175749895
"1630","Kra98Urb","Par83Jou",0.417249945722554
"265","Bat01Urb","Ezz15Rev",0.418821439891494
"165","And05Reg","Mal80Env",0.418960560019007
"858","Del13Eur","Ett87Env",0.419532506089921
"1910","Nau03Jou","Nis08Jou",0.420293406588486
"621","Bre15Int","Kum14Jou",0.420463715531032
"1632","Kra98Urb","Pen10Phy",0.422090129245093
"1516","Ign15Dis","Sua80Jou",0.422214225747567
"1815","Man16Reg","Pop74Sov",0.422757405850306
"2003","Pop74Sov","Pum15Cyb",0.423461433587679
"189","And05Reg","Ziq16Asi",0.424851765580628
"565","Bre00Cyb","Kra98Urb",0.425351886416196
"306","Bat01Urb","Soo07Urb",0.42847110516164
"1619","Kra98Urb","Li_16Wor",0.428965554271019
"641","Bre15Int","Sch12Reg",0.429402856763017
"290","Bat01Urb","Mor13Tex",0.429443458796201
"216","Ara14Eco","Ign15Dis",0.430807279592712
"1029","Ett87Env","Oka79Reg",0.431185283715618
"1001","Ett87Env","Faz15Jou",0.434126402822506
"1056","Ezz15Rev","Ign15Dis",0.434739543734311
"486","Bra99Jou","Bre15Int",0.434912176434693
"922","Dim09Urb","Kra98Urb",0.435560331690185
"357","Ber12Cit","Pop74Sov",0.436748616325252
"1662","Kru96Jou","Pop74Sov",0.437072693952998
"172","And05Reg","Nis08Jou",0.437854363041955
"1618","Kra98Urb","LeG08Emp",0.437863806203973
"1207","Gab99Qua","Pop74Sov",0.438044926836235
"643","Bre15Int","Son02Urb",0.438585056215811
"690","Cam90Jou","Pop74Sov",0.439017159719472
"286","Bat01Urb","Mal80Env",0.439219462723459
"2009","Pop74Sov","Soo05Reg",0.441637944084072
"1515","Ign15Dis","Soo07Urb",0.444389209004457
"310","Bat01Urb","Ziq16Asi",0.445110668285079
"1499","Ign15Dis","Mor13Tex",0.445361562639018
"1342","Gon10Jou","Hol10Nat",0.449556194645651
"1768","Luc14Eco","Pop74Sov",0.450089812000782
"1042","Ett87Env","Sua80Jou",0.450629941380358
"631","Bre15Int","Nau03Jou",0.451116057821977
"1540","Iye13Eur","Pop74Sov",0.45262842008479
"1495","Ign15Dis","Mal80Env",0.455137566566276
"293","Bat01Urb","Nis08Jou",0.458113265746406
"1349","Gon10Jou","Kum14Jou",0.458159835958358
"204","Ara14Eco","Ett87Env",0.459222995225503
"2012","Pop74Sov","Ven13Oec",0.459487884450763
"1519","Ign15Dis","Ziq16Asi",0.461028772127896
"1000","Ett87Env","Ezz15Rev",0.463155259367102
"1350","Gon10Jou","LeG08Emp",0.46433505607029
"1369","Gon10Jou","Sch12Reg",0.467098977190343
"135","And05Reg","Bre15Int",0.468677014275446
"502","Bra99Jou","Gon10Jou",0.47260829686202
"1041","Ett87Env","Soo07Urb",0.472804924637248
"1025","Ett87Env","Mor13Tex",0.473777278271809
"1502","Ign15Dis","Nis08Jou",0.474031369589223
"1455","Hol10Nat","Kra98Urb",0.476027444511968
"1371","Gon10Jou","Son02Urb",0.476281176643137
"1165","Gab11Jou","Pop74Sov",0.479480566754092
"1837","Mir86Urb","Pop74Sov",0.480823173698664
"1021","Ett87Env","Mal80Env",0.483553282199067
"1617","Kra98Urb","Kum14Jou",0.484631085824675
"1603","Knu01Ame","Pop74Sov",0.484712105231612
"1359","Gon10Jou","Nau03Jou",0.488812178249303
"256","Bat01Urb","Bre15Int",0.488935916979897
"1045","Ett87Env","Ziq16Asi",0.489444487760687
"1637","Kra98Urb","Sch12Reg",0.49357022705666
"1402","Gue95Urb","Pop74Sov",0.497594190934502
"510","Bra99Jou","Kra98Urb",0.499079546728337
"622","Bre15Int","LeG08Emp",0.502031176497617
"1028","Ett87Env","Nis08Jou",0.502447085222015
"1639","Kra98Urb","Son02Urb",0.502752426509454
"2007","Pop74Sov","She12Com",0.504607458159629
"615","Bre15Int","Ign15Dis",0.504854020822714
"151","And05Reg","Gon10Jou",0.506373134702772
"843","Del04Con","Pop74Sov",0.509698490330803
"1627","Kra98Urb","Nau03Jou",0.51528342811562
"1572","Kam90Jou","Pop74Sov",0.52130341556435
"2004","Pop74Sov","Ros80Jou",0.525962557563239
"272","Bat01Urb","Gon10Jou",0.526632037407223
"159","And05Reg","Kra98Urb",0.532844384569089
"1712","LeG08Emp","Nis08Jou",0.532853827731107
"603","Bre15Int","Ett87Env",0.533269736455505
"1438","Gul12Age","Pop74Sov",0.53405292405589
"115","Ama14Int","Pop74Sov",0.535916370415428
"1977","Par85Jou","Pop74Sov",0.536415768727036
"52","Alp89Jou","Pop74Sov",0.541410959285843
"1343","Gon10Jou","Ign15Dis",0.54255014125004
"1729","LeG08Emp","Ziq16Asi",0.545856425192434
"1705","LeG08Emp","Mal80Env",0.551747630754055
"280","Bat01Urb","Kra98Urb",0.55310328727354
"2013","Pop74Sov","XuZ09Urb",0.554907319401324
"472","Bos08Reg","Pop74Sov",0.558925881985371
"1709","LeG08Emp","Mor13Tex",0.561523634681312
"1725","LeG08Emp","Soo07Urb",0.562495988315873
"1327","Gie10Jou","Pop74Sov",0.564070614325833
"1489","Ign15Dis","Kra98Urb",0.569021391116357
"1007","Ett87Env","Gon10Jou",0.570965856882831
"1063","Ezz15Rev","LeG08Emp",0.57214565358602
"223","Ara14Eco","LeG08Emp",0.576077917727619
"1963","Par83Jou","Pop74Sov",0.578208500836238
"1990","Pen10Phy","Pop74Sov",0.583048684358777
"1726","LeG08Emp","Sua80Jou",0.584670971572763
"583","Bre00Cyb","Pop74Sov",0.58631044152988
"1743","Li_16Wor","Pop74Sov",0.589924109384704
"940","Dim09Urb","Pop74Sov",0.596518886803869
"1015","Ett87Env","Kra98Urb",0.597437106749148
"1107","Faz15Jou","LeG08Emp",0.601174510130616
"1713","LeG08Emp","Oka79Reg",0.604115629237504
"1620","Kra98Urb","Luc14Eco",0.611048367114467
"877","Del13Eur","LeG08Emp",0.6157684068632
"727","Cie16Mis","LeG08Emp",0.620643588252533
"1233","Gan06Eco","LeG08Emp",0.624289461564672
"1473","Hol10Nat","Pop74Sov",0.636985999625652
"1352","Gon10Jou","Luc14Eco",0.637519616980784
"972","Eec04The","LeG08Emp",0.641708634056002
"1690","Kum14Jou","Pop74Sov",0.645589640938359
"1710","LeG08Emp","Mor13Tow",0.646893876099932
"2006","Pop74Sov","Sch12Reg",0.654528782170344
"1720","LeG08Emp","Roz11Ame",0.658560670698777
"528","Bra99Jou","Pop74Sov",0.660038101842021
"1708","LeG08Emp","Mod15Qua",0.660978841423253
"2008","Pop74Sov","Son02Urb",0.663710981623138
"778","Cra05Con","LeG08Emp",0.665357314810677
"400","Bla03Jou","LeG08Emp",0.673192775591494
"1273","Gan13Eco","LeG08Emp",0.674647049559161
"624","Bre15Int","Luc14Eco",0.67521573740811
"1915","Nau03Jou","Pop74Sov",0.676241983229304
"177","And05Reg","Pop74Sov",0.693802939682773
"1706","LeG08Emp","Man16Reg",0.699662656940595
"1718","LeG08Emp","Pum15Cyb",0.700366684677968
"1763","Luc14Eco","Nis08Jou",0.706038388641601
"342","Ber12Cit","LeG08Emp",0.713653867415541
"1647","Kru96Jou","LeG08Emp",0.713977945043287
"298","Bat01Urb","Pop74Sov",0.714061842387224
"1192","Gab99Qua","LeG08Emp",0.714950177926524
"675","Cam90Jou","LeG08Emp",0.715922410809761
"1724","LeG08Emp","Soo05Reg",0.718543195174361
"1780","Luc14Eco","Ziq16Asi",0.719040986102928
"1756","Luc14Eco","Mal80Env",0.724932191664548
"1525","Iye13Eur","LeG08Emp",0.729533671175079
"1507","Ign15Dis","Pop74Sov",0.729979946230041
"1760","Luc14Eco","Mor13Tex",0.734708195591806
"1776","Luc14Eco","Soo07Urb",0.735680549226367
"1727","LeG08Emp","Ven13Oec",0.736393135541052
"1065","Ezz15Rev","Luc14Eco",0.745330214496513
"225","Ara14Eco","Luc14Eco",0.749262478638112
"1150","Gab11Jou","LeG08Emp",0.756385817844381
"1707","LeG08Emp","Mir86Urb",0.757728424788953
"1777","Luc14Eco","Sua80Jou",0.757855532483257
"1033","Ett87Env","Pop74Sov",0.758395661862833
"1588","Knu01Ame","LeG08Emp",0.761617356321901
"1109","Faz15Jou","Luc14Eco",0.774359071041109
"1387","Gue95Urb","LeG08Emp",0.774499442024791
"1764","Luc14Eco","Oka79Reg",0.777300190147997
"1722","LeG08Emp","She12Com",0.781512709249918
"828","Del04Con","LeG08Emp",0.786603741421092
"879","Del13Eur","Luc14Eco",0.788952967773694
"729","Cie16Mis","Luc14Eco",0.793828149163026
"1235","Gan06Eco","Luc14Eco",0.797474022475165
"1557","Kam90Jou","LeG08Emp",0.798208666654639
"1719","LeG08Emp","Ros80Jou",0.802867808653528
"1423","Gul12Age","LeG08Emp",0.810958175146179
"100","Ama14Int","LeG08Emp",0.812821621505717
"1715","LeG08Emp","Par85Jou",0.813321019817325
"974","Eec04The","Luc14Eco",0.814893194966495
"37","Alp89Jou","LeG08Emp",0.818316210376132
"1761","Luc14Eco","Mor13Tow",0.820078437010426
"1771","Luc14Eco","Roz11Ame",0.83174523160927
"1728","LeG08Emp","XuZ09Urb",0.831812570491613
"1759","Luc14Eco","Mod15Qua",0.834163402333747
"457","Bos08Reg","LeG08Emp",0.83583113307566
"780","Cra05Con","Luc14Eco",0.83854187572117
"1312","Gie10Jou","LeG08Emp",0.840975865416122
"402","Bla03Jou","Luc14Eco",0.846377336501987
"1275","Gan13Eco","Luc14Eco",0.847831610469654
"1714","LeG08Emp","Par83Jou",0.855113751926527
"1716","LeG08Emp","Pen10Phy",0.859953935449066
"568","Bre00Cyb","LeG08Emp",0.863215692620169
"1703","LeG08Emp","Li_16Wor",0.866829360474993
"1757","Luc14Eco","Man16Reg",0.872847217851088
"925","Dim09Urb","LeG08Emp",0.873424137894158
"1769","Luc14Eco","Pum15Cyb",0.873551245588462
"344","Ber12Cit","Luc14Eco",0.886838428326035
"1649","Kru96Jou","Luc14Eco",0.88716250595378
"1194","Gab99Qua","Luc14Eco",0.888134738837017
"677","Cam90Jou","Luc14Eco",0.889106971720254
"1775","Luc14Eco","Soo05Reg",0.891727756084855
"1527","Iye13Eur","Luc14Eco",0.902718232085572
"1778","Luc14Eco","Ven13Oec",0.909577696451545
"1458","Hol10Nat","LeG08Emp",0.913891250715941
"1675","Kum14Jou","LeG08Emp",0.922494892028649
"1152","Gab11Jou","Luc14Eco",0.929570378754874
"1758","Luc14Eco","Mir86Urb",0.930912985699446
"1721","LeG08Emp","Sch12Reg",0.931434033260633
"1590","Knu01Ame","Luc14Eco",0.934801917232394
"513","Bra99Jou","LeG08Emp",0.93694335293231
"1723","LeG08Emp","Son02Urb",0.940616232713428
"1389","Gue95Urb","Luc14Eco",0.947684002935285
"1711","LeG08Emp","Nau03Jou",0.953147234319593
"1773","Luc14Eco","She12Com",0.954697270160412
"830","Del04Con","Luc14Eco",0.959788302331586
"162","And05Reg","LeG08Emp",0.970708190773062
"1559","Kam90Jou","Luc14Eco",0.971393227565133
"1770","Luc14Eco","Ros80Jou",0.976052369564022
"1425","Gul12Age","Luc14Eco",0.984142736056673
"102","Ama14Int","Luc14Eco",0.98600618241621
"1766","Luc14Eco","Par85Jou",0.986505580727818
"283","Bat01Urb","LeG08Emp",0.990967093477513
"39","Alp89Jou","Luc14Eco",0.991500771286626
"1779","Luc14Eco","XuZ09Urb",1.00499713140211
"1492","Ign15Dis","LeG08Emp",1.00688519732033
"459","Bos08Reg","Luc14Eco",1.00901569398615
"1314","Gie10Jou","Luc14Eco",1.01416042632662
"1765","Luc14Eco","Par83Jou",1.02829831283702
"1767","Luc14Eco","Pen10Phy",1.03313849635956
"1018","Ett87Env","LeG08Emp",1.03530091295312
"570","Bre00Cyb","Luc14Eco",1.03640025353066
"1730","Li_16Wor","Luc14Eco",1.04001392138549
"927","Dim09Urb","Luc14Eco",1.04660869880465
"1460","Hol10Nat","Luc14Eco",1.08707581162643
"1677","Kum14Jou","Luc14Eco",1.09567945293914
"1772","Luc14Eco","Sch12Reg",1.10461859417113
"515","Bra99Jou","Luc14Eco",1.1101279138428
"1774","Luc14Eco","Son02Urb",1.11380079362392
"1762","Luc14Eco","Nau03Jou",1.12633179523009
"164","And05Reg","Luc14Eco",1.14389275168356
"285","Bat01Urb","Luc14Eco",1.16415165438801
"1494","Ign15Dis","Luc14Eco",1.18006975823082
"1020","Ett87Env","Luc14Eco",1.20848547386362
