"","i","j","diff_n"
"32","Alp89Jou","Kam90Jou",0
"37","Alp89Jou","LeG08Emp",0
"73","Ama14Int","Bre15Int",0
"75","Ama14Int","Cie16Mis",0
"80","Ama14Int","Eec04The",0
"81","Ama14Int","Ett87Env",0
"97","Ama14Int","Kra98Urb",0
"182","And05Reg","She12Com",0
"205","Ara14Eco","Ezz15Rev",0
"222","Ara14Eco","Kum14Jou",0
"237","Ara14Eco","Pen10Phy",0
"261","Bat01Urb","Del13Eur",0
"306","Bat01Urb","Soo07Urb",0
"312","Ber12Cit","Bos08Reg",0
"313","Ber12Cit","Bra99Jou",0
"321","Ber12Cit","Dim09Urb",0
"377","Bla03Jou","Del04Con",0
"394","Bla03Jou","Iye13Eur",0
"407","Bla03Jou","Mor13Tex",0
"428","Bos08Reg","Bra99Jou",0
"436","Bos08Reg","Dim09Urb",0
"492","Bra99Jou","Dim09Urb",0
"555","Bre00Cyb","Gan13Eco",0
"556","Bre00Cyb","Gie10Jou",0
"572","Bre00Cyb","Man16Reg",0
"597","Bre15Int","Cie16Mis",0
"602","Bre15Int","Eec04The",0
"603","Bre15Int","Ett87Env",0
"619","Bre15Int","Kra98Urb",0
"659","Cam90Jou","Gab11Jou",0
"660","Cam90Jou","Gab99Qua",0
"671","Cam90Jou","Knu01Ame",0
"673","Cam90Jou","Kru96Jou",0
"684","Cam90Jou","Nau03Jou",0
"686","Cam90Jou","Oka79Reg",0
"699","Cam90Jou","Sua80Jou",0
"707","Cie16Mis","Eec04The",0
"708","Cie16Mis","Ett87Env",0
"724","Cie16Mis","Kra98Urb",0
"780","Cra05Con","Luc14Eco",0
"822","Del04Con","Iye13Eur",0
"835","Del04Con","Mor13Tex",0
"900","Del13Eur","Soo07Urb",0
"953","Eec04The","Ett87Env",0
"969","Eec04The","Kra98Urb",0
"1015","Ett87Env","Kra98Urb",0
"1062","Ezz15Rev","Kum14Jou",0
"1077","Ezz15Rev","Pen10Phy",0
"1100","Faz15Jou","Ign15Dis",0
"1135","Gab11Jou","Gab99Qua",0
"1146","Gab11Jou","Knu01Ame",0
"1148","Gab11Jou","Kru96Jou",0
"1159","Gab11Jou","Nau03Jou",0
"1161","Gab11Jou","Oka79Reg",0
"1174","Gab11Jou","Sua80Jou",0
"1188","Gab99Qua","Knu01Ame",0
"1190","Gab99Qua","Kru96Jou",0
"1201","Gab99Qua","Nau03Jou",0
"1203","Gab99Qua","Oka79Reg",0
"1216","Gab99Qua","Sua80Jou",0
"1224","Gan06Eco","Gul12Age",0
"1234","Gan06Eco","Li_16Wor",0
"1261","Gan13Eco","Gie10Jou",0
"1277","Gan13Eco","Man16Reg",0
"1316","Gie10Jou","Man16Reg",0
"1399","Gue95Urb","Par83Jou",0
"1406","Gue95Urb","Sch12Reg",0
"1424","Gul12Age","Li_16Wor",0
"1532","Iye13Eur","Mor13Tex",0
"1557","Kam90Jou","LeG08Emp",0
"1586","Knu01Ame","Kru96Jou",0
"1597","Knu01Ame","Nau03Jou",0
"1599","Knu01Ame","Oka79Reg",0
"1612","Knu01Ame","Sua80Jou",0
"1656","Kru96Jou","Nau03Jou",0
"1658","Kru96Jou","Oka79Reg",0
"1671","Kru96Jou","Sua80Jou",0
"1689","Kum14Jou","Pen10Phy",0
"1900","Mor13Tow","Roz11Ame",0
"1911","Nau03Jou","Oka79Reg",0
"1924","Nau03Jou","Sua80Jou",0
"1957","Oka79Reg","Sua80Jou",0
"1967","Par83Jou","Sch12Reg",0
"2008","Pop74Sov","Son02Urb",0
"116","Ama14Int","Pum15Cyb",0.0460992907801418
"266","Bat01Urb","Faz15Jou",0.0460992907801418
"276","Bat01Urb","Ign15Dis",0.0460992907801418
"298","Bat01Urb","Pop74Sov",0.0460992907801418
"304","Bat01Urb","Son02Urb",0.0460992907801418
"328","Ber12Cit","Gan06Eco",0.0460992907801418
"333","Ber12Cit","Gul12Age",0.0460992907801418
"343","Ber12Cit","Li_16Wor",0.0460992907801418
"350","Ber12Cit","Mor13Tow",0.0460992907801418
"360","Ber12Cit","Roz11Ame",0.0460992907801418
"443","Bos08Reg","Gan06Eco",0.0460992907801418
"448","Bos08Reg","Gul12Age",0.0460992907801418
"458","Bos08Reg","Li_16Wor",0.0460992907801418
"465","Bos08Reg","Mor13Tow",0.0460992907801418
"475","Bos08Reg","Roz11Ame",0.0460992907801418
"499","Bra99Jou","Gan06Eco",0.0460992907801418
"504","Bra99Jou","Gul12Age",0.0460992907801418
"514","Bra99Jou","Li_16Wor",0.0460992907801418
"521","Bra99Jou","Mor13Tow",0.0460992907801418
"531","Bra99Jou","Roz11Ame",0.0460992907801418
"583","Bre00Cyb","Pop74Sov",0.0460992907801418
"584","Bre00Cyb","Pum15Cyb",0.0460992907801418
"589","Bre00Cyb","Son02Urb",0.0460992907801418
"638","Bre15Int","Pum15Cyb",0.0460992907801418
"683","Cam90Jou","Mor13Tow",0.0460992907801418
"693","Cam90Jou","Roz11Ame",0.0460992907801418
"743","Cie16Mis","Pum15Cyb",0.0460992907801418
"860","Del13Eur","Faz15Jou",0.0460992907801418
"870","Del13Eur","Ign15Dis",0.0460992907801418
"892","Del13Eur","Pop74Sov",0.0460992907801418
"898","Del13Eur","Son02Urb",0.0460992907801418
"911","Dim09Urb","Gan06Eco",0.0460992907801418
"916","Dim09Urb","Gul12Age",0.0460992907801418
"926","Dim09Urb","Li_16Wor",0.0460992907801418
"933","Dim09Urb","Mor13Tow",0.0460992907801418
"943","Dim09Urb","Roz11Ame",0.0460992907801418
"988","Eec04The","Pum15Cyb",0.0460992907801418
"1034","Ett87Env","Pum15Cyb",0.0460992907801418
"1112","Faz15Jou","Mir86Urb",0.0460992907801418
"1130","Faz15Jou","Soo07Urb",0.0460992907801418
"1158","Gab11Jou","Mor13Tow",0.0460992907801418
"1168","Gab11Jou","Roz11Ame",0.0460992907801418
"1200","Gab99Qua","Mor13Tow",0.0460992907801418
"1210","Gab99Qua","Roz11Ame",0.0460992907801418
"1288","Gan13Eco","Pop74Sov",0.0460992907801418
"1289","Gan13Eco","Pum15Cyb",0.0460992907801418
"1294","Gan13Eco","Son02Urb",0.0460992907801418
"1327","Gie10Jou","Pop74Sov",0.0460992907801418
"1328","Gie10Jou","Pum15Cyb",0.0460992907801418
"1333","Gie10Jou","Son02Urb",0.0460992907801418
"1497","Ign15Dis","Mir86Urb",0.0460992907801418
"1515","Ign15Dis","Soo07Urb",0.0460992907801418
"1596","Knu01Ame","Mor13Tow",0.0460992907801418
"1606","Knu01Ame","Roz11Ame",0.0460992907801418
"1634","Kra98Urb","Pum15Cyb",0.0460992907801418
"1655","Kru96Jou","Mor13Tow",0.0460992907801418
"1665","Kru96Jou","Roz11Ame",0.0460992907801418
"1803","Mal80Env","XuZ09Urb",0.0460992907801418
"1815","Man16Reg","Pop74Sov",0.0460992907801418
"1816","Man16Reg","Pum15Cyb",0.0460992907801418
"1821","Man16Reg","Son02Urb",0.0460992907801418
"1868","Mod15Qua","Ven13Oec",0.0460992907801418
"1891","Mor13Tow","Nau03Jou",0.0460992907801418
"1893","Mor13Tow","Oka79Reg",0.0460992907801418
"1906","Mor13Tow","Sua80Jou",0.0460992907801418
"1918","Nau03Jou","Roz11Ame",0.0460992907801418
"1951","Oka79Reg","Roz11Ame",0.0460992907801418
"2010","Pop74Sov","Soo07Urb",0.0460992907801418
"2041","Roz11Ame","Sua80Jou",0.0460992907801418
"2061","Son02Urb","Soo07Urb",0.0460992907801418
"2078","Ven13Oec","XuZ09Urb",0.0460992907801418
"6","Alp89Jou","Bla03Jou",0.0921985815602837
"14","Alp89Jou","Del04Con",0.0921985815602837
"27","Alp89Jou","Gue95Urb",0.0921985815602837
"31","Alp89Jou","Iye13Eur",0.0921985815602837
"44","Alp89Jou","Mor13Tex",0.0921985815602837
"49","Alp89Jou","Par83Jou",0.0921985815602837
"56","Alp89Jou","Sch12Reg",0.0921985815602837
"72","Ama14Int","Bre00Cyb",0.0921985815602837
"86","Ama14Int","Gan06Eco",0.0921985815602837
"87","Ama14Int","Gan13Eco",0.0921985815602837
"88","Ama14Int","Gie10Jou",0.0921985815602837
"91","Ama14Int","Gul12Age",0.0921985815602837
"101","Ama14Int","Li_16Wor",0.0921985815602837
"104","Ama14Int","Man16Reg",0.0921985815602837
"138","And05Reg","Cra05Con",0.0921985815602837
"164","And05Reg","Luc14Eco",0.0921985815602837
"255","Bat01Urb","Bre00Cyb",0.0921985815602837
"270","Bat01Urb","Gan13Eco",0.0921985815602837
"271","Bat01Urb","Gie10Jou",0.0921985815602837
"287","Bat01Urb","Man16Reg",0.0921985815602837
"288","Bat01Urb","Mir86Urb",0.0921985815602837
"316","Ber12Cit","Cam90Jou",0.0921985815602837
"326","Ber12Cit","Gab11Jou",0.0921985815602837
"327","Ber12Cit","Gab99Qua",0.0921985815602837
"338","Ber12Cit","Knu01Ame",0.0921985815602837
"340","Ber12Cit","Kru96Jou",0.0921985815602837
"351","Ber12Cit","Nau03Jou",0.0921985815602837
"353","Ber12Cit","Oka79Reg",0.0921985815602837
"366","Ber12Cit","Sua80Jou",0.0921985815602837
"395","Bla03Jou","Kam90Jou",0.0921985815602837
"400","Bla03Jou","LeG08Emp",0.0921985815602837
"431","Bos08Reg","Cam90Jou",0.0921985815602837
"441","Bos08Reg","Gab11Jou",0.0921985815602837
"442","Bos08Reg","Gab99Qua",0.0921985815602837
"453","Bos08Reg","Knu01Ame",0.0921985815602837
"455","Bos08Reg","Kru96Jou",0.0921985815602837
"466","Bos08Reg","Nau03Jou",0.0921985815602837
"468","Bos08Reg","Oka79Reg",0.0921985815602837
"481","Bos08Reg","Sua80Jou",0.0921985815602837
"487","Bra99Jou","Cam90Jou",0.0921985815602837
"497","Bra99Jou","Gab11Jou",0.0921985815602837
"498","Bra99Jou","Gab99Qua",0.0921985815602837
"509","Bra99Jou","Knu01Ame",0.0921985815602837
"511","Bra99Jou","Kru96Jou",0.0921985815602837
"522","Bra99Jou","Nau03Jou",0.0921985815602837
"524","Bra99Jou","Oka79Reg",0.0921985815602837
"537","Bra99Jou","Sua80Jou",0.0921985815602837
"541","Bre00Cyb","Bre15Int",0.0921985815602837
"543","Bre00Cyb","Cie16Mis",0.0921985815602837
"546","Bre00Cyb","Del13Eur",0.0921985815602837
"548","Bre00Cyb","Eec04The",0.0921985815602837
"549","Bre00Cyb","Ett87Env",0.0921985815602837
"565","Bre00Cyb","Kra98Urb",0.0921985815602837
"591","Bre00Cyb","Soo07Urb",0.0921985815602837
"608","Bre15Int","Gan06Eco",0.0921985815602837
"609","Bre15Int","Gan13Eco",0.0921985815602837
"610","Bre15Int","Gie10Jou",0.0921985815602837
"613","Bre15Int","Gul12Age",0.0921985815602837
"623","Bre15Int","Li_16Wor",0.0921985815602837
"626","Bre15Int","Man16Reg",0.0921985815602837
"654","Cam90Jou","Dim09Urb",0.0921985815602837
"713","Cie16Mis","Gan06Eco",0.0921985815602837
"714","Cie16Mis","Gan13Eco",0.0921985815602837
"715","Cie16Mis","Gie10Jou",0.0921985815602837
"718","Cie16Mis","Gul12Age",0.0921985815602837
"728","Cie16Mis","Li_16Wor",0.0921985815602837
"731","Cie16Mis","Man16Reg",0.0921985815602837
"783","Cra05Con","Mir86Urb",0.0921985815602837
"798","Cra05Con","She12Com",0.0921985815602837
"823","Del04Con","Kam90Jou",0.0921985815602837
"828","Del04Con","LeG08Emp",0.0921985815602837
"864","Del13Eur","Gan13Eco",0.0921985815602837
"865","Del13Eur","Gie10Jou",0.0921985815602837
"881","Del13Eur","Man16Reg",0.0921985815602837
"882","Del13Eur","Mir86Urb",0.0921985815602837
"909","Dim09Urb","Gab11Jou",0.0921985815602837
"910","Dim09Urb","Gab99Qua",0.0921985815602837
"921","Dim09Urb","Knu01Ame",0.0921985815602837
"923","Dim09Urb","Kru96Jou",0.0921985815602837
"934","Dim09Urb","Nau03Jou",0.0921985815602837
"936","Dim09Urb","Oka79Reg",0.0921985815602837
"949","Dim09Urb","Sua80Jou",0.0921985815602837
"958","Eec04The","Gan06Eco",0.0921985815602837
"959","Eec04The","Gan13Eco",0.0921985815602837
"960","Eec04The","Gie10Jou",0.0921985815602837
"963","Eec04The","Gul12Age",0.0921985815602837
"973","Eec04The","Li_16Wor",0.0921985815602837
"976","Eec04The","Man16Reg",0.0921985815602837
"1004","Ett87Env","Gan06Eco",0.0921985815602837
"1005","Ett87Env","Gan13Eco",0.0921985815602837
"1006","Ett87Env","Gie10Jou",0.0921985815602837
"1009","Ett87Env","Gul12Age",0.0921985815602837
"1019","Ett87Env","Li_16Wor",0.0921985815602837
"1022","Ett87Env","Man16Reg",0.0921985815602837
"1122","Faz15Jou","Pop74Sov",0.0921985815602837
"1128","Faz15Jou","Son02Urb",0.0921985815602837
"1230","Gan06Eco","Kra98Urb",0.0921985815602837
"1241","Gan06Eco","Mor13Tow",0.0921985815602837
"1251","Gan06Eco","Roz11Ame",0.0921985815602837
"1270","Gan13Eco","Kra98Urb",0.0921985815602837
"1296","Gan13Eco","Soo07Urb",0.0921985815602837
"1309","Gie10Jou","Kra98Urb",0.0921985815602837
"1335","Gie10Jou","Soo07Urb",0.0921985815602837
"1382","Gue95Urb","Kam90Jou",0.0921985815602837
"1387","Gue95Urb","LeG08Emp",0.0921985815602837
"1397","Gue95Urb","Nis08Jou",0.0921985815602837
"1420","Gul12Age","Kra98Urb",0.0921985815602837
"1431","Gul12Age","Mor13Tow",0.0921985815602837
"1441","Gul12Age","Roz11Ame",0.0921985815602837
"1507","Ign15Dis","Pop74Sov",0.0921985815602837
"1513","Ign15Dis","Son02Urb",0.0921985815602837
"1520","Iye13Eur","Kam90Jou",0.0921985815602837
"1525","Iye13Eur","LeG08Emp",0.0921985815602837
"1564","Kam90Jou","Mor13Tex",0.0921985815602837
"1569","Kam90Jou","Par83Jou",0.0921985815602837
"1576","Kam90Jou","Sch12Reg",0.0921985815602837
"1619","Kra98Urb","Li_16Wor",0.0921985815602837
"1622","Kra98Urb","Man16Reg",0.0921985815602837
"1709","LeG08Emp","Mor13Tex",0.0921985815602837
"1714","LeG08Emp","Par83Jou",0.0921985815602837
"1721","LeG08Emp","Sch12Reg",0.0921985815602837
"1736","Li_16Wor","Mor13Tow",0.0921985815602837
"1746","Li_16Wor","Roz11Ame",0.0921985815602837
"1758","Luc14Eco","Mir86Urb",0.0921985815602837
"1773","Luc14Eco","She12Com",0.0921985815602837
"1802","Mal80Env","Ven13Oec",0.0921985815602837
"1823","Man16Reg","Soo07Urb",0.0921985815602837
"1845","Mir86Urb","Soo07Urb",0.0921985815602837
"1869","Mod15Qua","XuZ09Urb",0.0921985815602837
"1929","Nis08Jou","Par83Jou",0.0921985815602837
"1936","Nis08Jou","Sch12Reg",0.0921985815602837
"2003","Pop74Sov","Pum15Cyb",0.0921985815602837
"2019","Pum15Cyb","Son02Urb",0.0921985815602837
"68","Ama14Int","Ber12Cit",0.138297872340426
"70","Ama14Int","Bos08Reg",0.138297872340426
"71","Ama14Int","Bra99Jou",0.138297872340426
"79","Ama14Int","Dim09Urb",0.138297872340426
"115","Ama14Int","Pop74Sov",0.138297872340426
"121","Ama14Int","Son02Urb",0.138297872340426
"299","Bat01Urb","Pum15Cyb",0.138297872340426
"315","Ber12Cit","Bre15Int",0.138297872340426
"317","Ber12Cit","Cie16Mis",0.138297872340426
"322","Ber12Cit","Eec04The",0.138297872340426
"323","Ber12Cit","Ett87Env",0.138297872340426
"339","Ber12Cit","Kra98Urb",0.138297872340426
"430","Bos08Reg","Bre15Int",0.138297872340426
"432","Bos08Reg","Cie16Mis",0.138297872340426
"437","Bos08Reg","Eec04The",0.138297872340426
"438","Bos08Reg","Ett87Env",0.138297872340426
"454","Bos08Reg","Kra98Urb",0.138297872340426
"486","Bra99Jou","Bre15Int",0.138297872340426
"488","Bra99Jou","Cie16Mis",0.138297872340426
"493","Bra99Jou","Eec04The",0.138297872340426
"494","Bra99Jou","Ett87Env",0.138297872340426
"510","Bra99Jou","Kra98Urb",0.138297872340426
"551","Bre00Cyb","Faz15Jou",0.138297872340426
"561","Bre00Cyb","Ign15Dis",0.138297872340426
"601","Bre15Int","Dim09Urb",0.138297872340426
"637","Bre15Int","Pop74Sov",0.138297872340426
"643","Bre15Int","Son02Urb",0.138297872340426
"661","Cam90Jou","Gan06Eco",0.138297872340426
"666","Cam90Jou","Gul12Age",0.138297872340426
"676","Cam90Jou","Li_16Wor",0.138297872340426
"706","Cie16Mis","Dim09Urb",0.138297872340426
"742","Cie16Mis","Pop74Sov",0.138297872340426
"748","Cie16Mis","Son02Urb",0.138297872340426
"761","Cra05Con","Faz15Jou",0.138297872340426
"771","Cra05Con","Ign15Dis",0.138297872340426
"893","Del13Eur","Pum15Cyb",0.138297872340426
"905","Dim09Urb","Eec04The",0.138297872340426
"906","Dim09Urb","Ett87Env",0.138297872340426
"922","Dim09Urb","Kra98Urb",0.138297872340426
"987","Eec04The","Pop74Sov",0.138297872340426
"993","Eec04The","Son02Urb",0.138297872340426
"1033","Ett87Env","Pop74Sov",0.138297872340426
"1039","Ett87Env","Son02Urb",0.138297872340426
"1094","Faz15Jou","Gan13Eco",0.138297872340426
"1095","Faz15Jou","Gie10Jou",0.138297872340426
"1109","Faz15Jou","Luc14Eco",0.138297872340426
"1111","Faz15Jou","Man16Reg",0.138297872340426
"1136","Gab11Jou","Gan06Eco",0.138297872340426
"1141","Gab11Jou","Gul12Age",0.138297872340426
"1151","Gab11Jou","Li_16Wor",0.138297872340426
"1178","Gab99Qua","Gan06Eco",0.138297872340426
"1183","Gab99Qua","Gul12Age",0.138297872340426
"1193","Gab99Qua","Li_16Wor",0.138297872340426
"1229","Gan06Eco","Knu01Ame",0.138297872340426
"1231","Gan06Eco","Kru96Jou",0.138297872340426
"1242","Gan06Eco","Nau03Jou",0.138297872340426
"1244","Gan06Eco","Oka79Reg",0.138297872340426
"1249","Gan06Eco","Pum15Cyb",0.138297872340426
"1257","Gan06Eco","Sua80Jou",0.138297872340426
"1266","Gan13Eco","Ign15Dis",0.138297872340426
"1305","Gie10Jou","Ign15Dis",0.138297872340426
"1419","Gul12Age","Knu01Ame",0.138297872340426
"1421","Gul12Age","Kru96Jou",0.138297872340426
"1432","Gul12Age","Nau03Jou",0.138297872340426
"1434","Gul12Age","Oka79Reg",0.138297872340426
"1439","Gul12Age","Pum15Cyb",0.138297872340426
"1447","Gul12Age","Sua80Jou",0.138297872340426
"1494","Ign15Dis","Luc14Eco",0.138297872340426
"1496","Ign15Dis","Man16Reg",0.138297872340426
"1589","Knu01Ame","Li_16Wor",0.138297872340426
"1633","Kra98Urb","Pop74Sov",0.138297872340426
"1639","Kra98Urb","Son02Urb",0.138297872340426
"1648","Kru96Jou","Li_16Wor",0.138297872340426
"1737","Li_16Wor","Nau03Jou",0.138297872340426
"1739","Li_16Wor","Oka79Reg",0.138297872340426
"1744","Li_16Wor","Pum15Cyb",0.138297872340426
"1752","Li_16Wor","Sua80Jou",0.138297872340426
"1783","Mal80Env","Mod15Qua",0.138297872340426
"1837","Mir86Urb","Pop74Sov",0.138297872340426
"1843","Mir86Urb","Son02Urb",0.138297872340426
"2021","Pum15Cyb","Soo07Urb",0.138297872340426
"47","Alp89Jou","Nis08Jou",0.184397163120567
"67","Ama14Int","Bat01Urb",0.184397163120567
"78","Ama14Int","Del13Eur",0.184397163120567
"108","Ama14Int","Mor13Tow",0.184397163120567
"118","Ama14Int","Roz11Ame",0.184397163120567
"123","Ama14Int","Soo07Urb",0.184397163120567
"131","And05Reg","Bla03Jou",0.184397163120567
"139","And05Reg","Del04Con",0.184397163120567
"156","And05Reg","Iye13Eur",0.184397163120567
"167","And05Reg","Mir86Urb",0.184397163120567
"169","And05Reg","Mor13Tex",0.184397163120567
"215","Ara14Eco","Hol10Nat",0.184397163120567
"256","Bat01Urb","Bre15Int",0.184397163120567
"258","Bat01Urb","Cie16Mis",0.184397163120567
"259","Bat01Urb","Cra05Con",0.184397163120567
"263","Bat01Urb","Eec04The",0.184397163120567
"264","Bat01Urb","Ett87Env",0.184397163120567
"280","Bat01Urb","Kra98Urb",0.184397163120567
"285","Bat01Urb","Luc14Eco",0.184397163120567
"358","Ber12Cit","Pum15Cyb",0.184397163120567
"390","Bla03Jou","Gue95Urb",0.184397163120567
"412","Bla03Jou","Par83Jou",0.184397163120567
"419","Bla03Jou","Sch12Reg",0.184397163120567
"420","Bla03Jou","She12Com",0.184397163120567
"473","Bos08Reg","Pum15Cyb",0.184397163120567
"529","Bra99Jou","Pum15Cyb",0.184397163120567
"554","Bre00Cyb","Gan06Eco",0.184397163120567
"559","Bre00Cyb","Gul12Age",0.184397163120567
"569","Bre00Cyb","Li_16Wor",0.184397163120567
"573","Bre00Cyb","Mir86Urb",0.184397163120567
"600","Bre15Int","Del13Eur",0.184397163120567
"630","Bre15Int","Mor13Tow",0.184397163120567
"640","Bre15Int","Roz11Ame",0.184397163120567
"645","Bre15Int","Soo07Urb",0.184397163120567
"705","Cie16Mis","Del13Eur",0.184397163120567
"735","Cie16Mis","Mor13Tow",0.184397163120567
"745","Cie16Mis","Roz11Ame",0.184397163120567
"750","Cie16Mis","Soo07Urb",0.184397163120567
"756","Cra05Con","Del13Eur",0.184397163120567
"801","Cra05Con","Soo07Urb",0.184397163120567
"818","Del04Con","Gue95Urb",0.184397163120567
"840","Del04Con","Par83Jou",0.184397163120567
"847","Del04Con","Sch12Reg",0.184397163120567
"848","Del04Con","She12Com",0.184397163120567
"857","Del13Eur","Eec04The",0.184397163120567
"858","Del13Eur","Ett87Env",0.184397163120567
"874","Del13Eur","Kra98Urb",0.184397163120567
"879","Del13Eur","Luc14Eco",0.184397163120567
"941","Dim09Urb","Pum15Cyb",0.184397163120567
"980","Eec04The","Mor13Tow",0.184397163120567
"990","Eec04The","Roz11Ame",0.184397163120567
"995","Eec04The","Soo07Urb",0.184397163120567
"1026","Ett87Env","Mor13Tow",0.184397163120567
"1036","Ett87Env","Roz11Ame",0.184397163120567
"1041","Ett87Env","Soo07Urb",0.184397163120567
"1055","Ezz15Rev","Hol10Nat",0.184397163120567
"1123","Faz15Jou","Pum15Cyb",0.184397163120567
"1220","Gan06Eco","Gan13Eco",0.184397163120567
"1221","Gan06Eco","Gie10Jou",0.184397163120567
"1237","Gan06Eco","Man16Reg",0.184397163120567
"1264","Gan13Eco","Gul12Age",0.184397163120567
"1274","Gan13Eco","Li_16Wor",0.184397163120567
"1278","Gan13Eco","Mir86Urb",0.184397163120567
"1303","Gie10Jou","Gul12Age",0.184397163120567
"1313","Gie10Jou","Li_16Wor",0.184397163120567
"1317","Gie10Jou","Mir86Urb",0.184397163120567
"1381","Gue95Urb","Iye13Eur",0.184397163120567
"1394","Gue95Urb","Mor13Tex",0.184397163120567
"1427","Gul12Age","Man16Reg",0.184397163120567
"1457","Hol10Nat","Kum14Jou",0.184397163120567
"1472","Hol10Nat","Pen10Phy",0.184397163120567
"1508","Ign15Dis","Pum15Cyb",0.184397163120567
"1537","Iye13Eur","Par83Jou",0.184397163120567
"1544","Iye13Eur","Sch12Reg",0.184397163120567
"1545","Iye13Eur","She12Com",0.184397163120567
"1567","Kam90Jou","Nis08Jou",0.184397163120567
"1626","Kra98Urb","Mor13Tow",0.184397163120567
"1636","Kra98Urb","Roz11Ame",0.184397163120567
"1641","Kra98Urb","Soo07Urb",0.184397163120567
"1712","LeG08Emp","Nis08Jou",0.184397163120567
"1732","Li_16Wor","Man16Reg",0.184397163120567
"1776","Luc14Eco","Soo07Urb",0.184397163120567
"1805","Man16Reg","Mir86Urb",0.184397163120567
"1842","Mir86Urb","She12Com",0.184397163120567
"1875","Mor13Tex","Par83Jou",0.184397163120567
"1882","Mor13Tex","Sch12Reg",0.184397163120567
"1883","Mor13Tex","She12Com",0.184397163120567
"74","Ama14Int","Cam90Jou",0.230496453900709
"83","Ama14Int","Faz15Jou",0.230496453900709
"84","Ama14Int","Gab11Jou",0.230496453900709
"85","Ama14Int","Gab99Qua",0.230496453900709
"93","Ama14Int","Ign15Dis",0.230496453900709
"96","Ama14Int","Knu01Ame",0.230496453900709
"98","Ama14Int","Kru96Jou",0.230496453900709
"109","Ama14Int","Nau03Jou",0.230496453900709
"111","Ama14Int","Oka79Reg",0.230496453900709
"124","Ama14Int","Sua80Jou",0.230496453900709
"145","And05Reg","Faz15Jou",0.230496453900709
"155","And05Reg","Ign15Dis",0.230496453900709
"314","Ber12Cit","Bre00Cyb",0.230496453900709
"329","Ber12Cit","Gan13Eco",0.230496453900709
"330","Ber12Cit","Gie10Jou",0.230496453900709
"346","Ber12Cit","Man16Reg",0.230496453900709
"429","Bos08Reg","Bre00Cyb",0.230496453900709
"444","Bos08Reg","Gan13Eco",0.230496453900709
"445","Bos08Reg","Gie10Jou",0.230496453900709
"461","Bos08Reg","Man16Reg",0.230496453900709
"485","Bra99Jou","Bre00Cyb",0.230496453900709
"500","Bra99Jou","Gan13Eco",0.230496453900709
"501","Bra99Jou","Gie10Jou",0.230496453900709
"517","Bra99Jou","Man16Reg",0.230496453900709
"547","Bre00Cyb","Dim09Urb",0.230496453900709
"596","Bre15Int","Cam90Jou",0.230496453900709
"605","Bre15Int","Faz15Jou",0.230496453900709
"606","Bre15Int","Gab11Jou",0.230496453900709
"607","Bre15Int","Gab99Qua",0.230496453900709
"615","Bre15Int","Ign15Dis",0.230496453900709
"618","Bre15Int","Knu01Ame",0.230496453900709
"620","Bre15Int","Kru96Jou",0.230496453900709
"631","Bre15Int","Nau03Jou",0.230496453900709
"633","Bre15Int","Oka79Reg",0.230496453900709
"646","Bre15Int","Sua80Jou",0.230496453900709
"650","Cam90Jou","Cie16Mis",0.230496453900709
"655","Cam90Jou","Eec04The",0.230496453900709
"656","Cam90Jou","Ett87Env",0.230496453900709
"672","Cam90Jou","Kra98Urb",0.230496453900709
"710","Cie16Mis","Faz15Jou",0.230496453900709
"711","Cie16Mis","Gab11Jou",0.230496453900709
"712","Cie16Mis","Gab99Qua",0.230496453900709
"720","Cie16Mis","Ign15Dis",0.230496453900709
"723","Cie16Mis","Knu01Ame",0.230496453900709
"725","Cie16Mis","Kru96Jou",0.230496453900709
"736","Cie16Mis","Nau03Jou",0.230496453900709
"738","Cie16Mis","Oka79Reg",0.230496453900709
"751","Cie16Mis","Sua80Jou",0.230496453900709
"793","Cra05Con","Pop74Sov",0.230496453900709
"799","Cra05Con","Son02Urb",0.230496453900709
"912","Dim09Urb","Gan13Eco",0.230496453900709
"913","Dim09Urb","Gie10Jou",0.230496453900709
"929","Dim09Urb","Man16Reg",0.230496453900709
"955","Eec04The","Faz15Jou",0.230496453900709
"956","Eec04The","Gab11Jou",0.230496453900709
"957","Eec04The","Gab99Qua",0.230496453900709
"965","Eec04The","Ign15Dis",0.230496453900709
"968","Eec04The","Knu01Ame",0.230496453900709
"970","Eec04The","Kru96Jou",0.230496453900709
"981","Eec04The","Nau03Jou",0.230496453900709
"983","Eec04The","Oka79Reg",0.230496453900709
"996","Eec04The","Sua80Jou",0.230496453900709
"1001","Ett87Env","Faz15Jou",0.230496453900709
"1002","Ett87Env","Gab11Jou",0.230496453900709
"1003","Ett87Env","Gab99Qua",0.230496453900709
"1011","Ett87Env","Ign15Dis",0.230496453900709
"1014","Ett87Env","Knu01Ame",0.230496453900709
"1016","Ett87Env","Kru96Jou",0.230496453900709
"1027","Ett87Env","Nau03Jou",0.230496453900709
"1029","Ett87Env","Oka79Reg",0.230496453900709
"1042","Ett87Env","Sua80Jou",0.230496453900709
"1104","Faz15Jou","Kra98Urb",0.230496453900709
"1127","Faz15Jou","She12Com",0.230496453900709
"1147","Gab11Jou","Kra98Urb",0.230496453900709
"1189","Gab99Qua","Kra98Urb",0.230496453900709
"1248","Gan06Eco","Pop74Sov",0.230496453900709
"1254","Gan06Eco","Son02Urb",0.230496453900709
"1438","Gul12Age","Pop74Sov",0.230496453900709
"1444","Gul12Age","Son02Urb",0.230496453900709
"1489","Ign15Dis","Kra98Urb",0.230496453900709
"1512","Ign15Dis","She12Com",0.230496453900709
"1585","Knu01Ame","Kra98Urb",0.230496453900709
"1616","Kra98Urb","Kru96Jou",0.230496453900709
"1627","Kra98Urb","Nau03Jou",0.230496453900709
"1629","Kra98Urb","Oka79Reg",0.230496453900709
"1642","Kra98Urb","Sua80Jou",0.230496453900709
"1743","Li_16Wor","Pop74Sov",0.230496453900709
"1749","Li_16Wor","Son02Urb",0.230496453900709
"1768","Luc14Eco","Pop74Sov",0.230496453900709
"1774","Luc14Eco","Son02Urb",0.230496453900709
"1838","Mir86Urb","Pum15Cyb",0.230496453900709
"1898","Mor13Tow","Pum15Cyb",0.230496453900709
"1979","Par85Jou","Ros80Jou",0.230496453900709
"2016","Pum15Cyb","Roz11Ame",0.230496453900709
"2","Alp89Jou","And05Reg",0.276595744680851
"57","Alp89Jou","She12Com",0.276595744680851
"105","Ama14Int","Mir86Urb",0.276595744680851
"129","And05Reg","Bat01Urb",0.276595744680851
"140","And05Reg","Del13Eur",0.276595744680851
"157","And05Reg","Kam90Jou",0.276595744680851
"162","And05Reg","LeG08Emp",0.276595744680851
"185","And05Reg","Soo07Urb",0.276595744680851
"269","Bat01Urb","Gan06Eco",0.276595744680851
"274","Bat01Urb","Gul12Age",0.276595744680851
"284","Bat01Urb","Li_16Wor",0.276595744680851
"303","Bat01Urb","She12Com",0.276595744680851
"357","Ber12Cit","Pop74Sov",0.276595744680851
"363","Ber12Cit","Son02Urb",0.276595744680851
"376","Bla03Jou","Cra05Con",0.276595744680851
"402","Bla03Jou","Luc14Eco",0.276595744680851
"410","Bla03Jou","Nis08Jou",0.276595744680851
"472","Bos08Reg","Pop74Sov",0.276595744680851
"478","Bos08Reg","Son02Urb",0.276595744680851
"528","Bra99Jou","Pop74Sov",0.276595744680851
"534","Bra99Jou","Son02Urb",0.276595744680851
"544","Bre00Cyb","Cra05Con",0.276595744680851
"570","Bre00Cyb","Luc14Eco",0.276595744680851
"576","Bre00Cyb","Mor13Tow",0.276595744680851
"586","Bre00Cyb","Roz11Ame",0.276595744680851
"627","Bre15Int","Mir86Urb",0.276595744680851
"691","Cam90Jou","Pum15Cyb",0.276595744680851
"732","Cie16Mis","Mir86Urb",0.276595744680851
"755","Cra05Con","Del04Con",0.276595744680851
"765","Cra05Con","Gan13Eco",0.276595744680851
"766","Cra05Con","Gie10Jou",0.276595744680851
"772","Cra05Con","Iye13Eur",0.276595744680851
"782","Cra05Con","Man16Reg",0.276595744680851
"785","Cra05Con","Mor13Tex",0.276595744680851
"830","Del04Con","Luc14Eco",0.276595744680851
"838","Del04Con","Nis08Jou",0.276595744680851
"863","Del13Eur","Gan06Eco",0.276595744680851
"868","Del13Eur","Gul12Age",0.276595744680851
"878","Del13Eur","Li_16Wor",0.276595744680851
"897","Del13Eur","She12Com",0.276595744680851
"940","Dim09Urb","Pop74Sov",0.276595744680851
"946","Dim09Urb","Son02Urb",0.276595744680851
"977","Eec04The","Mir86Urb",0.276595744680851
"1023","Ett87Env","Mir86Urb",0.276595744680851
"1166","Gab11Jou","Pum15Cyb",0.276595744680851
"1208","Gab99Qua","Pum15Cyb",0.276595744680851
"1256","Gan06Eco","Soo07Urb",0.276595744680851
"1275","Gan13Eco","Luc14Eco",0.276595744680851
"1281","Gan13Eco","Mor13Tow",0.276595744680851
"1291","Gan13Eco","Roz11Ame",0.276595744680851
"1314","Gie10Jou","Luc14Eco",0.276595744680851
"1320","Gie10Jou","Mor13Tow",0.276595744680851
"1330","Gie10Jou","Roz11Ame",0.276595744680851
"1446","Gul12Age","Soo07Urb",0.276595744680851
"1468","Hol10Nat","Nis08Jou",0.276595744680851
"1527","Iye13Eur","Luc14Eco",0.276595744680851
"1535","Iye13Eur","Nis08Jou",0.276595744680851
"1577","Kam90Jou","She12Com",0.276595744680851
"1604","Knu01Ame","Pum15Cyb",0.276595744680851
"1623","Kra98Urb","Mir86Urb",0.276595744680851
"1663","Kru96Jou","Pum15Cyb",0.276595744680851
"1722","LeG08Emp","She12Com",0.276595744680851
"1751","Li_16Wor","Soo07Urb",0.276595744680851
"1757","Luc14Eco","Man16Reg",0.276595744680851
"1760","Luc14Eco","Mor13Tex",0.276595744680851
"1808","Man16Reg","Mor13Tow",0.276595744680851
"1818","Man16Reg","Roz11Ame",0.276595744680851
"1873","Mor13Tex","Nis08Jou",0.276595744680851
"1916","Nau03Jou","Pum15Cyb",0.276595744680851
"1949","Oka79Reg","Pum15Cyb",0.276595744680851
"2022","Pum15Cyb","Sua80Jou",0.276595744680851
"2055","She12Com","Soo07Urb",0.276595744680851
"177","And05Reg","Pop74Sov",0.322695035460993
"183","And05Reg","Son02Urb",0.322695035460993
"251","Bat01Urb","Ber12Cit",0.322695035460993
"253","Bat01Urb","Bos08Reg",0.322695035460993
"254","Bat01Urb","Bra99Jou",0.322695035460993
"262","Bat01Urb","Dim09Urb",0.322695035460993
"320","Ber12Cit","Del13Eur",0.322695035460993
"365","Ber12Cit","Soo07Urb",0.322695035460993
"435","Bos08Reg","Del13Eur",0.322695035460993
"480","Bos08Reg","Soo07Urb",0.322695035460993
"491","Bra99Jou","Del13Eur",0.322695035460993
"536","Bra99Jou","Soo07Urb",0.322695035460993
"542","Bre00Cyb","Cam90Jou",0.322695035460993
"552","Bre00Cyb","Gab11Jou",0.322695035460993
"553","Bre00Cyb","Gab99Qua",0.322695035460993
"564","Bre00Cyb","Knu01Ame",0.322695035460993
"566","Bre00Cyb","Kru96Jou",0.322695035460993
"577","Bre00Cyb","Nau03Jou",0.322695035460993
"579","Bre00Cyb","Oka79Reg",0.322695035460993
"592","Bre00Cyb","Sua80Jou",0.322695035460993
"662","Cam90Jou","Gan13Eco",0.322695035460993
"663","Cam90Jou","Gie10Jou",0.322695035460993
"679","Cam90Jou","Man16Reg",0.322695035460993
"794","Cra05Con","Pum15Cyb",0.322695035460993
"856","Del13Eur","Dim09Urb",0.322695035460993
"948","Dim09Urb","Soo07Urb",0.322695035460993
"1093","Faz15Jou","Gan06Eco",0.322695035460993
"1098","Faz15Jou","Gul12Age",0.322695035460993
"1108","Faz15Jou","Li_16Wor",0.322695035460993
"1137","Gab11Jou","Gan13Eco",0.322695035460993
"1138","Gab11Jou","Gie10Jou",0.322695035460993
"1154","Gab11Jou","Man16Reg",0.322695035460993
"1179","Gab99Qua","Gan13Eco",0.322695035460993
"1180","Gab99Qua","Gie10Jou",0.322695035460993
"1196","Gab99Qua","Man16Reg",0.322695035460993
"1226","Gan06Eco","Ign15Dis",0.322695035460993
"1269","Gan13Eco","Knu01Ame",0.322695035460993
"1271","Gan13Eco","Kru96Jou",0.322695035460993
"1282","Gan13Eco","Nau03Jou",0.322695035460993
"1284","Gan13Eco","Oka79Reg",0.322695035460993
"1297","Gan13Eco","Sua80Jou",0.322695035460993
"1308","Gie10Jou","Knu01Ame",0.322695035460993
"1310","Gie10Jou","Kru96Jou",0.322695035460993
"1321","Gie10Jou","Nau03Jou",0.322695035460993
"1323","Gie10Jou","Oka79Reg",0.322695035460993
"1336","Gie10Jou","Sua80Jou",0.322695035460993
"1416","Gul12Age","Ign15Dis",0.322695035460993
"1493","Ign15Dis","Li_16Wor",0.322695035460993
"1592","Knu01Ame","Man16Reg",0.322695035460993
"1651","Kru96Jou","Man16Reg",0.322695035460993
"1769","Luc14Eco","Pum15Cyb",0.322695035460993
"1809","Man16Reg","Nau03Jou",0.322695035460993
"1811","Man16Reg","Oka79Reg",0.322695035460993
"1824","Man16Reg","Sua80Jou",0.322695035460993
"1897","Mor13Tow","Pop74Sov",0.322695035460993
"1903","Mor13Tow","Son02Urb",0.322695035460993
"2005","Pop74Sov","Roz11Ame",0.322695035460993
"2007","Pop74Sov","She12Com",0.322695035460993
"2038","Roz11Ame","Son02Urb",0.322695035460993
"2053","She12Com","Son02Urb",0.322695035460993
"13","Alp89Jou","Cra05Con",0.368794326241135
"39","Alp89Jou","Luc14Eco",0.368794326241135
"76","Ama14Int","Cra05Con",0.368794326241135
"102","Ama14Int","Luc14Eco",0.368794326241135
"134","And05Reg","Bre00Cyb",0.368794326241135
"149","And05Reg","Gan13Eco",0.368794326241135
"150","And05Reg","Gie10Jou",0.368794326241135
"152","And05Reg","Gue95Urb",0.368794326241135
"166","And05Reg","Man16Reg",0.368794326241135
"174","And05Reg","Par83Jou",0.368794326241135
"181","And05Reg","Sch12Reg",0.368794326241135
"226","Ara14Eco","Mal80Env",0.368794326241135
"291","Bat01Urb","Mor13Tow",0.368794326241135
"301","Bat01Urb","Roz11Ame",0.368794326241135
"325","Ber12Cit","Faz15Jou",0.368794326241135
"335","Ber12Cit","Ign15Dis",0.368794326241135
"405","Bla03Jou","Mir86Urb",0.368794326241135
"440","Bos08Reg","Faz15Jou",0.368794326241135
"450","Bos08Reg","Ign15Dis",0.368794326241135
"496","Bra99Jou","Faz15Jou",0.368794326241135
"506","Bra99Jou","Ign15Dis",0.368794326241135
"588","Bre00Cyb","She12Com",0.368794326241135
"598","Bre15Int","Cra05Con",0.368794326241135
"624","Bre15Int","Luc14Eco",0.368794326241135
"690","Cam90Jou","Pop74Sov",0.368794326241135
"696","Cam90Jou","Son02Urb",0.368794326241135
"703","Cie16Mis","Cra05Con",0.368794326241135
"729","Cie16Mis","Luc14Eco",0.368794326241135
"758","Cra05Con","Eec04The",0.368794326241135
"759","Cra05Con","Ett87Env",0.368794326241135
"773","Cra05Con","Kam90Jou",0.368794326241135
"775","Cra05Con","Kra98Urb",0.368794326241135
"778","Cra05Con","LeG08Emp",0.368794326241135
"833","Del04Con","Mir86Urb",0.368794326241135
"885","Del13Eur","Mor13Tow",0.368794326241135
"895","Del13Eur","Roz11Ame",0.368794326241135
"908","Dim09Urb","Faz15Jou",0.368794326241135
"918","Dim09Urb","Ign15Dis",0.368794326241135
"974","Eec04The","Luc14Eco",0.368794326241135
"1020","Ett87Env","Luc14Eco",0.368794326241135
"1066","Ezz15Rev","Mal80Env",0.368794326241135
"1165","Gab11Jou","Pop74Sov",0.368794326241135
"1171","Gab11Jou","Son02Urb",0.368794326241135
"1207","Gab99Qua","Pop74Sov",0.368794326241135
"1213","Gab99Qua","Son02Urb",0.368794326241135
"1238","Gan06Eco","Mir86Urb",0.368794326241135
"1293","Gan13Eco","She12Com",0.368794326241135
"1332","Gie10Jou","She12Com",0.368794326241135
"1379","Gue95Urb","Hol10Nat",0.368794326241135
"1407","Gue95Urb","She12Com",0.368794326241135
"1428","Gul12Age","Mir86Urb",0.368794326241135
"1470","Hol10Nat","Par83Jou",0.368794326241135
"1477","Hol10Nat","Sch12Reg",0.368794326241135
"1530","Iye13Eur","Mir86Urb",0.368794326241135
"1559","Kam90Jou","Luc14Eco",0.368794326241135
"1603","Knu01Ame","Pop74Sov",0.368794326241135
"1609","Knu01Ame","Son02Urb",0.368794326241135
"1620","Kra98Urb","Luc14Eco",0.368794326241135
"1662","Kru96Jou","Pop74Sov",0.368794326241135
"1668","Kru96Jou","Son02Urb",0.368794326241135
"1678","Kum14Jou","Mal80Env",0.368794326241135
"1704","LeG08Emp","Luc14Eco",0.368794326241135
"1733","Li_16Wor","Mir86Urb",0.368794326241135
"1791","Mal80Env","Pen10Phy",0.368794326241135
"1820","Man16Reg","She12Com",0.368794326241135
"1829","Mir86Urb","Mor13Tex",0.368794326241135
"1905","Mor13Tow","Soo07Urb",0.368794326241135
"1915","Nau03Jou","Pop74Sov",0.368794326241135
"1921","Nau03Jou","Son02Urb",0.368794326241135
"1948","Oka79Reg","Pop74Sov",0.368794326241135
"1954","Oka79Reg","Son02Urb",0.368794326241135
"1968","Par83Jou","She12Com",0.368794326241135
"2011","Pop74Sov","Sua80Jou",0.368794326241135
"2040","Roz11Ame","Soo07Urb",0.368794326241135
"2045","Sch12Reg","She12Com",0.368794326241135
"2062","Son02Urb","Sua80Jou",0.368794326241135
"178","And05Reg","Pum15Cyb",0.414893617021277
"249","Ara14Eco","XuZ09Urb",0.414893617021277
"257","Bat01Urb","Cam90Jou",0.414893617021277
"267","Bat01Urb","Gab11Jou",0.414893617021277
"268","Bat01Urb","Gab99Qua",0.414893617021277
"279","Bat01Urb","Knu01Ame",0.414893617021277
"281","Bat01Urb","Kru96Jou",0.414893617021277
"292","Bat01Urb","Nau03Jou",0.414893617021277
"294","Bat01Urb","Oka79Reg",0.414893617021277
"307","Bat01Urb","Sua80Jou",0.414893617021277
"347","Ber12Cit","Mir86Urb",0.414893617021277
"383","Bla03Jou","Faz15Jou",0.414893617021277
"393","Bla03Jou","Ign15Dis",0.414893617021277
"462","Bos08Reg","Mir86Urb",0.414893617021277
"518","Bra99Jou","Mir86Urb",0.414893617021277
"653","Cam90Jou","Del13Eur",0.414893617021277
"698","Cam90Jou","Soo07Urb",0.414893617021277
"811","Del04Con","Faz15Jou",0.414893617021277
"821","Del04Con","Ign15Dis",0.414893617021277
"861","Del13Eur","Gab11Jou",0.414893617021277
"862","Del13Eur","Gab99Qua",0.414893617021277
"873","Del13Eur","Knu01Ame",0.414893617021277
"875","Del13Eur","Kru96Jou",0.414893617021277
"886","Del13Eur","Nau03Jou",0.414893617021277
"888","Del13Eur","Oka79Reg",0.414893617021277
"901","Del13Eur","Sua80Jou",0.414893617021277
"930","Dim09Urb","Mir86Urb",0.414893617021277
"1089","Ezz15Rev","XuZ09Urb",0.414893617021277
"1101","Faz15Jou","Iye13Eur",0.414893617021277
"1114","Faz15Jou","Mor13Tex",0.414893617021277
"1115","Faz15Jou","Mor13Tow",0.414893617021277
"1125","Faz15Jou","Roz11Ame",0.414893617021277
"1173","Gab11Jou","Soo07Urb",0.414893617021277
"1215","Gab99Qua","Soo07Urb",0.414893617021277
"1486","Ign15Dis","Iye13Eur",0.414893617021277
"1499","Ign15Dis","Mor13Tex",0.414893617021277
"1500","Ign15Dis","Mor13Tow",0.414893617021277
"1510","Ign15Dis","Roz11Ame",0.414893617021277
"1611","Knu01Ame","Soo07Urb",0.414893617021277
"1670","Kru96Jou","Soo07Urb",0.414893617021277
"1701","Kum14Jou","XuZ09Urb",0.414893617021277
"1860","Mod15Qua","Ros80Jou",0.414893617021277
"1923","Nau03Jou","Soo07Urb",0.414893617021277
"1956","Oka79Reg","Soo07Urb",0.414893617021277
"2001","Pen10Phy","XuZ09Urb",0.414893617021277
"2018","Pum15Cyb","She12Com",0.414893617021277
"2071","Soo07Urb","Sua80Jou",0.414893617021277
"29","Alp89Jou","Hol10Nat",0.460992907801418
"42","Alp89Jou","Mir86Urb",0.460992907801418
"65","Ama14Int","And05Reg",0.460992907801418
"120","Ama14Int","She12Com",0.460992907801418
"135","And05Reg","Bre15Int",0.460992907801418
"137","And05Reg","Cie16Mis",0.460992907801418
"142","And05Reg","Eec04The",0.460992907801418
"143","And05Reg","Ett87Env",0.460992907801418
"159","And05Reg","Kra98Urb",0.460992907801418
"172","And05Reg","Nis08Jou",0.460992907801418
"233","Ara14Eco","Nis08Jou",0.460992907801418
"248","Ara14Eco","Ven13Oec",0.460992907801418
"252","Bat01Urb","Bla03Jou",0.460992907801418
"260","Bat01Urb","Del04Con",0.460992907801418
"277","Bat01Urb","Iye13Eur",0.460992907801418
"290","Bat01Urb","Mor13Tex",0.460992907801418
"378","Bla03Jou","Del13Eur",0.460992907801418
"423","Bla03Jou","Soo07Urb",0.460992907801418
"642","Bre15Int","She12Com",0.460992907801418
"658","Cam90Jou","Faz15Jou",0.460992907801418
"668","Cam90Jou","Ign15Dis",0.460992907801418
"747","Cie16Mis","She12Com",0.460992907801418
"764","Cra05Con","Gan06Eco",0.460992907801418
"768","Cra05Con","Gue95Urb",0.460992907801418
"769","Cra05Con","Gul12Age",0.460992907801418
"779","Cra05Con","Li_16Wor",0.460992907801418
"790","Cra05Con","Par83Jou",0.460992907801418
"797","Cra05Con","Sch12Reg",0.460992907801418
"806","Del04Con","Del13Eur",0.460992907801418
"851","Del04Con","Soo07Urb",0.460992907801418
"871","Del13Eur","Iye13Eur",0.460992907801418
"884","Del13Eur","Mor13Tex",0.460992907801418
"992","Eec04The","She12Com",0.460992907801418
"1038","Ett87Env","She12Com",0.460992907801418
"1073","Ezz15Rev","Nis08Jou",0.460992907801418
"1088","Ezz15Rev","Ven13Oec",0.460992907801418
"1091","Faz15Jou","Gab11Jou",0.460992907801418
"1092","Faz15Jou","Gab99Qua",0.460992907801418
"1103","Faz15Jou","Knu01Ame",0.460992907801418
"1105","Faz15Jou","Kru96Jou",0.460992907801418
"1116","Faz15Jou","Nau03Jou",0.460992907801418
"1118","Faz15Jou","Oka79Reg",0.460992907801418
"1131","Faz15Jou","Sua80Jou",0.460992907801418
"1143","Gab11Jou","Ign15Dis",0.460992907801418
"1185","Gab99Qua","Ign15Dis",0.460992907801418
"1235","Gan06Eco","Luc14Eco",0.460992907801418
"1389","Gue95Urb","Luc14Eco",0.460992907801418
"1425","Gul12Age","Luc14Eco",0.460992907801418
"1453","Hol10Nat","Kam90Jou",0.460992907801418
"1458","Hol10Nat","LeG08Emp",0.460992907801418
"1488","Ign15Dis","Knu01Ame",0.460992907801418
"1490","Ign15Dis","Kru96Jou",0.460992907801418
"1501","Ign15Dis","Nau03Jou",0.460992907801418
"1503","Ign15Dis","Oka79Reg",0.460992907801418
"1516","Ign15Dis","Sua80Jou",0.460992907801418
"1548","Iye13Eur","Soo07Urb",0.460992907801418
"1562","Kam90Jou","Mir86Urb",0.460992907801418
"1638","Kra98Urb","She12Com",0.460992907801418
"1685","Kum14Jou","Nis08Jou",0.460992907801418
"1700","Kum14Jou","Ven13Oec",0.460992907801418
"1707","LeG08Emp","Mir86Urb",0.460992907801418
"1730","Li_16Wor","Luc14Eco",0.460992907801418
"1765","Luc14Eco","Par83Jou",0.460992907801418
"1772","Luc14Eco","Sch12Reg",0.460992907801418
"1830","Mir86Urb","Mor13Tow",0.460992907801418
"1840","Mir86Urb","Roz11Ame",0.460992907801418
"1886","Mor13Tex","Soo07Urb",0.460992907801418
"1931","Nis08Jou","Pen10Phy",0.460992907801418
"1937","Nis08Jou","She12Com",0.460992907801418
"2000","Pen10Phy","Ven13Oec",0.460992907801418
"2033","Ros80Jou","Ven13Oec",0.460992907801418
"20","Alp89Jou","Faz15Jou",0.50709219858156
"30","Alp89Jou","Ign15Dis",0.50709219858156
"229","Ara14Eco","Mod15Qua",0.50709219858156
"318","Ber12Cit","Cra05Con",0.50709219858156
"344","Ber12Cit","Luc14Eco",0.50709219858156
"415","Bla03Jou","Pop74Sov",0.50709219858156
"421","Bla03Jou","Son02Urb",0.50709219858156
"433","Bos08Reg","Cra05Con",0.50709219858156
"459","Bos08Reg","Luc14Eco",0.50709219858156
"489","Bra99Jou","Cra05Con",0.50709219858156
"515","Bra99Jou","Luc14Eco",0.50709219858156
"680","Cam90Jou","Mir86Urb",0.50709219858156
"757","Cra05Con","Dim09Urb",0.50709219858156
"843","Del04Con","Pop74Sov",0.50709219858156
"849","Del04Con","Son02Urb",0.50709219858156
"927","Dim09Urb","Luc14Eco",0.50709219858156
"1069","Ezz15Rev","Mod15Qua",0.50709219858156
"1102","Faz15Jou","Kam90Jou",0.50709219858156
"1107","Faz15Jou","LeG08Emp",0.50709219858156
"1155","Gab11Jou","Mir86Urb",0.50709219858156
"1197","Gab99Qua","Mir86Urb",0.50709219858156
"1487","Ign15Dis","Kam90Jou",0.50709219858156
"1492","Ign15Dis","LeG08Emp",0.50709219858156
"1540","Iye13Eur","Pop74Sov",0.50709219858156
"1546","Iye13Eur","Son02Urb",0.50709219858156
"1593","Knu01Ame","Mir86Urb",0.50709219858156
"1652","Kru96Jou","Mir86Urb",0.50709219858156
"1681","Kum14Jou","Mod15Qua",0.50709219858156
"1831","Mir86Urb","Nau03Jou",0.50709219858156
"1833","Mir86Urb","Oka79Reg",0.50709219858156
"1846","Mir86Urb","Sua80Jou",0.50709219858156
"1857","Mod15Qua","Pen10Phy",0.50709219858156
"1878","Mor13Tex","Pop74Sov",0.50709219858156
"1884","Mor13Tex","Son02Urb",0.50709219858156
"2034","Ros80Jou","XuZ09Urb",0.50709219858156
"4","Alp89Jou","Bat01Urb",0.553191489361702
"15","Alp89Jou","Del13Eur",0.553191489361702
"60","Alp89Jou","Soo07Urb",0.553191489361702
"148","And05Reg","Gan06Eco",0.553191489361702
"153","And05Reg","Gul12Age",0.553191489361702
"163","And05Reg","Li_16Wor",0.553191489361702
"213","Ara14Eco","Gue95Urb",0.553191489361702
"235","Ara14Eco","Par83Jou",0.553191489361702
"242","Ara14Eco","Sch12Reg",0.553191489361702
"278","Bat01Urb","Kam90Jou",0.553191489361702
"283","Bat01Urb","LeG08Emp",0.553191489361702
"372","Bla03Jou","Bre00Cyb",0.553191489361702
"387","Bla03Jou","Gan13Eco",0.553191489361702
"388","Bla03Jou","Gie10Jou",0.553191489361702
"392","Bla03Jou","Hol10Nat",0.553191489361702
"404","Bla03Jou","Man16Reg",0.553191489361702
"545","Bre00Cyb","Del04Con",0.553191489361702
"562","Bre00Cyb","Iye13Eur",0.553191489361702
"575","Bre00Cyb","Mor13Tex",0.553191489361702
"786","Cra05Con","Mor13Tow",0.553191489361702
"788","Cra05Con","Nis08Jou",0.553191489361702
"796","Cra05Con","Roz11Ame",0.553191489361702
"815","Del04Con","Gan13Eco",0.553191489361702
"816","Del04Con","Gie10Jou",0.553191489361702
"820","Del04Con","Hol10Nat",0.553191489361702
"832","Del04Con","Man16Reg",0.553191489361702
"872","Del13Eur","Kam90Jou",0.553191489361702
"877","Del13Eur","LeG08Emp",0.553191489361702
"1053","Ezz15Rev","Gue95Urb",0.553191489361702
"1075","Ezz15Rev","Par83Jou",0.553191489361702
"1082","Ezz15Rev","Sch12Reg",0.553191489361702
"1253","Gan06Eco","She12Com",0.553191489361702
"1267","Gan13Eco","Iye13Eur",0.553191489361702
"1280","Gan13Eco","Mor13Tex",0.553191489361702
"1306","Gie10Jou","Iye13Eur",0.553191489361702
"1319","Gie10Jou","Mor13Tex",0.553191489361702
"1386","Gue95Urb","Kum14Jou",0.553191489361702
"1392","Gue95Urb","Mir86Urb",0.553191489361702
"1401","Gue95Urb","Pen10Phy",0.553191489361702
"1443","Gul12Age","She12Com",0.553191489361702
"1452","Hol10Nat","Iye13Eur",0.553191489361702
"1461","Hol10Nat","Mal80Env",0.553191489361702
"1465","Hol10Nat","Mor13Tex",0.553191489361702
"1529","Iye13Eur","Man16Reg",0.553191489361702
"1580","Kam90Jou","Soo07Urb",0.553191489361702
"1687","Kum14Jou","Par83Jou",0.553191489361702
"1694","Kum14Jou","Sch12Reg",0.553191489361702
"1725","LeG08Emp","Soo07Urb",0.553191489361702
"1748","Li_16Wor","She12Com",0.553191489361702
"1761","Luc14Eco","Mor13Tow",0.553191489361702
"1763","Luc14Eco","Nis08Jou",0.553191489361702
"1771","Luc14Eco","Roz11Ame",0.553191489361702
"1794","Mal80Env","Ros80Jou",0.553191489361702
"1807","Man16Reg","Mor13Tex",0.553191489361702
"1834","Mir86Urb","Par83Jou",0.553191489361702
"1841","Mir86Urb","Sch12Reg",0.553191489361702
"1962","Par83Jou","Pen10Phy",0.553191489361702
"1994","Pen10Phy","Sch12Reg",0.553191489361702
"52","Alp89Jou","Pop74Sov",0.599290780141844
"58","Alp89Jou","Son02Urb",0.599290780141844
"130","And05Reg","Ber12Cit",0.599290780141844
"132","And05Reg","Bos08Reg",0.599290780141844
"133","And05Reg","Bra99Jou",0.599290780141844
"141","And05Reg","Dim09Urb",0.599290780141844
"362","Ber12Cit","She12Com",0.599290780141844
"416","Bla03Jou","Pum15Cyb",0.599290780141844
"477","Bos08Reg","She12Com",0.599290780141844
"533","Bra99Jou","She12Com",0.599290780141844
"651","Cam90Jou","Cra05Con",0.599290780141844
"677","Cam90Jou","Luc14Eco",0.599290780141844
"762","Cra05Con","Gab11Jou",0.599290780141844
"763","Cra05Con","Gab99Qua",0.599290780141844
"774","Cra05Con","Knu01Ame",0.599290780141844
"776","Cra05Con","Kru96Jou",0.599290780141844
"787","Cra05Con","Nau03Jou",0.599290780141844
"789","Cra05Con","Oka79Reg",0.599290780141844
"802","Cra05Con","Sua80Jou",0.599290780141844
"844","Del04Con","Pum15Cyb",0.599290780141844
"945","Dim09Urb","She12Com",0.599290780141844
"1097","Faz15Jou","Gue95Urb",0.599290780141844
"1119","Faz15Jou","Par83Jou",0.599290780141844
"1126","Faz15Jou","Sch12Reg",0.599290780141844
"1152","Gab11Jou","Luc14Eco",0.599290780141844
"1194","Gab99Qua","Luc14Eco",0.599290780141844
"1380","Gue95Urb","Ign15Dis",0.599290780141844
"1484","Hol10Nat","XuZ09Urb",0.599290780141844
"1504","Ign15Dis","Par83Jou",0.599290780141844
"1511","Ign15Dis","Sch12Reg",0.599290780141844
"1541","Iye13Eur","Pum15Cyb",0.599290780141844
"1572","Kam90Jou","Pop74Sov",0.599290780141844
"1578","Kam90Jou","Son02Urb",0.599290780141844
"1590","Knu01Ame","Luc14Eco",0.599290780141844
"1649","Kru96Jou","Luc14Eco",0.599290780141844
"1717","LeG08Emp","Pop74Sov",0.599290780141844
"1723","LeG08Emp","Son02Urb",0.599290780141844
"1762","Luc14Eco","Nau03Jou",0.599290780141844
"1764","Luc14Eco","Oka79Reg",0.599290780141844
"1777","Luc14Eco","Sua80Jou",0.599290780141844
"1879","Mor13Tex","Pum15Cyb",0.599290780141844
"3","Alp89Jou","Ara14Eco",0.645390070921986
"9","Alp89Jou","Bre00Cyb",0.645390070921986
"19","Alp89Jou","Ezz15Rev",0.645390070921986
"24","Alp89Jou","Gan13Eco",0.645390070921986
"25","Alp89Jou","Gie10Jou",0.645390070921986
"36","Alp89Jou","Kum14Jou",0.645390070921986
"41","Alp89Jou","Man16Reg",0.645390070921986
"51","Alp89Jou","Pen10Phy",0.645390070921986
"69","Ama14Int","Bla03Jou",0.645390070921986
"77","Ama14Int","Del04Con",0.645390070921986
"94","Ama14Int","Iye13Eur",0.645390070921986
"107","Ama14Int","Mor13Tex",0.645390070921986
"170","And05Reg","Mor13Tow",0.645390070921986
"180","And05Reg","Roz11Ame",0.645390070921986
"218","Ara14Eco","Kam90Jou",0.645390070921986
"223","Ara14Eco","LeG08Emp",0.645390070921986
"273","Bat01Urb","Gue95Urb",0.645390070921986
"295","Bat01Urb","Par83Jou",0.645390070921986
"302","Bat01Urb","Sch12Reg",0.645390070921986
"373","Bla03Jou","Bre15Int",0.645390070921986
"375","Bla03Jou","Cie16Mis",0.645390070921986
"380","Bla03Jou","Eec04The",0.645390070921986
"381","Bla03Jou","Ett87Env",0.645390070921986
"397","Bla03Jou","Kra98Urb",0.645390070921986
"563","Bre00Cyb","Kam90Jou",0.645390070921986
"568","Bre00Cyb","LeG08Emp",0.645390070921986
"599","Bre15Int","Del04Con",0.645390070921986
"616","Bre15Int","Iye13Eur",0.645390070921986
"629","Bre15Int","Mor13Tex",0.645390070921986
"704","Cie16Mis","Del04Con",0.645390070921986
"721","Cie16Mis","Iye13Eur",0.645390070921986
"734","Cie16Mis","Mor13Tex",0.645390070921986
"808","Del04Con","Eec04The",0.645390070921986
"809","Del04Con","Ett87Env",0.645390070921986
"825","Del04Con","Kra98Urb",0.645390070921986
"867","Del13Eur","Gue95Urb",0.645390070921986
"889","Del13Eur","Par83Jou",0.645390070921986
"896","Del13Eur","Sch12Reg",0.645390070921986
"966","Eec04The","Iye13Eur",0.645390070921986
"979","Eec04The","Mor13Tex",0.645390070921986
"1012","Ett87Env","Iye13Eur",0.645390070921986
"1025","Ett87Env","Mor13Tex",0.645390070921986
"1058","Ezz15Rev","Kam90Jou",0.645390070921986
"1063","Ezz15Rev","LeG08Emp",0.645390070921986
"1268","Gan13Eco","Kam90Jou",0.645390070921986
"1273","Gan13Eco","LeG08Emp",0.645390070921986
"1307","Gie10Jou","Kam90Jou",0.645390070921986
"1312","Gie10Jou","LeG08Emp",0.645390070921986
"1410","Gue95Urb","Soo07Urb",0.645390070921986
"1483","Hol10Nat","Ven13Oec",0.645390070921986
"1522","Iye13Eur","Kra98Urb",0.645390070921986
"1556","Kam90Jou","Kum14Jou",0.645390070921986
"1561","Kam90Jou","Man16Reg",0.645390070921986
"1571","Kam90Jou","Pen10Phy",0.645390070921986
"1625","Kra98Urb","Mor13Tex",0.645390070921986
"1675","Kum14Jou","LeG08Emp",0.645390070921986
"1706","LeG08Emp","Man16Reg",0.645390070921986
"1716","LeG08Emp","Pen10Phy",0.645390070921986
"1832","Mir86Urb","Nis08Jou",0.645390070921986
"1856","Mod15Qua","Par85Jou",0.645390070921986
"1902","Mor13Tow","She12Com",0.645390070921986
"1971","Par83Jou","Soo07Urb",0.645390070921986
"2037","Roz11Ame","She12Com",0.645390070921986
"2048","Sch12Reg","Soo07Urb",0.645390070921986
"53","Alp89Jou","Pum15Cyb",0.691489361702128
"136","And05Reg","Cam90Jou",0.691489361702128
"146","And05Reg","Gab11Jou",0.691489361702128
"147","And05Reg","Gab99Qua",0.691489361702128
"158","And05Reg","Knu01Ame",0.691489361702128
"160","And05Reg","Kru96Jou",0.691489361702128
"171","And05Reg","Nau03Jou",0.691489361702128
"173","And05Reg","Oka79Reg",0.691489361702128
"186","And05Reg","Sua80Jou",0.691489361702128
"695","Cam90Jou","She12Com",0.691489361702128
"1117","Faz15Jou","Nis08Jou",0.691489361702128
"1170","Gab11Jou","She12Com",0.691489361702128
"1212","Gab99Qua","She12Com",0.691489361702128
"1402","Gue95Urb","Pop74Sov",0.691489361702128
"1408","Gue95Urb","Son02Urb",0.691489361702128
"1464","Hol10Nat","Mod15Qua",0.691489361702128
"1502","Ign15Dis","Nis08Jou",0.691489361702128
"1573","Kam90Jou","Pum15Cyb",0.691489361702128
"1608","Knu01Ame","She12Com",0.691489361702128
"1667","Kru96Jou","She12Com",0.691489361702128
"1718","LeG08Emp","Pum15Cyb",0.691489361702128
"1920","Nau03Jou","She12Com",0.691489361702128
"1953","Oka79Reg","She12Com",0.691489361702128
"1963","Par83Jou","Pop74Sov",0.691489361702128
"1969","Par83Jou","Son02Urb",0.691489361702128
"1987","Par85Jou","Ven13Oec",0.691489361702128
"2006","Pop74Sov","Sch12Reg",0.691489361702128
"2046","Sch12Reg","Son02Urb",0.691489361702128
"2056","She12Com","Sua80Jou",0.691489361702128
"1","Alp89Jou","Ama14Int",0.737588652482269
"10","Alp89Jou","Bre15Int",0.737588652482269
"12","Alp89Jou","Cie16Mis",0.737588652482269
"17","Alp89Jou","Eec04The",0.737588652482269
"18","Alp89Jou","Ett87Env",0.737588652482269
"34","Alp89Jou","Kra98Urb",0.737588652482269
"95","Ama14Int","Kam90Jou",0.737588652482269
"100","Ama14Int","LeG08Emp",0.737588652482269
"154","And05Reg","Hol10Nat",0.737588652482269
"192","Ara14Eco","Bla03Jou",0.737588652482269
"200","Ara14Eco","Del04Con",0.737588652482269
"217","Ara14Eco","Iye13Eur",0.737588652482269
"230","Ara14Eco","Mor13Tex",0.737588652482269
"293","Bat01Urb","Nis08Jou",0.737588652482269
"382","Bla03Jou","Ezz15Rev",0.737588652482269
"386","Bla03Jou","Gan06Eco",0.737588652482269
"391","Bla03Jou","Gul12Age",0.737588652482269
"399","Bla03Jou","Kum14Jou",0.737588652482269
"401","Bla03Jou","Li_16Wor",0.737588652482269
"414","Bla03Jou","Pen10Phy",0.737588652482269
"558","Bre00Cyb","Gue95Urb",0.737588652482269
"580","Bre00Cyb","Par83Jou",0.737588652482269
"587","Bre00Cyb","Sch12Reg",0.737588652482269
"617","Bre15Int","Kam90Jou",0.737588652482269
"622","Bre15Int","LeG08Emp",0.737588652482269
"722","Cie16Mis","Kam90Jou",0.737588652482269
"727","Cie16Mis","LeG08Emp",0.737588652482269
"810","Del04Con","Ezz15Rev",0.737588652482269
"814","Del04Con","Gan06Eco",0.737588652482269
"819","Del04Con","Gul12Age",0.737588652482269
"827","Del04Con","Kum14Jou",0.737588652482269
"829","Del04Con","Li_16Wor",0.737588652482269
"842","Del04Con","Pen10Phy",0.737588652482269
"887","Del13Eur","Nis08Jou",0.737588652482269
"967","Eec04The","Kam90Jou",0.737588652482269
"972","Eec04The","LeG08Emp",0.737588652482269
"1013","Ett87Env","Kam90Jou",0.737588652482269
"1018","Ett87Env","LeG08Emp",0.737588652482269
"1057","Ezz15Rev","Iye13Eur",0.737588652482269
"1070","Ezz15Rev","Mor13Tex",0.737588652482269
"1227","Gan06Eco","Iye13Eur",0.737588652482269
"1240","Gan06Eco","Mor13Tex",0.737588652482269
"1263","Gan13Eco","Gue95Urb",0.737588652482269
"1285","Gan13Eco","Par83Jou",0.737588652482269
"1292","Gan13Eco","Sch12Reg",0.737588652482269
"1302","Gie10Jou","Gue95Urb",0.737588652482269
"1324","Gie10Jou","Par83Jou",0.737588652482269
"1331","Gie10Jou","Sch12Reg",0.737588652482269
"1391","Gue95Urb","Man16Reg",0.737588652482269
"1417","Gul12Age","Iye13Eur",0.737588652482269
"1430","Gul12Age","Mor13Tex",0.737588652482269
"1478","Hol10Nat","She12Com",0.737588652482269
"1524","Iye13Eur","Kum14Jou",0.737588652482269
"1526","Iye13Eur","Li_16Wor",0.737588652482269
"1539","Iye13Eur","Pen10Phy",0.737588652482269
"1554","Kam90Jou","Kra98Urb",0.737588652482269
"1618","Kra98Urb","LeG08Emp",0.737588652482269
"1682","Kum14Jou","Mor13Tex",0.737588652482269
"1735","Li_16Wor","Mor13Tex",0.737588652482269
"1812","Man16Reg","Par83Jou",0.737588652482269
"1819","Man16Reg","Sch12Reg",0.737588652482269
"1877","Mor13Tex","Pen10Phy",0.737588652482269
"1940","Nis08Jou","Soo07Urb",0.737588652482269
"1988","Par85Jou","XuZ09Urb",0.737588652482269
"311","Ber12Cit","Bla03Jou",0.783687943262411
"319","Ber12Cit","Del04Con",0.783687943262411
"336","Ber12Cit","Iye13Eur",0.783687943262411
"349","Ber12Cit","Mor13Tex",0.783687943262411
"370","Bla03Jou","Bos08Reg",0.783687943262411
"371","Bla03Jou","Bra99Jou",0.783687943262411
"379","Bla03Jou","Dim09Urb",0.783687943262411
"434","Bos08Reg","Del04Con",0.783687943262411
"451","Bos08Reg","Iye13Eur",0.783687943262411
"464","Bos08Reg","Mor13Tex",0.783687943262411
"490","Bra99Jou","Del04Con",0.783687943262411
"507","Bra99Jou","Iye13Eur",0.783687943262411
"520","Bra99Jou","Mor13Tex",0.783687943262411
"807","Del04Con","Dim09Urb",0.783687943262411
"919","Dim09Urb","Iye13Eur",0.783687943262411
"932","Dim09Urb","Mor13Tex",0.783687943262411
"1403","Gue95Urb","Pum15Cyb",0.783687943262411
"1790","Mal80Env","Par85Jou",0.783687943262411
"1932","Nis08Jou","Pop74Sov",0.783687943262411
"1938","Nis08Jou","Son02Urb",0.783687943262411
"1964","Par83Jou","Pum15Cyb",0.783687943262411
"2017","Pum15Cyb","Sch12Reg",0.783687943262411
"23","Alp89Jou","Gan06Eco",0.829787234042553
"28","Alp89Jou","Gul12Age",0.829787234042553
"38","Alp89Jou","Li_16Wor",0.829787234042553
"90","Ama14Int","Gue95Urb",0.829787234042553
"112","Ama14Int","Par83Jou",0.829787234042553
"119","Ama14Int","Sch12Reg",0.829787234042553
"408","Bla03Jou","Mor13Tow",0.829787234042553
"418","Bla03Jou","Roz11Ame",0.829787234042553
"578","Bre00Cyb","Nis08Jou",0.829787234042553
"612","Bre15Int","Gue95Urb",0.829787234042553
"634","Bre15Int","Par83Jou",0.829787234042553
"641","Bre15Int","Sch12Reg",0.829787234042553
"717","Cie16Mis","Gue95Urb",0.829787234042553
"739","Cie16Mis","Par83Jou",0.829787234042553
"746","Cie16Mis","Sch12Reg",0.829787234042553
"770","Cra05Con","Hol10Nat",0.829787234042553
"836","Del04Con","Mor13Tow",0.829787234042553
"846","Del04Con","Roz11Ame",0.829787234042553
"962","Eec04The","Gue95Urb",0.829787234042553
"984","Eec04The","Par83Jou",0.829787234042553
"991","Eec04The","Sch12Reg",0.829787234042553
"1008","Ett87Env","Gue95Urb",0.829787234042553
"1030","Ett87Env","Par83Jou",0.829787234042553
"1037","Ett87Env","Sch12Reg",0.829787234042553
"1228","Gan06Eco","Kam90Jou",0.829787234042553
"1233","Gan06Eco","LeG08Emp",0.829787234042553
"1283","Gan13Eco","Nis08Jou",0.829787234042553
"1322","Gie10Jou","Nis08Jou",0.829787234042553
"1384","Gue95Urb","Kra98Urb",0.829787234042553
"1418","Gul12Age","Kam90Jou",0.829787234042553
"1423","Gul12Age","LeG08Emp",0.829787234042553
"1460","Hol10Nat","Luc14Eco",0.829787234042553
"1533","Iye13Eur","Mor13Tow",0.829787234042553
"1543","Iye13Eur","Roz11Ame",0.829787234042553
"1558","Kam90Jou","Li_16Wor",0.829787234042553
"1630","Kra98Urb","Par83Jou",0.829787234042553
"1637","Kra98Urb","Sch12Reg",0.829787234042553
"1703","LeG08Emp","Li_16Wor",0.829787234042553
"1787","Mal80Env","Nis08Jou",0.829787234042553
"1810","Man16Reg","Nis08Jou",0.829787234042553
"1871","Mor13Tex","Mor13Tow",0.829787234042553
"1881","Mor13Tex","Roz11Ame",0.829787234042553
"5","Alp89Jou","Ber12Cit",0.875886524822695
"7","Alp89Jou","Bos08Reg",0.875886524822695
"8","Alp89Jou","Bra99Jou",0.875886524822695
"16","Alp89Jou","Dim09Urb",0.875886524822695
"337","Ber12Cit","Kam90Jou",0.875886524822695
"342","Ber12Cit","LeG08Emp",0.875886524822695
"374","Bla03Jou","Cam90Jou",0.875886524822695
"384","Bla03Jou","Gab11Jou",0.875886524822695
"385","Bla03Jou","Gab99Qua",0.875886524822695
"396","Bla03Jou","Knu01Ame",0.875886524822695
"398","Bla03Jou","Kru96Jou",0.875886524822695
"409","Bla03Jou","Nau03Jou",0.875886524822695
"411","Bla03Jou","Oka79Reg",0.875886524822695
"424","Bla03Jou","Sua80Jou",0.875886524822695
"452","Bos08Reg","Kam90Jou",0.875886524822695
"457","Bos08Reg","LeG08Emp",0.875886524822695
"508","Bra99Jou","Kam90Jou",0.875886524822695
"513","Bra99Jou","LeG08Emp",0.875886524822695
"652","Cam90Jou","Del04Con",0.875886524822695
"669","Cam90Jou","Iye13Eur",0.875886524822695
"682","Cam90Jou","Mor13Tex",0.875886524822695
"812","Del04Con","Gab11Jou",0.875886524822695
"813","Del04Con","Gab99Qua",0.875886524822695
"824","Del04Con","Knu01Ame",0.875886524822695
"826","Del04Con","Kru96Jou",0.875886524822695
"837","Del04Con","Nau03Jou",0.875886524822695
"839","Del04Con","Oka79Reg",0.875886524822695
"852","Del04Con","Sua80Jou",0.875886524822695
"920","Dim09Urb","Kam90Jou",0.875886524822695
"925","Dim09Urb","LeG08Emp",0.875886524822695
"1144","Gab11Jou","Iye13Eur",0.875886524822695
"1157","Gab11Jou","Mor13Tex",0.875886524822695
"1186","Gab99Qua","Iye13Eur",0.875886524822695
"1199","Gab99Qua","Mor13Tex",0.875886524822695
"1521","Iye13Eur","Knu01Ame",0.875886524822695
"1523","Iye13Eur","Kru96Jou",0.875886524822695
"1534","Iye13Eur","Nau03Jou",0.875886524822695
"1536","Iye13Eur","Oka79Reg",0.875886524822695
"1549","Iye13Eur","Sua80Jou",0.875886524822695
"1595","Knu01Ame","Mor13Tex",0.875886524822695
"1654","Kru96Jou","Mor13Tex",0.875886524822695
"1872","Mor13Tex","Nau03Jou",0.875886524822695
"1874","Mor13Tex","Oka79Reg",0.875886524822695
"1887","Mor13Tex","Sua80Jou",0.875886524822695
"1933","Nis08Jou","Pum15Cyb",0.875886524822695
"1943","Nis08Jou","XuZ09Urb",0.875886524822695
"45","Alp89Jou","Mor13Tow",0.921985815602837
"55","Alp89Jou","Roz11Ame",0.921985815602837
"110","Ama14Int","Nis08Jou",0.921985815602837
"128","And05Reg","Ara14Eco",0.921985815602837
"144","And05Reg","Ezz15Rev",0.921985815602837
"161","And05Reg","Kum14Jou",0.921985815602837
"176","And05Reg","Pen10Phy",0.921985815602837
"240","Ara14Eco","Ros80Jou",0.921985815602837
"243","Ara14Eco","She12Com",0.921985815602837
"632","Bre15Int","Nis08Jou",0.921985815602837
"737","Cie16Mis","Nis08Jou",0.921985815602837
"982","Eec04The","Nis08Jou",0.921985815602837
"1028","Ett87Env","Nis08Jou",0.921985815602837
"1080","Ezz15Rev","Ros80Jou",0.921985815602837
"1083","Ezz15Rev","She12Com",0.921985815602837
"1223","Gan06Eco","Gue95Urb",0.921985815602837
"1245","Gan06Eco","Par83Jou",0.921985815602837
"1252","Gan06Eco","Sch12Reg",0.921985815602837
"1377","Gon10Jou","Ziq16Asi",0.921985815602837
"1378","Gue95Urb","Gul12Age",0.921985815602837
"1388","Gue95Urb","Li_16Wor",0.921985815602837
"1390","Gue95Urb","Mal80Env",0.921985815602837
"1435","Gul12Age","Par83Jou",0.921985815602837
"1442","Gul12Age","Sch12Reg",0.921985815602837
"1463","Hol10Nat","Mir86Urb",0.921985815602837
"1565","Kam90Jou","Mor13Tow",0.921985815602837
"1575","Kam90Jou","Roz11Ame",0.921985815602837
"1628","Kra98Urb","Nis08Jou",0.921985815602837
"1692","Kum14Jou","Ros80Jou",0.921985815602837
"1695","Kum14Jou","She12Com",0.921985815602837
"1710","LeG08Emp","Mor13Tow",0.921985815602837
"1720","LeG08Emp","Roz11Ame",0.921985815602837
"1740","Li_16Wor","Par83Jou",0.921985815602837
"1747","Li_16Wor","Sch12Reg",0.921985815602837
"1789","Mal80Env","Par83Jou",0.921985815602837
"1796","Mal80Env","Sch12Reg",0.921985815602837
"1942","Nis08Jou","Ven13Oec",0.921985815602837
"1992","Pen10Phy","Ros80Jou",0.921985815602837
"1995","Pen10Phy","She12Com",0.921985815602837
"11","Alp89Jou","Cam90Jou",0.968085106382979
"21","Alp89Jou","Gab11Jou",0.968085106382979
"22","Alp89Jou","Gab99Qua",0.968085106382979
"33","Alp89Jou","Knu01Ame",0.968085106382979
"35","Alp89Jou","Kru96Jou",0.968085106382979
"46","Alp89Jou","Nau03Jou",0.968085106382979
"48","Alp89Jou","Oka79Reg",0.968085106382979
"61","Alp89Jou","Sua80Jou",0.968085106382979
"332","Ber12Cit","Gue95Urb",0.968085106382979
"354","Ber12Cit","Par83Jou",0.968085106382979
"361","Ber12Cit","Sch12Reg",0.968085106382979
"447","Bos08Reg","Gue95Urb",0.968085106382979
"469","Bos08Reg","Par83Jou",0.968085106382979
"476","Bos08Reg","Sch12Reg",0.968085106382979
"503","Bra99Jou","Gue95Urb",0.968085106382979
"525","Bra99Jou","Par83Jou",0.968085106382979
"532","Bra99Jou","Sch12Reg",0.968085106382979
"670","Cam90Jou","Kam90Jou",0.968085106382979
"675","Cam90Jou","LeG08Emp",0.968085106382979
"915","Dim09Urb","Gue95Urb",0.968085106382979
"937","Dim09Urb","Par83Jou",0.968085106382979
"944","Dim09Urb","Sch12Reg",0.968085106382979
"1099","Faz15Jou","Hol10Nat",0.968085106382979
"1145","Gab11Jou","Kam90Jou",0.968085106382979
"1150","Gab11Jou","LeG08Emp",0.968085106382979
"1187","Gab99Qua","Kam90Jou",0.968085106382979
"1192","Gab99Qua","LeG08Emp",0.968085106382979
"1413","Gue95Urb","XuZ09Urb",0.968085106382979
"1451","Hol10Nat","Ign15Dis",0.968085106382979
"1553","Kam90Jou","Knu01Ame",0.968085106382979
"1555","Kam90Jou","Kru96Jou",0.968085106382979
"1566","Kam90Jou","Nau03Jou",0.968085106382979
"1568","Kam90Jou","Oka79Reg",0.968085106382979
"1581","Kam90Jou","Sua80Jou",0.968085106382979
"1588","Knu01Ame","LeG08Emp",0.968085106382979
"1647","Kru96Jou","LeG08Emp",0.968085106382979
"1711","LeG08Emp","Nau03Jou",0.968085106382979
"1713","LeG08Emp","Oka79Reg",0.968085106382979
"1726","LeG08Emp","Sua80Jou",0.968085106382979
"1853","Mod15Qua","Nis08Jou",0.968085106382979
"1974","Par83Jou","XuZ09Urb",0.968085106382979
"2051","Sch12Reg","XuZ09Urb",0.968085106382979
"40","Alp89Jou","Mal80Env",1.01418439716312
"199","Ara14Eco","Cra05Con",1.01418439716312
"225","Ara14Eco","Luc14Eco",1.01418439716312
"275","Bat01Urb","Hol10Nat",1.01418439716312
"760","Cra05Con","Ezz15Rev",1.01418439716312
"777","Cra05Con","Kum14Jou",1.01418439716312
"792","Cra05Con","Pen10Phy",1.01418439716312
"869","Del13Eur","Hol10Nat",1.01418439716312
"1065","Ezz15Rev","Luc14Eco",1.01418439716312
"1243","Gan06Eco","Nis08Jou",1.01418439716312
"1395","Gue95Urb","Mor13Tow",1.01418439716312
"1405","Gue95Urb","Roz11Ame",1.01418439716312
"1412","Gue95Urb","Ven13Oec",1.01418439716312
"1433","Gul12Age","Nis08Jou",1.01418439716312
"1481","Hol10Nat","Soo07Urb",1.01418439716312
"1560","Kam90Jou","Mal80Env",1.01418439716312
"1677","Kum14Jou","Luc14Eco",1.01418439716312
"1705","LeG08Emp","Mal80Env",1.01418439716312
"1738","Li_16Wor","Nis08Jou",1.01418439716312
"1767","Luc14Eco","Pen10Phy",1.01418439716312
"1894","Mor13Tow","Par83Jou",1.01418439716312
"1901","Mor13Tow","Sch12Reg",1.01418439716312
"1966","Par83Jou","Roz11Ame",1.01418439716312
"1973","Par83Jou","Ven13Oec",1.01418439716312
"2036","Roz11Ame","Sch12Reg",1.01418439716312
"2050","Sch12Reg","Ven13Oec",1.01418439716312
"63","Alp89Jou","XuZ09Urb",1.06028368794326
"352","Ber12Cit","Nis08Jou",1.06028368794326
"467","Bos08Reg","Nis08Jou",1.06028368794326
"523","Bra99Jou","Nis08Jou",1.06028368794326
"665","Cam90Jou","Gue95Urb",1.06028368794326
"687","Cam90Jou","Par83Jou",1.06028368794326
"694","Cam90Jou","Sch12Reg",1.06028368794326
"935","Dim09Urb","Nis08Jou",1.06028368794326
"1140","Gab11Jou","Gue95Urb",1.06028368794326
"1162","Gab11Jou","Par83Jou",1.06028368794326
"1169","Gab11Jou","Sch12Reg",1.06028368794326
"1182","Gab99Qua","Gue95Urb",1.06028368794326
"1204","Gab99Qua","Par83Jou",1.06028368794326
"1211","Gab99Qua","Sch12Reg",1.06028368794326
"1383","Gue95Urb","Knu01Ame",1.06028368794326
"1385","Gue95Urb","Kru96Jou",1.06028368794326
"1393","Gue95Urb","Mod15Qua",1.06028368794326
"1396","Gue95Urb","Nau03Jou",1.06028368794326
"1398","Gue95Urb","Oka79Reg",1.06028368794326
"1411","Gue95Urb","Sua80Jou",1.06028368794326
"1473","Hol10Nat","Pop74Sov",1.06028368794326
"1479","Hol10Nat","Son02Urb",1.06028368794326
"1583","Kam90Jou","XuZ09Urb",1.06028368794326
"1600","Knu01Ame","Par83Jou",1.06028368794326
"1607","Knu01Ame","Sch12Reg",1.06028368794326
"1659","Kru96Jou","Par83Jou",1.06028368794326
"1666","Kru96Jou","Sch12Reg",1.06028368794326
"1728","LeG08Emp","XuZ09Urb",1.06028368794326
"1855","Mod15Qua","Par83Jou",1.06028368794326
"1862","Mod15Qua","Sch12Reg",1.06028368794326
"1912","Nau03Jou","Par83Jou",1.06028368794326
"1919","Nau03Jou","Sch12Reg",1.06028368794326
"1945","Oka79Reg","Par83Jou",1.06028368794326
"1952","Oka79Reg","Sch12Reg",1.06028368794326
"1972","Par83Jou","Sua80Jou",1.06028368794326
"2049","Sch12Reg","Sua80Jou",1.06028368794326
"62","Alp89Jou","Ven13Oec",1.1063829787234
"228","Ara14Eco","Mir86Urb",1.1063829787234
"403","Bla03Jou","Mal80Env",1.1063829787234
"560","Bre00Cyb","Hol10Nat",1.1063829787234
"831","Del04Con","Mal80Env",1.1063829787234
"1068","Ezz15Rev","Mir86Urb",1.1063829787234
"1265","Gan13Eco","Hol10Nat",1.1063829787234
"1304","Gie10Jou","Hol10Nat",1.1063829787234
"1462","Hol10Nat","Man16Reg",1.1063829787234
"1475","Hol10Nat","Ros80Jou",1.1063829787234
"1528","Iye13Eur","Mal80Env",1.1063829787234
"1582","Kam90Jou","Ven13Oec",1.1063829787234
"1680","Kum14Jou","Mir86Urb",1.1063829787234
"1727","LeG08Emp","Ven13Oec",1.1063829787234
"1784","Mal80Env","Mor13Tex",1.1063829787234
"1836","Mir86Urb","Pen10Phy",1.1063829787234
"1892","Mor13Tow","Nis08Jou",1.1063829787234
"1935","Nis08Jou","Roz11Ame",1.1063829787234
"43","Alp89Jou","Mod15Qua",1.15248226950355
"206","Ara14Eco","Faz15Jou",1.15248226950355
"216","Ara14Eco","Ign15Dis",1.15248226950355
"236","Ara14Eco","Par85Jou",1.15248226950355
"426","Bla03Jou","XuZ09Urb",1.15248226950355
"685","Cam90Jou","Nis08Jou",1.15248226950355
"854","Del04Con","XuZ09Urb",1.15248226950355
"1046","Ezz15Rev","Faz15Jou",1.15248226950355
"1056","Ezz15Rev","Ign15Dis",1.15248226950355
"1076","Ezz15Rev","Par85Jou",1.15248226950355
"1106","Faz15Jou","Kum14Jou",1.15248226950355
"1121","Faz15Jou","Pen10Phy",1.15248226950355
"1160","Gab11Jou","Nis08Jou",1.15248226950355
"1202","Gab99Qua","Nis08Jou",1.15248226950355
"1474","Hol10Nat","Pum15Cyb",1.15248226950355
"1491","Ign15Dis","Kum14Jou",1.15248226950355
"1506","Ign15Dis","Pen10Phy",1.15248226950355
"1551","Iye13Eur","XuZ09Urb",1.15248226950355
"1563","Kam90Jou","Mod15Qua",1.15248226950355
"1598","Knu01Ame","Nis08Jou",1.15248226950355
"1657","Kru96Jou","Nis08Jou",1.15248226950355
"1688","Kum14Jou","Par85Jou",1.15248226950355
"1708","LeG08Emp","Mod15Qua",1.15248226950355
"1889","Mor13Tex","XuZ09Urb",1.15248226950355
"1910","Nau03Jou","Nis08Jou",1.15248226950355
"1928","Nis08Jou","Oka79Reg",1.15248226950355
"1941","Nis08Jou","Sua80Jou",1.15248226950355
"1976","Par85Jou","Pen10Phy",1.15248226950355
"92","Ama14Int","Hol10Nat",1.19858156028369
"190","Ara14Eco","Bat01Urb",1.19858156028369
"201","Ara14Eco","Del13Eur",1.19858156028369
"246","Ara14Eco","Soo07Urb",1.19858156028369
"265","Bat01Urb","Ezz15Rev",1.19858156028369
"282","Bat01Urb","Kum14Jou",1.19858156028369
"297","Bat01Urb","Pen10Phy",1.19858156028369
"425","Bla03Jou","Ven13Oec",1.19858156028369
"614","Bre15Int","Hol10Nat",1.19858156028369
"719","Cie16Mis","Hol10Nat",1.19858156028369
"853","Del04Con","Ven13Oec",1.19858156028369
"859","Del13Eur","Ezz15Rev",1.19858156028369
"876","Del13Eur","Kum14Jou",1.19858156028369
"891","Del13Eur","Pen10Phy",1.19858156028369
"964","Eec04The","Hol10Nat",1.19858156028369
"1010","Ett87Env","Hol10Nat",1.19858156028369
"1086","Ezz15Rev","Soo07Urb",1.19858156028369
"1455","Hol10Nat","Kra98Urb",1.19858156028369
"1550","Iye13Eur","Ven13Oec",1.19858156028369
"1698","Kum14Jou","Soo07Urb",1.19858156028369
"1888","Mor13Tex","Ven13Oec",1.19858156028369
"1998","Pen10Phy","Soo07Urb",1.19858156028369
"238","Ara14Eco","Pop74Sov",1.24468085106383
"244","Ara14Eco","Son02Urb",1.24468085106383
"406","Bla03Jou","Mod15Qua",1.24468085106383
"834","Del04Con","Mod15Qua",1.24468085106383
"1078","Ezz15Rev","Pop74Sov",1.24468085106383
"1084","Ezz15Rev","Son02Urb",1.24468085106383
"1531","Iye13Eur","Mod15Qua",1.24468085106383
"1690","Kum14Jou","Pop74Sov",1.24468085106383
"1696","Kum14Jou","Son02Urb",1.24468085106383
"1850","Mod15Qua","Mor13Tex",1.24468085106383
"1990","Pen10Phy","Pop74Sov",1.24468085106383
"1996","Pen10Phy","Son02Urb",1.24468085106383
"165","And05Reg","Mal80Env",1.29078014184397
"195","Ara14Eco","Bre00Cyb",1.29078014184397
"210","Ara14Eco","Gan13Eco",1.29078014184397
"211","Ara14Eco","Gie10Jou",1.29078014184397
"227","Ara14Eco","Man16Reg",1.29078014184397
"550","Bre00Cyb","Ezz15Rev",1.29078014184397
"567","Bre00Cyb","Kum14Jou",1.29078014184397
"582","Bre00Cyb","Pen10Phy",1.29078014184397
"1050","Ezz15Rev","Gan13Eco",1.29078014184397
"1051","Ezz15Rev","Gie10Jou",1.29078014184397
"1067","Ezz15Rev","Man16Reg",1.29078014184397
"1225","Gan06Eco","Hol10Nat",1.29078014184397
"1272","Gan13Eco","Kum14Jou",1.29078014184397
"1287","Gan13Eco","Pen10Phy",1.29078014184397
"1311","Gie10Jou","Kum14Jou",1.29078014184397
"1326","Gie10Jou","Pen10Phy",1.29078014184397
"1415","Gul12Age","Hol10Nat",1.29078014184397
"1459","Hol10Nat","Li_16Wor",1.29078014184397
"1679","Kum14Jou","Man16Reg",1.29078014184397
"1797","Mal80Env","She12Com",1.29078014184397
"1814","Man16Reg","Pen10Phy",1.29078014184397
"188","And05Reg","XuZ09Urb",1.33687943262411
"239","Ara14Eco","Pum15Cyb",1.33687943262411
"334","Ber12Cit","Hol10Nat",1.33687943262411
"449","Bos08Reg","Hol10Nat",1.33687943262411
"505","Bra99Jou","Hol10Nat",1.33687943262411
"917","Dim09Urb","Hol10Nat",1.33687943262411
"1079","Ezz15Rev","Pum15Cyb",1.33687943262411
"1471","Hol10Nat","Par85Jou",1.33687943262411
"1691","Kum14Jou","Pum15Cyb",1.33687943262411
"1991","Pen10Phy","Pum15Cyb",1.33687943262411
"2058","She12Com","XuZ09Urb",1.33687943262411
"66","Ama14Int","Ara14Eco",1.38297872340426
"82","Ama14Int","Ezz15Rev",1.38297872340426
"99","Ama14Int","Kum14Jou",1.38297872340426
"114","Ama14Int","Pen10Phy",1.38297872340426
"187","And05Reg","Ven13Oec",1.38297872340426
"196","Ara14Eco","Bre15Int",1.38297872340426
"198","Ara14Eco","Cie16Mis",1.38297872340426
"203","Ara14Eco","Eec04The",1.38297872340426
"204","Ara14Eco","Ett87Env",1.38297872340426
"220","Ara14Eco","Kra98Urb",1.38297872340426
"604","Bre15Int","Ezz15Rev",1.38297872340426
"621","Bre15Int","Kum14Jou",1.38297872340426
"636","Bre15Int","Pen10Phy",1.38297872340426
"709","Cie16Mis","Ezz15Rev",1.38297872340426
"726","Cie16Mis","Kum14Jou",1.38297872340426
"741","Cie16Mis","Pen10Phy",1.38297872340426
"781","Cra05Con","Mal80Env",1.38297872340426
"954","Eec04The","Ezz15Rev",1.38297872340426
"971","Eec04The","Kum14Jou",1.38297872340426
"986","Eec04The","Pen10Phy",1.38297872340426
"1000","Ett87Env","Ezz15Rev",1.38297872340426
"1017","Ett87Env","Kum14Jou",1.38297872340426
"1032","Ett87Env","Pen10Phy",1.38297872340426
"1060","Ezz15Rev","Kra98Urb",1.38297872340426
"1466","Hol10Nat","Mor13Tow",1.38297872340426
"1476","Hol10Nat","Roz11Ame",1.38297872340426
"1617","Kra98Urb","Kum14Jou",1.38297872340426
"1632","Kra98Urb","Pen10Phy",1.38297872340426
"1756","Luc14Eco","Mal80Env",1.38297872340426
"1934","Nis08Jou","Ros80Jou",1.38297872340426
"2057","She12Com","Ven13Oec",1.38297872340426
"168","And05Reg","Mod15Qua",1.4290780141844
"667","Cam90Jou","Hol10Nat",1.4290780141844
"804","Cra05Con","XuZ09Urb",1.4290780141844
"1142","Gab11Jou","Hol10Nat",1.4290780141844
"1184","Gab99Qua","Hol10Nat",1.4290780141844
"1454","Hol10Nat","Knu01Ame",1.4290780141844
"1456","Hol10Nat","Kru96Jou",1.4290780141844
"1467","Hol10Nat","Nau03Jou",1.4290780141844
"1469","Hol10Nat","Oka79Reg",1.4290780141844
"1482","Hol10Nat","Sua80Jou",1.4290780141844
"1779","Luc14Eco","XuZ09Urb",1.4290780141844
"1863","Mod15Qua","She12Com",1.4290780141844
"209","Ara14Eco","Gan06Eco",1.47517730496454
"214","Ara14Eco","Gul12Age",1.47517730496454
"224","Ara14Eco","Li_16Wor",1.47517730496454
"803","Cra05Con","Ven13Oec",1.47517730496454
"1049","Ezz15Rev","Gan06Eco",1.47517730496454
"1054","Ezz15Rev","Gul12Age",1.47517730496454
"1064","Ezz15Rev","Li_16Wor",1.47517730496454
"1232","Gan06Eco","Kum14Jou",1.47517730496454
"1247","Gan06Eco","Pen10Phy",1.47517730496454
"1404","Gue95Urb","Ros80Jou",1.47517730496454
"1422","Gul12Age","Kum14Jou",1.47517730496454
"1437","Gul12Age","Pen10Phy",1.47517730496454
"1676","Kum14Jou","Li_16Wor",1.47517730496454
"1742","Li_16Wor","Pen10Phy",1.47517730496454
"1778","Luc14Eco","Ven13Oec",1.47517730496454
"1782","Mal80Env","Mir86Urb",1.47517730496454
"1965","Par83Jou","Ros80Jou",1.47517730496454
"2027","Ros80Jou","Sch12Reg",1.47517730496454
"191","Ara14Eco","Ber12Cit",1.52127659574468
"193","Ara14Eco","Bos08Reg",1.52127659574468
"194","Ara14Eco","Bra99Jou",1.52127659574468
"202","Ara14Eco","Dim09Urb",1.52127659574468
"324","Ber12Cit","Ezz15Rev",1.52127659574468
"341","Ber12Cit","Kum14Jou",1.52127659574468
"356","Ber12Cit","Pen10Phy",1.52127659574468
"439","Bos08Reg","Ezz15Rev",1.52127659574468
"456","Bos08Reg","Kum14Jou",1.52127659574468
"471","Bos08Reg","Pen10Phy",1.52127659574468
"495","Bra99Jou","Ezz15Rev",1.52127659574468
"512","Bra99Jou","Kum14Jou",1.52127659574468
"527","Bra99Jou","Pen10Phy",1.52127659574468
"784","Cra05Con","Mod15Qua",1.52127659574468
"907","Dim09Urb","Ezz15Rev",1.52127659574468
"924","Dim09Urb","Kum14Jou",1.52127659574468
"939","Dim09Urb","Pen10Phy",1.52127659574468
"1110","Faz15Jou","Mal80Env",1.52127659574468
"1495","Ign15Dis","Mal80Env",1.52127659574468
"1759","Luc14Eco","Mod15Qua",1.52127659574468
"1848","Mir86Urb","XuZ09Urb",1.52127659574468
"54","Alp89Jou","Ros80Jou",1.56737588652482
"231","Ara14Eco","Mor13Tow",1.56737588652482
"241","Ara14Eco","Roz11Ame",1.56737588652482
"286","Bat01Urb","Mal80Env",1.56737588652482
"880","Del13Eur","Mal80Env",1.56737588652482
"1071","Ezz15Rev","Mor13Tow",1.56737588652482
"1081","Ezz15Rev","Roz11Ame",1.56737588652482
"1133","Faz15Jou","XuZ09Urb",1.56737588652482
"1518","Ign15Dis","XuZ09Urb",1.56737588652482
"1574","Kam90Jou","Ros80Jou",1.56737588652482
"1683","Kum14Jou","Mor13Tow",1.56737588652482
"1693","Kum14Jou","Roz11Ame",1.56737588652482
"1719","LeG08Emp","Ros80Jou",1.56737588652482
"1800","Mal80Env","Soo07Urb",1.56737588652482
"1847","Mir86Urb","Ven13Oec",1.56737588652482
"1896","Mor13Tow","Pen10Phy",1.56737588652482
"1993","Pen10Phy","Roz11Ame",1.56737588652482
"197","Ara14Eco","Cam90Jou",1.61347517730496
"207","Ara14Eco","Gab11Jou",1.61347517730496
"208","Ara14Eco","Gab99Qua",1.61347517730496
"219","Ara14Eco","Knu01Ame",1.61347517730496
"221","Ara14Eco","Kru96Jou",1.61347517730496
"232","Ara14Eco","Nau03Jou",1.61347517730496
"234","Ara14Eco","Oka79Reg",1.61347517730496
"247","Ara14Eco","Sua80Jou",1.61347517730496
"309","Bat01Urb","XuZ09Urb",1.61347517730496
"657","Cam90Jou","Ezz15Rev",1.61347517730496
"674","Cam90Jou","Kum14Jou",1.61347517730496
"689","Cam90Jou","Pen10Phy",1.61347517730496
"903","Del13Eur","XuZ09Urb",1.61347517730496
"1047","Ezz15Rev","Gab11Jou",1.61347517730496
"1048","Ezz15Rev","Gab99Qua",1.61347517730496
"1059","Ezz15Rev","Knu01Ame",1.61347517730496
"1061","Ezz15Rev","Kru96Jou",1.61347517730496
"1072","Ezz15Rev","Nau03Jou",1.61347517730496
"1074","Ezz15Rev","Oka79Reg",1.61347517730496
"1087","Ezz15Rev","Sua80Jou",1.61347517730496
"1132","Faz15Jou","Ven13Oec",1.61347517730496
"1149","Gab11Jou","Kum14Jou",1.61347517730496
"1164","Gab11Jou","Pen10Phy",1.61347517730496
"1191","Gab99Qua","Kum14Jou",1.61347517730496
"1206","Gab99Qua","Pen10Phy",1.61347517730496
"1517","Ign15Dis","Ven13Oec",1.61347517730496
"1587","Knu01Ame","Kum14Jou",1.61347517730496
"1602","Knu01Ame","Pen10Phy",1.61347517730496
"1646","Kru96Jou","Kum14Jou",1.61347517730496
"1661","Kru96Jou","Pen10Phy",1.61347517730496
"1684","Kum14Jou","Nau03Jou",1.61347517730496
"1686","Kum14Jou","Oka79Reg",1.61347517730496
"1699","Kum14Jou","Sua80Jou",1.61347517730496
"1792","Mal80Env","Pop74Sov",1.61347517730496
"1798","Mal80Env","Son02Urb",1.61347517730496
"1828","Mir86Urb","Mod15Qua",1.61347517730496
"1914","Nau03Jou","Pen10Phy",1.61347517730496
"1930","Nis08Jou","Par85Jou",1.61347517730496
"1947","Oka79Reg","Pen10Phy",1.61347517730496
"1999","Pen10Phy","Sua80Jou",1.61347517730496
"2073","Soo07Urb","XuZ09Urb",1.61347517730496
"308","Bat01Urb","Ven13Oec",1.65957446808511
"417","Bla03Jou","Ros80Jou",1.65957446808511
"571","Bre00Cyb","Mal80Env",1.65957446808511
"845","Del04Con","Ros80Jou",1.65957446808511
"902","Del13Eur","Ven13Oec",1.65957446808511
"1113","Faz15Jou","Mod15Qua",1.65957446808511
"1276","Gan13Eco","Mal80Env",1.65957446808511
"1315","Gie10Jou","Mal80Env",1.65957446808511
"1498","Ign15Dis","Mod15Qua",1.65957446808511
"1542","Iye13Eur","Ros80Jou",1.65957446808511
"1781","Mal80Env","Man16Reg",1.65957446808511
"1880","Mor13Tex","Ros80Jou",1.65957446808511
"2013","Pop74Sov","XuZ09Urb",1.65957446808511
"2064","Son02Urb","XuZ09Urb",1.65957446808511
"2072","Soo07Urb","Ven13Oec",1.65957446808511
"289","Bat01Urb","Mod15Qua",1.70567375886525
"594","Bre00Cyb","XuZ09Urb",1.70567375886525
"883","Del13Eur","Mod15Qua",1.70567375886525
"1299","Gan13Eco","XuZ09Urb",1.70567375886525
"1338","Gie10Jou","XuZ09Urb",1.70567375886525
"1400","Gue95Urb","Par85Jou",1.70567375886525
"1793","Mal80Env","Pum15Cyb",1.70567375886525
"1826","Man16Reg","XuZ09Urb",1.70567375886525
"1866","Mod15Qua","Soo07Urb",1.70567375886525
"1961","Par83Jou","Par85Jou",1.70567375886525
"1981","Par85Jou","Sch12Reg",1.70567375886525
"2012","Pop74Sov","Ven13Oec",1.70567375886525
"2063","Son02Urb","Ven13Oec",1.70567375886525
"103","Ama14Int","Mal80Env",1.75177304964539
"593","Bre00Cyb","Ven13Oec",1.75177304964539
"625","Bre15Int","Mal80Env",1.75177304964539
"730","Cie16Mis","Mal80Env",1.75177304964539
"975","Eec04The","Mal80Env",1.75177304964539
"1021","Ett87Env","Mal80Env",1.75177304964539
"1298","Gan13Eco","Ven13Oec",1.75177304964539
"1337","Gie10Jou","Ven13Oec",1.75177304964539
"1621","Kra98Urb","Mal80Env",1.75177304964539
"1825","Man16Reg","Ven13Oec",1.75177304964539
"1858","Mod15Qua","Pop74Sov",1.75177304964539
"1864","Mod15Qua","Son02Urb",1.75177304964539
"2024","Pum15Cyb","XuZ09Urb",1.75177304964539
"50","Alp89Jou","Par85Jou",1.79787234042553
"126","Ama14Int","XuZ09Urb",1.79787234042553
"574","Bre00Cyb","Mod15Qua",1.79787234042553
"648","Bre15Int","XuZ09Urb",1.79787234042553
"753","Cie16Mis","XuZ09Urb",1.79787234042553
"998","Eec04The","XuZ09Urb",1.79787234042553
"1044","Ett87Env","XuZ09Urb",1.79787234042553
"1279","Gan13Eco","Mod15Qua",1.79787234042553
"1318","Gie10Jou","Mod15Qua",1.79787234042553
"1570","Kam90Jou","Par85Jou",1.79787234042553
"1644","Kra98Urb","XuZ09Urb",1.79787234042553
"1715","LeG08Emp","Par85Jou",1.79787234042553
"1806","Man16Reg","Mod15Qua",1.79787234042553
"2023","Pum15Cyb","Ven13Oec",1.79787234042553
"125","Ama14Int","Ven13Oec",1.84397163120567
"179","And05Reg","Ros80Jou",1.84397163120567
"647","Bre15Int","Ven13Oec",1.84397163120567
"752","Cie16Mis","Ven13Oec",1.84397163120567
"997","Eec04The","Ven13Oec",1.84397163120567
"1043","Ett87Env","Ven13Oec",1.84397163120567
"1236","Gan06Eco","Mal80Env",1.84397163120567
"1426","Gul12Age","Mal80Env",1.84397163120567
"1643","Kra98Urb","Ven13Oec",1.84397163120567
"1731","Li_16Wor","Mal80Env",1.84397163120567
"1859","Mod15Qua","Pum15Cyb",1.84397163120567
"2028","Ros80Jou","She12Com",1.84397163120567
"106","Ama14Int","Mod15Qua",1.89007092198582
"345","Ber12Cit","Mal80Env",1.89007092198582
"413","Bla03Jou","Par85Jou",1.89007092198582
"460","Bos08Reg","Mal80Env",1.89007092198582
"516","Bra99Jou","Mal80Env",1.89007092198582
"628","Bre15Int","Mod15Qua",1.89007092198582
"733","Cie16Mis","Mod15Qua",1.89007092198582
"841","Del04Con","Par85Jou",1.89007092198582
"928","Dim09Urb","Mal80Env",1.89007092198582
"978","Eec04The","Mod15Qua",1.89007092198582
"1024","Ett87Env","Mod15Qua",1.89007092198582
"1259","Gan06Eco","XuZ09Urb",1.89007092198582
"1449","Gul12Age","XuZ09Urb",1.89007092198582
"1538","Iye13Eur","Par85Jou",1.89007092198582
"1624","Kra98Urb","Mod15Qua",1.89007092198582
"1754","Li_16Wor","XuZ09Urb",1.89007092198582
"1876","Mor13Tex","Par85Jou",1.89007092198582
"368","Ber12Cit","XuZ09Urb",1.93617021276596
"483","Bos08Reg","XuZ09Urb",1.93617021276596
"539","Bra99Jou","XuZ09Urb",1.93617021276596
"795","Cra05Con","Ros80Jou",1.93617021276596
"951","Dim09Urb","XuZ09Urb",1.93617021276596
"1258","Gan06Eco","Ven13Oec",1.93617021276596
"1448","Gul12Age","Ven13Oec",1.93617021276596
"1753","Li_16Wor","Ven13Oec",1.93617021276596
"1770","Luc14Eco","Ros80Jou",1.93617021276596
"1785","Mal80Env","Mor13Tow",1.93617021276596
"1795","Mal80Env","Roz11Ame",1.93617021276596
"367","Ber12Cit","Ven13Oec",1.9822695035461
"482","Bos08Reg","Ven13Oec",1.9822695035461
"538","Bra99Jou","Ven13Oec",1.9822695035461
"678","Cam90Jou","Mal80Env",1.9822695035461
"950","Dim09Urb","Ven13Oec",1.9822695035461
"1153","Gab11Jou","Mal80Env",1.9822695035461
"1195","Gab99Qua","Mal80Env",1.9822695035461
"1239","Gan06Eco","Mod15Qua",1.9822695035461
"1429","Gul12Age","Mod15Qua",1.9822695035461
"1591","Knu01Ame","Mal80Env",1.9822695035461
"1650","Kru96Jou","Mal80Env",1.9822695035461
"1734","Li_16Wor","Mod15Qua",1.9822695035461
"1786","Mal80Env","Nau03Jou",1.9822695035461
"1788","Mal80Env","Oka79Reg",1.9822695035461
"1801","Mal80Env","Sua80Jou",1.9822695035461
"1908","Mor13Tow","XuZ09Urb",1.9822695035461
"2043","Roz11Ame","XuZ09Urb",1.9822695035461
"348","Ber12Cit","Mod15Qua",2.02836879432624
"463","Bos08Reg","Mod15Qua",2.02836879432624
"519","Bra99Jou","Mod15Qua",2.02836879432624
"701","Cam90Jou","XuZ09Urb",2.02836879432624
"931","Dim09Urb","Mod15Qua",2.02836879432624
"1176","Gab11Jou","XuZ09Urb",2.02836879432624
"1218","Gab99Qua","XuZ09Urb",2.02836879432624
"1614","Knu01Ame","XuZ09Urb",2.02836879432624
"1673","Kru96Jou","XuZ09Urb",2.02836879432624
"1839","Mir86Urb","Ros80Jou",2.02836879432624
"1907","Mor13Tow","Ven13Oec",2.02836879432624
"1926","Nau03Jou","XuZ09Urb",2.02836879432624
"1959","Oka79Reg","XuZ09Urb",2.02836879432624
"2042","Roz11Ame","Ven13Oec",2.02836879432624
"2076","Sua80Jou","XuZ09Urb",2.02836879432624
"175","And05Reg","Par85Jou",2.07446808510638
"700","Cam90Jou","Ven13Oec",2.07446808510638
"1124","Faz15Jou","Ros80Jou",2.07446808510638
"1175","Gab11Jou","Ven13Oec",2.07446808510638
"1217","Gab99Qua","Ven13Oec",2.07446808510638
"1509","Ign15Dis","Ros80Jou",2.07446808510638
"1613","Knu01Ame","Ven13Oec",2.07446808510638
"1672","Kru96Jou","Ven13Oec",2.07446808510638
"1851","Mod15Qua","Mor13Tow",2.07446808510638
"1861","Mod15Qua","Roz11Ame",2.07446808510638
"1925","Nau03Jou","Ven13Oec",2.07446808510638
"1958","Oka79Reg","Ven13Oec",2.07446808510638
"1982","Par85Jou","She12Com",2.07446808510638
"2075","Sua80Jou","Ven13Oec",2.07446808510638
"300","Bat01Urb","Ros80Jou",2.12056737588652
"681","Cam90Jou","Mod15Qua",2.12056737588652
"894","Del13Eur","Ros80Jou",2.12056737588652
"1156","Gab11Jou","Mod15Qua",2.12056737588652
"1198","Gab99Qua","Mod15Qua",2.12056737588652
"1594","Knu01Ame","Mod15Qua",2.12056737588652
"1653","Kru96Jou","Mod15Qua",2.12056737588652
"1852","Mod15Qua","Nau03Jou",2.12056737588652
"1854","Mod15Qua","Oka79Reg",2.12056737588652
"1867","Mod15Qua","Sua80Jou",2.12056737588652
"2031","Ros80Jou","Soo07Urb",2.12056737588652
"791","Cra05Con","Par85Jou",2.16666666666667
"1766","Luc14Eco","Par85Jou",2.16666666666667
"2004","Pop74Sov","Ros80Jou",2.16666666666667
"2029","Ros80Jou","Son02Urb",2.16666666666667
"585","Bre00Cyb","Ros80Jou",2.21276595744681
"1290","Gan13Eco","Ros80Jou",2.21276595744681
"1329","Gie10Jou","Ros80Jou",2.21276595744681
"1817","Man16Reg","Ros80Jou",2.21276595744681
"1363","Gon10Jou","Par85Jou",2.25886524822695
"1835","Mir86Urb","Par85Jou",2.25886524822695
"2015","Pum15Cyb","Ros80Jou",2.25886524822695
"117","Ama14Int","Ros80Jou",2.30496453900709
"639","Bre15Int","Ros80Jou",2.30496453900709
"744","Cie16Mis","Ros80Jou",2.30496453900709
"989","Eec04The","Ros80Jou",2.30496453900709
"1035","Ett87Env","Ros80Jou",2.30496453900709
"1120","Faz15Jou","Par85Jou",2.30496453900709
"1505","Ign15Dis","Par85Jou",2.30496453900709
"1635","Kra98Urb","Ros80Jou",2.30496453900709
"296","Bat01Urb","Par85Jou",2.35106382978723
"890","Del13Eur","Par85Jou",2.35106382978723
"1985","Par85Jou","Soo07Urb",2.35106382978723
"1250","Gan06Eco","Ros80Jou",2.39716312056738
"1440","Gul12Age","Ros80Jou",2.39716312056738
"1745","Li_16Wor","Ros80Jou",2.39716312056738
"1977","Par85Jou","Pop74Sov",2.39716312056738
"1983","Par85Jou","Son02Urb",2.39716312056738
"359","Ber12Cit","Ros80Jou",2.44326241134752
"474","Bos08Reg","Ros80Jou",2.44326241134752
"530","Bra99Jou","Ros80Jou",2.44326241134752
"581","Bre00Cyb","Par85Jou",2.44326241134752
"942","Dim09Urb","Ros80Jou",2.44326241134752
"1286","Gan13Eco","Par85Jou",2.44326241134752
"1325","Gie10Jou","Par85Jou",2.44326241134752
"1813","Man16Reg","Par85Jou",2.44326241134752
"1367","Gon10Jou","Ros80Jou",2.48936170212766
"1899","Mor13Tow","Ros80Jou",2.48936170212766
"1978","Par85Jou","Pum15Cyb",2.48936170212766
"2026","Ros80Jou","Roz11Ame",2.48936170212766
"113","Ama14Int","Par85Jou",2.5354609929078
"635","Bre15Int","Par85Jou",2.5354609929078
"692","Cam90Jou","Ros80Jou",2.5354609929078
"740","Cie16Mis","Par85Jou",2.5354609929078
"985","Eec04The","Par85Jou",2.5354609929078
"1031","Ett87Env","Par85Jou",2.5354609929078
"1167","Gab11Jou","Ros80Jou",2.5354609929078
"1209","Gab99Qua","Ros80Jou",2.5354609929078
"1605","Knu01Ame","Ros80Jou",2.5354609929078
"1631","Kra98Urb","Par85Jou",2.5354609929078
"1664","Kru96Jou","Ros80Jou",2.5354609929078
"1917","Nau03Jou","Ros80Jou",2.5354609929078
"1950","Oka79Reg","Ros80Jou",2.5354609929078
"2032","Ros80Jou","Sua80Jou",2.5354609929078
"1246","Gan06Eco","Par85Jou",2.62765957446809
"1436","Gul12Age","Par85Jou",2.62765957446809
"1741","Li_16Wor","Par85Jou",2.62765957446809
"355","Ber12Cit","Par85Jou",2.67375886524823
"470","Bos08Reg","Par85Jou",2.67375886524823
"526","Bra99Jou","Par85Jou",2.67375886524823
"938","Dim09Urb","Par85Jou",2.67375886524823
"1895","Mor13Tow","Par85Jou",2.71985815602837
"1980","Par85Jou","Roz11Ame",2.71985815602837
"688","Cam90Jou","Par85Jou",2.76595744680851
"1163","Gab11Jou","Par85Jou",2.76595744680851
"1205","Gab99Qua","Par85Jou",2.76595744680851
"1601","Knu01Ame","Par85Jou",2.76595744680851
"1660","Kru96Jou","Par85Jou",2.76595744680851
"1913","Nau03Jou","Par85Jou",2.76595744680851
"1946","Oka79Reg","Par85Jou",2.76595744680851
"1986","Par85Jou","Sua80Jou",2.76595744680851
"1356","Gon10Jou","Mod15Qua",2.90425531914894
"1375","Gon10Jou","Ven13Oec",2.95035460992908
"1376","Gon10Jou","XuZ09Urb",2.99645390070922
"1353","Gon10Jou","Mal80Env",3.04255319148936
"2070","Soo05Reg","Ziq16Asi",3.13475177304965
"1989","Par85Jou","Ziq16Asi",3.18085106382979
"212","Ara14Eco","Gon10Jou",3.4113475177305
"1052","Ezz15Rev","Gon10Jou",3.4113475177305
"1349","Gon10Jou","Kum14Jou",3.4113475177305
"1364","Gon10Jou","Pen10Phy",3.4113475177305
"2035","Ros80Jou","Ziq16Asi",3.4113475177305
"1342","Gon10Jou","Hol10Nat",3.59574468085106
"1870","Mod15Qua","Ziq16Asi",3.82624113475177
"1360","Gon10Jou","Nis08Jou",3.87234042553191
"2079","Ven13Oec","Ziq16Asi",3.87234042553191
"2080","XuZ09Urb","Ziq16Asi",3.91843971631206
"1340","Gon10Jou","Gue95Urb",3.9645390070922
"1362","Gon10Jou","Par83Jou",3.9645390070922
"1369","Gon10Jou","Sch12Reg",3.9645390070922
"1804","Mal80Env","Ziq16Asi",3.9645390070922
"26","Alp89Jou","Gon10Jou",4.05673758865248
"1345","Gon10Jou","Kam90Jou",4.05673758865248
"1350","Gon10Jou","LeG08Emp",4.05673758865248
"1372","Gon10Jou","Soo05Reg",4.05673758865248
"389","Bla03Jou","Gon10Jou",4.14893617021277
"817","Del04Con","Gon10Jou",4.14893617021277
"1344","Gon10Jou","Iye13Eur",4.14893617021277
"1357","Gon10Jou","Mor13Tex",4.14893617021277
"151","And05Reg","Gon10Jou",4.33333333333333
"250","Ara14Eco","Ziq16Asi",4.33333333333333
"1090","Ezz15Rev","Ziq16Asi",4.33333333333333
"1370","Gon10Jou","She12Com",4.33333333333333
"1702","Kum14Jou","Ziq16Asi",4.33333333333333
"2002","Pen10Phy","Ziq16Asi",4.33333333333333
"767","Cra05Con","Gon10Jou",4.42553191489362
"1352","Gon10Jou","Luc14Eco",4.42553191489362
"1355","Gon10Jou","Mir86Urb",4.5177304964539
"1485","Hol10Nat","Ziq16Asi",4.5177304964539
"1096","Faz15Jou","Gon10Jou",4.56382978723404
"1343","Gon10Jou","Ign15Dis",4.56382978723404
"272","Bat01Urb","Gon10Jou",4.60992907801418
"866","Del13Eur","Gon10Jou",4.60992907801418
"1373","Gon10Jou","Soo07Urb",4.60992907801418
"1365","Gon10Jou","Pop74Sov",4.65602836879433
"1371","Gon10Jou","Son02Urb",4.65602836879433
"557","Bre00Cyb","Gon10Jou",4.70212765957447
"1262","Gan13Eco","Gon10Jou",4.70212765957447
"1301","Gie10Jou","Gon10Jou",4.70212765957447
"1354","Gon10Jou","Man16Reg",4.70212765957447
"1366","Gon10Jou","Pum15Cyb",4.74822695035461
"89","Ama14Int","Gon10Jou",4.79432624113475
"611","Bre15Int","Gon10Jou",4.79432624113475
"716","Cie16Mis","Gon10Jou",4.79432624113475
"961","Eec04The","Gon10Jou",4.79432624113475
"1007","Ett87Env","Gon10Jou",4.79432624113475
"1347","Gon10Jou","Kra98Urb",4.79432624113475
"1944","Nis08Jou","Ziq16Asi",4.79432624113475
"1222","Gan06Eco","Gon10Jou",4.88652482269504
"1341","Gon10Jou","Gul12Age",4.88652482269504
"1351","Gon10Jou","Li_16Wor",4.88652482269504
"1414","Gue95Urb","Ziq16Asi",4.88652482269504
"1975","Par83Jou","Ziq16Asi",4.88652482269504
"2052","Sch12Reg","Ziq16Asi",4.88652482269504
"331","Ber12Cit","Gon10Jou",4.93262411347518
"446","Bos08Reg","Gon10Jou",4.93262411347518
"502","Bra99Jou","Gon10Jou",4.93262411347518
"914","Dim09Urb","Gon10Jou",4.93262411347518
"64","Alp89Jou","Ziq16Asi",4.97872340425532
"1358","Gon10Jou","Mor13Tow",4.97872340425532
"1368","Gon10Jou","Roz11Ame",4.97872340425532
"1584","Kam90Jou","Ziq16Asi",4.97872340425532
"1729","LeG08Emp","Ziq16Asi",4.97872340425532
"664","Cam90Jou","Gon10Jou",5.02482269503546
"1139","Gab11Jou","Gon10Jou",5.02482269503546
"1181","Gab99Qua","Gon10Jou",5.02482269503546
"1346","Gon10Jou","Knu01Ame",5.02482269503546
"1348","Gon10Jou","Kru96Jou",5.02482269503546
"1359","Gon10Jou","Nau03Jou",5.02482269503546
"1361","Gon10Jou","Oka79Reg",5.02482269503546
"1374","Gon10Jou","Sua80Jou",5.02482269503546
"427","Bla03Jou","Ziq16Asi",5.0709219858156
"855","Del04Con","Ziq16Asi",5.0709219858156
"1552","Iye13Eur","Ziq16Asi",5.0709219858156
"1890","Mor13Tex","Ziq16Asi",5.0709219858156
"189","And05Reg","Ziq16Asi",5.25531914893617
"2059","She12Com","Ziq16Asi",5.25531914893617
"805","Cra05Con","Ziq16Asi",5.34751773049645
"1780","Luc14Eco","Ziq16Asi",5.34751773049645
"1849","Mir86Urb","Ziq16Asi",5.43971631205674
"1134","Faz15Jou","Ziq16Asi",5.48581560283688
"1519","Ign15Dis","Ziq16Asi",5.48581560283688
"310","Bat01Urb","Ziq16Asi",5.53191489361702
"904","Del13Eur","Ziq16Asi",5.53191489361702
"2074","Soo07Urb","Ziq16Asi",5.53191489361702
"2014","Pop74Sov","Ziq16Asi",5.57801418439716
"2065","Son02Urb","Ziq16Asi",5.57801418439716
"595","Bre00Cyb","Ziq16Asi",5.6241134751773
"1300","Gan13Eco","Ziq16Asi",5.6241134751773
"1339","Gie10Jou","Ziq16Asi",5.6241134751773
"1827","Man16Reg","Ziq16Asi",5.6241134751773
"2025","Pum15Cyb","Ziq16Asi",5.67021276595745
"127","Ama14Int","Ziq16Asi",5.71631205673759
"649","Bre15Int","Ziq16Asi",5.71631205673759
"754","Cie16Mis","Ziq16Asi",5.71631205673759
"999","Eec04The","Ziq16Asi",5.71631205673759
"1045","Ett87Env","Ziq16Asi",5.71631205673759
"1645","Kra98Urb","Ziq16Asi",5.71631205673759
"1260","Gan06Eco","Ziq16Asi",5.80851063829787
"1450","Gul12Age","Ziq16Asi",5.80851063829787
"1755","Li_16Wor","Ziq16Asi",5.80851063829787
"369","Ber12Cit","Ziq16Asi",5.85460992907801
"484","Bos08Reg","Ziq16Asi",5.85460992907801
"540","Bra99Jou","Ziq16Asi",5.85460992907801
"952","Dim09Urb","Ziq16Asi",5.85460992907801
"1909","Mor13Tow","Ziq16Asi",5.90070921985816
"2044","Roz11Ame","Ziq16Asi",5.90070921985816
"702","Cam90Jou","Ziq16Asi",5.9468085106383
"1177","Gab11Jou","Ziq16Asi",5.9468085106383
"1219","Gab99Qua","Ziq16Asi",5.9468085106383
"1615","Knu01Ame","Ziq16Asi",5.9468085106383
"1674","Kru96Jou","Ziq16Asi",5.9468085106383
"1927","Nau03Jou","Ziq16Asi",5.9468085106383
"1960","Oka79Reg","Ziq16Asi",5.9468085106383
"2077","Sua80Jou","Ziq16Asi",5.9468085106383
"1984","Par85Jou","Soo05Reg",6.31560283687943
"2030","Ros80Jou","Soo05Reg",6.54609929078014
"1865","Mod15Qua","Soo05Reg",6.96099290780142
"2068","Soo05Reg","Ven13Oec",7.00709219858156
"2069","Soo05Reg","XuZ09Urb",7.0531914893617
"1799","Mal80Env","Soo05Reg",7.09929078014184
"245","Ara14Eco","Soo05Reg",7.46808510638298
"1085","Ezz15Rev","Soo05Reg",7.46808510638298
"1697","Kum14Jou","Soo05Reg",7.46808510638298
"1997","Pen10Phy","Soo05Reg",7.46808510638298
"1480","Hol10Nat","Soo05Reg",7.65248226950355
"1939","Nis08Jou","Soo05Reg",7.9290780141844
"1409","Gue95Urb","Soo05Reg",8.02127659574468
"1970","Par83Jou","Soo05Reg",8.02127659574468
"2047","Sch12Reg","Soo05Reg",8.02127659574468
"59","Alp89Jou","Soo05Reg",8.11347517730496
"1579","Kam90Jou","Soo05Reg",8.11347517730496
"1724","LeG08Emp","Soo05Reg",8.11347517730496
"422","Bla03Jou","Soo05Reg",8.20567375886525
"850","Del04Con","Soo05Reg",8.20567375886525
"1547","Iye13Eur","Soo05Reg",8.20567375886525
"1885","Mor13Tex","Soo05Reg",8.20567375886525
"184","And05Reg","Soo05Reg",8.39007092198582
"2054","She12Com","Soo05Reg",8.39007092198582
"800","Cra05Con","Soo05Reg",8.4822695035461
"1775","Luc14Eco","Soo05Reg",8.4822695035461
"1844","Mir86Urb","Soo05Reg",8.57446808510638
"1129","Faz15Jou","Soo05Reg",8.62056737588652
"1514","Ign15Dis","Soo05Reg",8.62056737588652
"305","Bat01Urb","Soo05Reg",8.66666666666667
"899","Del13Eur","Soo05Reg",8.66666666666667
"2066","Soo05Reg","Soo07Urb",8.66666666666667
"2009","Pop74Sov","Soo05Reg",8.71276595744681
"2060","Son02Urb","Soo05Reg",8.71276595744681
"590","Bre00Cyb","Soo05Reg",8.75886524822695
"1295","Gan13Eco","Soo05Reg",8.75886524822695
"1334","Gie10Jou","Soo05Reg",8.75886524822695
"1822","Man16Reg","Soo05Reg",8.75886524822695
"2020","Pum15Cyb","Soo05Reg",8.80496453900709
"122","Ama14Int","Soo05Reg",8.85106382978723
"644","Bre15Int","Soo05Reg",8.85106382978723
"749","Cie16Mis","Soo05Reg",8.85106382978723
"994","Eec04The","Soo05Reg",8.85106382978723
"1040","Ett87Env","Soo05Reg",8.85106382978723
"1640","Kra98Urb","Soo05Reg",8.85106382978723
"1255","Gan06Eco","Soo05Reg",8.94326241134752
"1445","Gul12Age","Soo05Reg",8.94326241134752
"1750","Li_16Wor","Soo05Reg",8.94326241134752
"364","Ber12Cit","Soo05Reg",8.98936170212766
"479","Bos08Reg","Soo05Reg",8.98936170212766
"535","Bra99Jou","Soo05Reg",8.98936170212766
"947","Dim09Urb","Soo05Reg",8.98936170212766
"1904","Mor13Tow","Soo05Reg",9.0354609929078
"2039","Roz11Ame","Soo05Reg",9.0354609929078
"697","Cam90Jou","Soo05Reg",9.08156028368794
"1172","Gab11Jou","Soo05Reg",9.08156028368794
"1214","Gab99Qua","Soo05Reg",9.08156028368794
"1610","Knu01Ame","Soo05Reg",9.08156028368794
"1669","Kru96Jou","Soo05Reg",9.08156028368794
"1922","Nau03Jou","Soo05Reg",9.08156028368794
"1955","Oka79Reg","Soo05Reg",9.08156028368794
"2067","Soo05Reg","Sua80Jou",9.08156028368794
