"","i","j","cosSim"
"620","Cam90Jou","And05Reg",0.996892423655439
"878","Bra99Jou","Del04Con",0.994373214262242
"373","Par83Jou","Li_16Wor",0.993059571291779
"1289","Eec04The","Soo07Urb",0.992695564884967
"1168","Bla03Jou","XuZ09Urb",0.992558733781777
"1848","Arr12Reg","Sch12Reg",0.992365869349968
"1098","Knu01Ame","Ara14Eco",0.99142784235616
"1443","Gan06Eco","Soo07Urb",0.99104963287285
"2115","Ezz15Rev","Li_16Wor",0.990938150022334
"1660","XuZ09Urb","She12Com",0.990535489736029
"496","Ett87Env","Gue95Urb",0.990498539837864
"1222","Nau03Jou","She12Com",0.990446859984204
"367","Par83Jou","Ezz15Rev",0.990359258780694
"1686","Gie10Jou","Arr12Reg",0.990244162318585
"70","Oka79Reg","Par85Jou",0.989962511005279
"1174","Bla03Jou","Roz11Ame",0.989859276223837
"1655","XuZ09Urb","Roz11Ame",0.989614717445865
"1217","Nau03Jou","Roz11Ame",0.989584582919377
"1552","LeG08Emp","Dim09Urb",0.989494438085928
"636","Cam90Jou","Arr12Reg",0.988587597772821
"1587","Nis08Jou","Gie10Jou",0.988297324559569
"1341","And05Reg","Arr12Reg",0.987719093697415
"1420","Soo05Reg","Gul12Age",0.987670294601107
"1211","Nau03Jou","XuZ09Urb",0.987624684356106
"1593","Nis08Jou","Arr12Reg",0.986788528770052
"1051","Bat01Urb","Ama14Int",0.986777563301865
"1300","Eec04The","Roz11Ame",0.9863824410564
"640","Cam90Jou","She12Com",0.986327014012183
"629","Cam90Jou","XuZ09Urb",0.985898036108711
"1521","Bos08Reg","Gon10Jou",0.985726948492802
"1285","Eec04The","And05Reg",0.985595116366396
"619","Cam90Jou","Eec04The",0.985520257987464
"1345","And05Reg","She12Com",0.985196026014424
"570","Alp89Jou","Bos08Reg",0.983783783783784
"886","Bra99Jou","LeG08Emp",0.98366792760192
"1329","And05Reg","Soo07Urb",0.983236922173317
"1596","Nis08Jou","Sch12Reg",0.983057492743441
"1335","And05Reg","Gie10Jou",0.982206631764499
"1156","Bla03Jou","Nau03Jou",0.982174812042962
"1265","Del04Con","Del13Eur",0.982157609419157
"1825","Roz11Ame","She12Com",0.981856525487122
"1305","Eec04The","She12Com",0.980702751052372
"1294","Eec04The","XuZ09Urb",0.980319563647013
"56","Pop74Sov","Bre15Int",0.979534722672509
"188","Mal80Env","Pum15Cyb",0.979296383495737
"876","Bra99Jou","Bla03Jou",0.978401835677028
"1334","And05Reg","XuZ09Urb",0.978321295871659
"1330","And05Reg","Bos08Reg",0.978222241423697
"1372","Cra05Con","Dim09Urb",0.977692361093804
"1157","Bla03Jou","Del04Con",0.977677726435941
"625","Cam90Jou","Bos08Reg",0.977570514727479
"1422","Soo05Reg","She12Com",0.977515745353755
"624","Cam90Jou","Soo07Urb",0.977009462613476
"901","Bra99Jou","Del13Eur",0.976837582746976
"635","Cam90Jou","Roz11Ame",0.976641192872797
"1295","Eec04The","Gie10Jou",0.975947910014955
"1259","Del04Con","Roz11Ame",0.975729805436532
"630","Cam90Jou","Gie10Jou",0.975508209573212
"1563","LeG08Emp","Sch12Reg",0.975231419171539
"1179","Bla03Jou","She12Com",0.975215514070222
"1495","Soo07Urb","She12Com",0.974773975264546
"1689","Gie10Jou","Sch12Reg",0.974573462266995
"574","Alp89Jou","XuZ09Urb",0.974388682339863
"631","Cam90Jou","Gon10Jou",0.974202175405696
"1296","Eec04The","Gon10Jou",0.973796919714018
"767","Gue95Urb","Ziq16Asi",0.973794568720203
"1290","Eec04The","Bos08Reg",0.973419935022553
"1340","And05Reg","Roz11Ame",0.973416416707699
"1877","Ber12Cit","Mor13Tow",0.973364695883147
"1327","And05Reg","Soo05Reg",0.973009152105569
"1201","Nau03Jou","Eec04The",0.972998825041692
"1519","Bos08Reg","XuZ09Urb",0.972912335851469
"532","Ett87Env","Iye13Eur",0.972702818401917
"899","Bra99Jou","Sch12Reg",0.972627533876369
"549","Ett87Env","Ziq16Asi",0.972176996296074
"1336","And05Reg","Gon10Jou",0.972133668607642
"1202","Nau03Jou","And05Reg",0.972097186125573
"639","Cam90Jou","Sch12Reg",0.971582353400741
"1485","Soo07Urb","Gie10Jou",0.970767591456805
"622","Cam90Jou","Soo05Reg",0.97037997804317
"1919","Sch12Reg","Mor13Tex",0.970254256595381
"1288","Eec04The","Gan06Eco",0.970172576021524
"1418","Soo05Reg","Arr12Reg",0.970054611601864
"617","Cam90Jou","Nau03Jou",0.969990228665126
"1971","Del13Eur","Cie16Mis",0.969765149118303
"719","Gue95Urb","Bre00Cyb",0.969530305873489
"1301","Eec04The","Arr12Reg",0.969448377901102
"1263","Del04Con","Sch12Reg",0.969369615108008
"502","Ett87Env","Bat01Urb",0.969323935193125
"481","Mir86Urb","Kum14Jou",0.968646186304977
"1651","XuZ09Urb","Gon10Jou",0.96853016516873
"895","Bra99Jou","Roz11Ame",0.968281111350071
"616","Cam90Jou","Bla03Jou",0.967846802332042
"1260","Del04Con","Arr12Reg",0.967713740280957
"1453","Gan06Eco","Gab11Jou",0.967579030823856
"638","Cam90Jou","Gul12Age",0.967565772702142
"1714","Gon10Jou","Roz11Ame",0.96755818640537
"1412","Soo05Reg","Gie10Jou",0.967471778418433
"585","Alp89Jou","She12Com",0.967468849779035
"1666","XuZ09Urb","Ven13Oec",0.967419467735129
"1715","Gon10Jou","Arr12Reg",0.967014724226188
"1008","Bre00Cyb","Bre15Int",0.966965754998426
"1332","And05Reg","Nis08Jou",0.966782177485951
"750","Gue95Urb","Iye13Eur",0.966729151964778
"1685","Gie10Jou","Roz11Ame",0.966453518789492
"1821","Roz11Ame","Arr12Reg",0.966042682078167
"1480","Soo07Urb","Bos08Reg",0.96575418580769
"1894","Gul12Age","She12Com",0.965736609449633
"627","Cam90Jou","Nis08Jou",0.965393222640309
"896","Bra99Jou","Arr12Reg",0.965202368208938
"562","Alp89Jou","Nau03Jou",0.964924197086301
"1344","And05Reg","Sch12Reg",0.964454919920373
"1490","Soo07Urb","Roz11Ame",0.964419406939335
"1328","And05Reg","Gan06Eco",0.964228406842543
"1083","Knu01Ame","Pen10Phy",0.964067673179953
"141","Mal80Env","Kra98Urb",0.963816602754165
"1250","Del04Con","LeG08Emp",0.963813087592097
"1884","Ber12Cit","Ezz15Rev",0.963610106847226
"646","Cam90Jou","Ven13Oec",0.963094086880712
"1847","Arr12Reg","Gul12Age",0.962893025142047
"1158","Bla03Jou","Eec04The",0.962853266315501
"1530","Bos08Reg","She12Com",0.96218213475292
"2074","Ara14Eco","Mod15Qua",0.962121381364158
"1656","XuZ09Urb","Arr12Reg",0.961849655195844
"1849","Arr12Reg","She12Com",0.961740996729013
"538","Ett87Env","Kum14Jou",0.961678311508154
"1204","Nau03Jou","Soo05Reg",0.961417062630507
"501","Ett87Env","Bre00Cyb",0.961208613907876
"1568","LeG08Emp","Mor13Tex",0.961009978921595
"1253","Del04Con","XuZ09Urb",0.960724960766722
"2061","Ama14Int","Ign15Dis",0.96070002178863
"564","Alp89Jou","Eec04The",0.960397594754693
"541","Ett87Env","Ezz15Rev",0.960308496340015
"1718","Gon10Jou","Sch12Reg",0.960287883177846
"1484","Soo07Urb","XuZ09Urb",0.960125505105003
"889","Bra99Jou","XuZ09Urb",0.959901118946681
"1681","Gie10Jou","Gon10Jou",0.959784722718193
"1343","And05Reg","Gul12Age",0.959669214729193
"364","Par83Jou","Kum14Jou",0.959299299277464
"1206","Nau03Jou","Soo07Urb",0.958926053702432
"759","Gue95Urb","Ezz15Rev",0.958398736710425
"1779","Pen10Phy","Mor13Tow",0.958323827169678
"1255","Del04Con","Gon10Jou",0.957684999909134
"1459","Gan06Eco","She12Com",0.957677814649112
"1890","Ber12Cit","Li_16Wor",0.957561599777785
"1491","Soo07Urb","Arr12Reg",0.957445909703403
"2009","Iye13Eur","Ziq16Asi",0.957217372356482
"1185","Bla03Jou","Ven13Oec",0.956940804496254
"1417","Soo05Reg","Roz11Ame",0.956937126547678
"1406","Soo05Reg","Soo07Urb",0.956478361898584
"1105","Knu01Ame","Mod15Qua",0.956333288500151
"2132","Mod15Qua","Cie16Mis",0.95632471578712
"1159","Bla03Jou","And05Reg",0.956320978169263
"1047","Bat01Urb","Iye13Eur",0.956013363182254
"1782","Pen10Phy","Ara14Eco",0.955727349180323
"1287","Eec04The","Soo05Reg",0.955593652767182
"1525","Bos08Reg","Roz11Ame",0.955589008112255
"888","Bra99Jou","Dim09Urb",0.955232864773473
"1292","Eec04The","Nis08Jou",0.955228248708195
"550","Alp89Jou","Cam90Jou",0.955097629331446
"316","Par83Jou","Par85Jou",0.955092700705222
"1170","Bla03Jou","Gon10Jou",0.954994726641305
"1254","Del04Con","Gie10Jou",0.954910521118845
"565","Alp89Jou","And05Reg",0.954584901017548
"2088","Kum14Jou","Li_16Wor",0.954262831437242
"797","Kru96Jou","Gul12Age",0.954213404660788
"1207","Nau03Jou","Bos08Reg",0.954202817118675
"322","Par83Jou","Gue95Urb",0.954197095624646
"1690","Gie10Jou","She12Com",0.95403805213134
"1067","Knu01Ame","Nau03Jou",0.953800921310203
"1200","Nau03Jou","Del04Con",0.953326920723743
"1941","She12Com","Ven13Oec",0.953041204960418
"618","Cam90Jou","Del04Con",0.953019738592174
"610","Cam90Jou","Bra99Jou",0.952928821861474
"576","Alp89Jou","Gon10Jou",0.952921455753739
"569","Alp89Jou","Soo07Urb",0.952877463330254
"2109","Bre15Int","Ziq16Asi",0.952824443955158
"1900","Gul12Age","Ven13Oec",0.952719341693964
"1486","Soo07Urb","Gon10Jou",0.952673971946592
"2000","Iye13Eur","Bre15Int",0.952440575903338
"1411","Soo05Reg","XuZ09Urb",0.952177010597592
"928","Gab99Qua","Eec04The",0.952176162989811
"1560","LeG08Emp","Arr12Reg",0.952173313525417
"947","Gab99Qua","Gul12Age",0.951911618681052
"1482","Soo07Urb","Nis08Jou",0.951852627473567
"1409","Soo05Reg","Nis08Jou",0.951817268624952
"1175","Bla03Jou","Arr12Reg",0.951807827983822
"580","Alp89Jou","Roz11Ame",0.951724138514228
"318","Par83Jou","Ett87Env",0.950949577347583
"1489","Soo07Urb","Gab11Jou",0.950619781687292
"1526","Bos08Reg","Arr12Reg",0.950164772439457
"1218","Nau03Jou","Arr12Reg",0.949868441256182
"1601","Nis08Jou","Mor13Tex",0.94957301321323
"1017","Bre00Cyb","Ziq16Asi",0.949226715507452
"623","Cam90Jou","Gan06Eco",0.94917779029053
"1595","Nis08Jou","Gul12Age",0.948987460705989
"1212","Nau03Jou","Gie10Jou",0.948872943417622
"1969","Del13Eur","Mod15Qua",0.94875742261976
"1449","Gan06Eco","Gie10Jou",0.948683298050514
"1000","Bre00Cyb","Iye13Eur",0.948342528352822
"1416","Soo05Reg","Gab11Jou",0.948208007464101
"1213","Nau03Jou","Gon10Jou",0.947855359513155
"1230","Nau03Jou","Ara14Eco",0.947697283352129
"561","Alp89Jou","Bla03Jou",0.947666311669062
"1565","LeG08Emp","Del13Eur",0.94759719469561
"2082","Kum14Jou","Ezz15Rev",0.947330933431342
"1439","Soo05Reg","Cie16Mis",0.947046224702964
"1090","Knu01Ame","She12Com",0.946741503964161
"1107","Knu01Ame","Cie16Mis",0.946715073320275
"1650","XuZ09Urb","Gie10Jou",0.946494867689314
"2056","Ama14Int","Kum14Jou",0.946457414634764
"1824","Roz11Ame","Sch12Reg",0.946386554567593
"1304","Eec04The","Sch12Reg",0.946221593006099
"1658","XuZ09Urb","Gul12Age",0.946183754286978
"1688","Gie10Jou","Gul12Age",0.94575472667253
"1719","Gon10Jou","She12Com",0.945748255475301
"1633","Dim09Urb","Mor13Tex",0.94540671026514
"1244","Del04Con","And05Reg",0.945134211558351
"891","Bra99Jou","Gon10Jou",0.945042653541835
"48","Pop74Sov","Iye13Eur",0.945014071061114
"1893","Gul12Age","Sch12Reg",0.944962957059833
"240","Ros80Jou","Ven13Oec",0.944923196574887
"805","Kru96Jou","Ven13Oec",0.94475498594666
"1013","Bre00Cyb","Pum15Cyb",0.944392115920939
"1164","Bla03Jou","Bos08Reg",0.944370081019778
"1053","Bat01Urb","Kum14Jou",0.944327777646719
"970","Bre00Cyb","Bat01Urb",0.944236407963672
"765","Gue95Urb","Li_16Wor",0.944151076259269
"933","Gab99Qua","Soo07Urb",0.944108315162771
"1444","Gan06Eco","Bos08Reg",0.943664098343224
"202","Ros80Jou","Kru96Jou",0.943564195120496
"758","Gue95Urb","Bre15Int",0.943520357415531
"1370","Cra05Con","LeG08Emp",0.943456353049727
"435","Mir86Urb","Ett87Env",0.943375120314946
"890","Bra99Jou","Gie10Jou",0.943361590922053
"2097","Luc14Eco","Cie16Mis",0.943242218283799
"1243","Del04Con","Eec04The",0.943015516572918
"1303","Eec04The","Gul12Age",0.942825547198115
"1205","Nau03Jou","Gan06Eco",0.942261494709449
"69","Oka79Reg","Par83Jou",0.942227599009596
"1740","Hol10Nat","Pen10Phy",0.942207568448066
"1405","Soo05Reg","Gan06Eco",0.942137544474988
"1588","Nis08Jou","Gon10Jou",0.942040870364172
"954","Gab99Qua","Mor13Tow",0.94201399205029
"1659","XuZ09Urb","Sch12Reg",0.941860593308728
"1826","Roz11Ame","Del13Eur",0.941841718283376
"1180","Bla03Jou","Del13Eur",0.941505263290663
"432","Par85Jou","Li_16Wor",0.941199985399668
"1161","Bla03Jou","Soo05Reg",0.94119693590336
"1194","Bla03Jou","Mod15Qua",0.941113326999512
"1421","Soo05Reg","Sch12Reg",0.941109607505752
"877","Bra99Jou","Nau03Jou",0.940933816698539
"547","Ett87Env","Li_16Wor",0.940784401554665
"1311","Eec04The","Ven13Oec",0.940640165827841
"1072","Knu01Ame","Soo05Reg",0.94043856354319
"1916","Sch12Reg","Del13Eur",0.940222454975514
"1520","Bos08Reg","Gie10Jou",0.940160724505224
"1351","And05Reg","Ven13Oec",0.940102148135863
"2105","Bre15Int","Pum15Cyb",0.940078681298278
"1493","Soo07Urb","Gul12Age",0.94000578065241
"1058","Bat01Urb","Ign15Dis",0.939615632909389
"1766","Hol10Nat","Man16Reg",0.939296077589418
"1139","Son02Urb","Mor13Tex",0.938962925863843
"1178","Bla03Jou","Sch12Reg",0.938874353055243
"1823","Roz11Ame","Gul12Age",0.938800910874647
"756","Gue95Urb","Kum14Jou",0.938772446492602
"568","Alp89Jou","Gan06Eco",0.938590635448906
"688","Kam90Jou","Gab11Jou",0.938267119070132
"127","Oka79Reg","Li_16Wor",0.938233281301002
"1066","Knu01Ame","Bla03Jou",0.938108686631485
"1628","Dim09Urb","Sch12Reg",0.938063108707123
"880","Bra99Jou","And05Reg",0.938055410297084
"906","Bra99Jou","Ven13Oec",0.93792863217744
"1853","Arr12Reg","Mor13Tex",0.937802800305044
"1264","Del04Con","She12Com",0.937692311239784
"1831","Roz11Ame","Ven13Oec",0.93769187219939
"1850","Arr12Reg","Del13Eur",0.93764930996722
"1647","Dim09Urb","Li_16Wor",0.93752658067814
"936","Gab99Qua","Nis08Jou",0.937355786581037
"1570","LeG08Emp","Ven13Oec",0.937101999196431
"720","Gue95Urb","Bat01Urb",0.937020608696198
"1165","Bla03Jou","LeG08Emp",0.936948366755306
"879","Bra99Jou","Eec04The",0.936426795059949
"931","Gab99Qua","Soo05Reg",0.936221140109521
"968","Gab99Qua","Man16Reg",0.935949692394065
"1684","Gie10Jou","Gab11Jou",0.935692377043008
"900","Bra99Jou","She12Com",0.935557749821653
"536","Ett87Env","Ama14Int",0.93537062367307
"352","Par83Jou","Ber12Cit",0.935259100627889
"479","Mir86Urb","Ama14Int",0.935205742859627
"944","Gab99Qua","Roz11Ame",0.934883266049896
"1177","Bla03Jou","Gul12Age",0.934826856852761
"1169","Bla03Jou","Gie10Jou",0.934323305010996
"1454","Gan06Eco","Roz11Ame",0.934089081074452
"942","Gab99Qua","Pen10Phy",0.934058966575781
"1551","LeG08Emp","Nis08Jou",0.934022071938509
"1064","Bat01Urb","Ziq16Asi",0.934019884555459
"1769","Pen10Phy","Roz11Ame",0.933785421873137
"1220","Nau03Jou","Gul12Age",0.933652791352696
"1592","Nis08Jou","Roz11Ame",0.933513597646911
"1855","Arr12Reg","Ven13Oec",0.933241940306985
"1085","Knu01Ame","Roz11Ame",0.932836767329345
"1122","Son02Urb","Nis08Jou",0.932643143074152
"1536","Bos08Reg","Ven13Oec",0.932590618895845
"439","Mir86Urb","Gue95Urb",0.932391998415729
"898","Bra99Jou","Gul12Age",0.932189540252271
"1810","Gab11Jou","Luc14Eco",0.932134408082802
"939","Gab99Qua","Gie10Jou",0.932047160784614
"1251","Del04Con","Nis08Jou",0.931814643574921
"1134","Son02Urb","Sch12Reg",0.931780073040562
"1281","Del04Con","Cie16Mis",0.931756520109174
"1187","Bla03Jou","Ara14Eco",0.931753871899472
"915","Bra99Jou","Mod15Qua",0.931711598321547
"887","Bra99Jou","Nis08Jou",0.931378090918337
"611","Cam90Jou","Gab99Qua",0.93132711998053
"1691","Gie10Jou","Del13Eur",0.931062998340234
"882","Bra99Jou","Soo05Reg",0.930604935266606
"626","Cam90Jou","LeG08Emp",0.930587626088357
"1163","Bla03Jou","Soo07Urb",0.930492780268611
"1771","Pen10Phy","Ber12Cit",0.930361802689358
"1215","Nau03Jou","Pen10Phy",0.930278048456239
"1915","Sch12Reg","She12Com",0.929619194579393
"1921","Sch12Reg","Ven13Oec",0.92957413881313
"1246","Del04Con","Soo05Reg",0.929355364746908
"1562","LeG08Emp","Gul12Age",0.929275003636276
"358","Par83Jou","Iye13Eur",0.928977881207733
"1279","Del04Con","Mod15Qua",0.928946186840071
"946","Gab99Qua","Ber12Cit",0.928698438132995
"1529","Bos08Reg","Sch12Reg",0.928494978361569
"444","Mir86Urb","Bre00Cyb",0.92841425345632
"1448","Gan06Eco","XuZ09Urb",0.928408942418436
"955","Gab99Qua","Ven13Oec",0.928118753641014
"1079","Knu01Ame","XuZ09Urb",0.927603554148392
"1299","Eec04The","Gab11Jou",0.92732144728225
"866","Kra98Urb","Pum15Cyb",0.92721877679066
"2001","Iye13Eur","Ezz15Rev",0.927116721487804
"917","Bra99Jou","Cie16Mis",0.926709499660093
"949","Gab99Qua","She12Com",0.926679072794609
"591","Alp89Jou","Ven13Oec",0.926612473902923
"2076","Ara14Eco","Cie16Mis",0.926414871483928
"1641","Dim09Urb","Ezz15Rev",0.926198217043686
"426","Par85Jou","Ezz15Rev",0.926148797701295
"1597","Nis08Jou","She12Com",0.925569832536053
"17","Pop74Sov","Bre00Cyb",0.925470403782825
"1943","She12Com","Ara14Eco",0.925453368288301
"222","Ros80Jou","Dim09Urb",0.92532249484005
"1455","Gan06Eco","Arr12Reg",0.924778146941033
"1774","Pen10Phy","She12Com",0.924734117634869
"763","Gue95Urb","Pum15Cyb",0.924634790038475
"1494","Soo07Urb","Sch12Reg",0.924413109580899
"945","Gab99Qua","Arr12Reg",0.924350137558741
"831","Kra98Urb","Cra05Con",0.924348530944369
"1725","Gon10Jou","Ven13Oec",0.924313348755946
"2117","Ezz15Rev","Ziq16Asi",0.924222479773256
"445","Mir86Urb","Bat01Urb",0.923791098790813
"1087","Knu01Ame","Ber12Cit",0.923771179279745
"343","Par83Jou","Dim09Urb",0.923616861927948
"1252","Del04Con","Dim09Urb",0.923351624668779
"220","Ros80Jou","LeG08Emp",0.923192330750644
"317","Par83Jou","Mir86Urb",0.923132569085179
"1393","Cra05Con","Kum14Jou",0.923076923076923
"1833","Roz11Ame","Ara14Eco",0.923024524014065
"1842","Roz11Ame","Cie16Mis",0.922600514764955
"1800","Gab11Jou","She12Com",0.922385342485865
"1239","Nau03Jou","Cie16Mis",0.922287977930701
"1870","Ber12Cit","Gul12Age",0.92188996796744
"1559","LeG08Emp","Roz11Ame",0.921880848076814
"1228","Nau03Jou","Ven13Oec",0.921642068278333
"1630","Dim09Urb","Del13Eur",0.921635375138065
"1998","Iye13Eur","Kum14Jou",0.921609891054
"1446","Gan06Eco","Nis08Jou",0.921132372943677
"1840","Roz11Ame","Mod15Qua",0.921114032794522
"540","Ett87Env","Bre15Int",0.920886835854697
"1088","Knu01Ame","Gul12Age",0.920644421140336
"817","Kru96Jou","Li_16Wor",0.920553007911867
"238","Ros80Jou","Mor13Tex",0.920441427037547
"811","Kru96Jou","Ezz15Rev",0.920279077371051
"1423","Soo05Reg","Del13Eur",0.919978343906369
"929","Gab99Qua","And05Reg",0.919712398671405
"1553","LeG08Emp","XuZ09Urb",0.919525370563795
"1339","And05Reg","Gab11Jou",0.91949069875245
"1789","Pen10Phy","Mod15Qua",0.919263744262017
"1223","Nau03Jou","Del13Eur",0.919149059274608
"1428","Soo05Reg","Ven13Oec",0.919145030018058
"1586","Nis08Jou","XuZ09Urb",0.91900749728098
"1768","Pen10Phy","Gab11Jou",0.918991514236916
"1554","LeG08Emp","Gie10Jou",0.918785659619768
"1501","Soo07Urb","Ven13Oec",0.918550891349514
"1517","Bos08Reg","Nis08Jou",0.918309524774944
"938","Gab99Qua","XuZ09Urb",0.918301516257236
"1996","Iye13Eur","Ama14Int",0.91817317346189
"1752","Hol10Nat","Mor13Tow",0.918140972461222
"1249","Del04Con","Bos08Reg",0.917992158583199
"144","Mal80Env","Bre00Cyb",0.917950092082905
"1237","Nau03Jou","Mod15Qua",0.917381392180024
"904","Bra99Jou","Mor13Tex",0.916987627330357
"716","Gue95Urb","Kra98Urb",0.916840779484297
"1298","Eec04The","Pen10Phy",0.916589830205256
"1221","Nau03Jou","Sch12Reg",0.916423240539902
"1450","Gan06Eco","Gon10Jou",0.916396674886064
"1121","Son02Urb","LeG08Emp",0.916341933823035
"1911","Gul12Age","Cie16Mis",0.916341933823035
"1216","Nau03Jou","Gab11Jou",0.916223912918658
"441","Mir86Urb","Kra98Urb",0.915916078513284
"453","Mir86Urb","Cra05Con",0.915810939779251
"704","Kam90Jou","Luc14Eco",0.91569791623482
"941","Gab99Qua","Hol10Nat",0.915389176326141
"1262","Del04Con","Gul12Age",0.915187625057152
"1668","XuZ09Urb","Ara14Eco",0.915092938148076
"2084","Kum14Jou","Ign15Dis",0.915025322853644
"1172","Bla03Jou","Pen10Phy",0.914869748885084
"1196","Bla03Jou","Cie16Mis",0.914456754460753
"475","Mir86Urb","Iye13Eur",0.914355455472352
"1415","Soo05Reg","Pen10Phy",0.913793103448276
"1270","Del04Con","Ven13Oec",0.913259302274819
"1131","Son02Urb","Arr12Reg",0.913213727132975
"1457","Gan06Eco","Gul12Age",0.912870929175277
"948","Gab99Qua","Sch12Reg",0.912694593211563
"770","Kru96Jou","Gab99Qua",0.91267288796909
"1555","LeG08Emp","Gon10Jou",0.912574311853672
"1912","Gul12Age","Li_16Wor",0.912552501483249
"1136","Son02Urb","Del13Eur",0.911382073529328
"925","Gab99Qua","Bla03Jou",0.911238543395836
"1707","Gie10Jou","Cie16Mis",0.910886538331907
"1661","XuZ09Urb","Del13Eur",0.910315239422832
"1791","Pen10Phy","Cie16Mis",0.909907157067554
"2003","Iye13Eur","Ign15Dis",0.909828647523508
"932","Gab99Qua","Gan06Eco",0.909626125421184
"871","Bra99Jou","Gab99Qua",0.909139419790222
"796","Kru96Jou","Ber12Cit",0.90906037381071
"1123","Son02Urb","Dim09Urb",0.908942501255297
"1407","Soo05Reg","Bos08Reg",0.908797737189207
"1582","LeG08Emp","Li_16Wor",0.908290300473176
"1331","And05Reg","LeG08Emp",0.908264448190463
"1004","Bre00Cyb","Ama14Int",0.908224019879208
"1653","XuZ09Urb","Pen10Phy",0.907958263975413
"1402","Cra05Con","Li_16Wor",0.907713425025669
"486","Mir86Urb","Ign15Dis",0.907409507423235
"1906","Gul12Age","Ezz15Rev",0.907264708726555
"581","Alp89Jou","Arr12Reg",0.907241517832336
"1635","Dim09Urb","Ven13Oec",0.907163732696199
"1795","Gab11Jou","Roz11Ame",0.907088483525545
"822","Kra98Urb","Bre00Cyb",0.906923264371456
"1694","Gie10Jou","Mor13Tex",0.906700459370764
"935","Gab99Qua","LeG08Emp",0.906411381946888
"1866","Arr12Reg","Cie16Mis",0.906315866960424
"885","Bra99Jou","Bos08Reg",0.90613588857039
"1598","Nis08Jou","Del13Eur",0.905789459783313
"336","Par83Jou","Cra05Con",0.905734363784814
"121","Oka79Reg","Ezz15Rev",0.905604244479368
"1889","Ber12Cit","Cie16Mis",0.905449091158725
"1125","Son02Urb","Gie10Jou",0.905246319777606
"1488","Soo07Urb","Pen10Phy",0.905054794054574
"1952","She12Com","Cie16Mis",0.90501304075117
"1798","Gab11Jou","Gul12Age",0.904929247124436
"943","Gab99Qua","Gab11Jou",0.904656501391575
"1408","Soo05Reg","LeG08Emp",0.904604356641689
"1413","Soo05Reg","Gon10Jou",0.90459074966486
"2007","Iye13Eur","Li_16Wor",0.904483293584524
"1248","Del04Con","Soo07Urb",0.904368720670121
"1625","Dim09Urb","Arr12Reg",0.904289923155253
"641","Cam90Jou","Del13Eur",0.904256851882696
"1324","Eec04The","Man16Reg",0.904124250573292
"1209","Nau03Jou","Nis08Jou",0.903760937019825
"1388","Cra05Con","Mor13Tex",0.903220928215154
"1166","Bla03Jou","Nis08Jou",0.903033439257168
"676","Kam90Jou","Soo05Reg",0.902973145540551
"1967","Del13Eur","Faz15Jou",0.902775066159319
"1638","Dim09Urb","Kum14Jou",0.90248525639428
"526","Ett87Env","Ber12Cit",0.902424447884336
"1627","Dim09Urb","Gul12Age",0.901420188744408
"1591","Nis08Jou","Gab11Jou",0.901331076061568
"1603","Nis08Jou","Ven13Oec",0.90125757368508
"1148","Son02Urb","Faz15Jou",0.901211818118666
"1430","Soo05Reg","Ara14Eco",0.900589232881458
"2139","Pum15Cyb","Ziq16Asi",0.900404336589212
"1675","XuZ09Urb","Mod15Qua",0.900183729715092
"644","Cam90Jou","Mor13Tex",0.900158843695198
"1291","Eec04The","LeG08Emp",0.899878519888519
"1268","Del04Con","Mor13Tex",0.899736443939881
"1881","Ber12Cit","Kum14Jou",0.899704093366981
"926","Gab99Qua","Nau03Jou",0.899131139182161
"1100","Knu01Ame","Luc14Eco",0.899091959546984
"1887","Ber12Cit","Mod15Qua",0.898728438877238
"1895","Gul12Age","Del13Eur",0.898715524710829
"634","Cam90Jou","Gab11Jou",0.898653891432306
"1419","Soo05Reg","Ber12Cit",0.898602464043336
"1346","And05Reg","Del13Eur",0.898558516406921
"575","Alp89Jou","Gie10Jou",0.898447108742194
"1055","Bat01Urb","Bre15Int",0.898106766312607
"543","Ett87Env","Ign15Dis",0.897885614188594
"781","Kru96Jou","Soo05Reg",0.897082684901702
"1095","Knu01Ame","Mor13Tow",0.896807307954619
"1528","Bos08Reg","Gul12Age",0.896642289861122
"1936","She12Com","Del13Eur",0.896441828163528
"1696","Gie10Jou","Ven13Oec",0.896053703343653
"299","Sua80Jou","Mor13Tex",0.895964448835991
"567","Alp89Jou","Soo05Reg",0.895845750435917
"884","Bra99Jou","Soo07Urb",0.895469523042289
"967","Gab99Qua","Li_16Wor",0.895437704645054
"1796","Gab11Jou","Arr12Reg",0.895424672328227
"1576","LeG08Emp","Ezz15Rev",0.895313033279117
"490","Mir86Urb","Li_16Wor",0.895239568270924
"1772","Pen10Phy","Gul12Age",0.895191802597258
"1069","Knu01Ame","Eec04The",0.894468365234661
"1742","Hol10Nat","Roz11Ame",0.894362166039891
"375","Par83Jou","Ziq16Asi",0.893328400291077
"65","Pop74Sov","Ziq16Asi",0.893325000573837
"1396","Cra05Con","Ezz15Rev",0.893197737235265
"1306","Eec04The","Del13Eur",0.892995009586263
"1564","LeG08Emp","She12Com",0.892804598667075
"1817","Gab11Jou","Cie16Mis",0.892522125597372
"1720","Gon10Jou","Del13Eur",0.892405884029804
"484","Mir86Urb","Ezz15Rev",0.892363919068504
"323","Par83Jou","Kru96Jou",0.892034439829174
"1514","Soo07Urb","Man16Reg",0.892005174962654
"1723","Gon10Jou","Mor13Tex",0.891950923060122
"12","Pop74Sov","Gue95Urb",0.891882585015845
"1006","Bre00Cyb","Kum14Jou",0.89180559571232
"614","Cam90Jou","Knu01Ame",0.891721143256065
"1432","Soo05Reg","Luc14Eco",0.891701657417875
"1784","Pen10Phy","Luc14Eco",0.891701657417875
"1167","Bla03Jou","Dim09Urb",0.891646787409059
"927","Gab99Qua","Del04Con",0.891556160081163
"1452","Gan06Eco","Pen10Phy",0.891484988320419
"1717","Gon10Jou","Gul12Age",0.891429687693097
"1084","Knu01Ame","Gab11Jou",0.891091224737781
"2038","Mor13Tow","Li_16Wor",0.89085989545911
"1091","Knu01Ame","Del13Eur",0.890621512305183
"754","Gue95Urb","Ama14Int",0.890484068825964
"1585","Nis08Jou","Dim09Urb",0.890307283371045
"233","Ros80Jou","Sch12Reg",0.890225183937927
"563","Alp89Jou","Del04Con",0.890109219186981
"1703","Gie10Jou","Faz15Jou",0.889984016391281
"874","Bra99Jou","Knu01Ame",0.889841152329756
"276","Sua80Jou","Cra05Con",0.889499179993322
"1162","Bla03Jou","Gan06Eco",0.889470725662986
"881","Bra99Jou","Cra05Con",0.889379099104486
"1677","XuZ09Urb","Cie16Mis",0.889000889001334
"1610","Nis08Jou","Faz15Jou",0.88861044259531
"2144","Li_16Wor","Ziq16Asi",0.888242776888454
"417","Par85Jou","Iye13Eur",0.887904008841326
"608","Cam90Jou","Kru96Jou",0.887874522600582
"1950","She12Com","Mod15Qua",0.88774389484499
"1277","Del04Con","Faz15Jou",0.887700210840688
"1070","Knu01Ame","And05Reg",0.887671613997738
"1068","Knu01Ame","Del04Con",0.88746088089849
"787","Kru96Jou","Dim09Urb",0.887151079037295
"341","Par83Jou","LeG08Emp",0.886819444251231
"875","Bra99Jou","Son02Urb",0.88667982040401
"353","Par83Jou","Gul12Age",0.886364410809202
"785","Kru96Jou","LeG08Emp",0.886096887624939
"1297","Eec04The","Hol10Nat",0.886076023236296
"139","Mal80Env","Gue95Urb",0.885806907983822
"1932","Sch12Reg","Cie16Mis",0.885215965703327
"1928","Sch12Reg","Faz15Jou",0.885122090128473
"411","Par85Jou","Ber12Cit",0.885087532807961
"1898","Gul12Age","Mor13Tex",0.885065316535043
"2032","Mor13Tow","Ezz15Rev",0.884914986968517
"330","Par83Jou","Son02Urb",0.884639279992846
"1153","Son02Urb","Li_16Wor",0.884574820723792
"1349","And05Reg","Mor13Tex",0.884564173896032
"744","Gue95Urb","Ber12Cit",0.884479514617323
"1581","LeG08Emp","Cie16Mis",0.88439174596475
"940","Gab99Qua","Gon10Jou",0.884058744361802
"232","Ros80Jou","Gul12Age",0.883991392175728
"84","Oka79Reg","Son02Urb",0.883883476483184
"1362","And05Reg","Cie16Mis",0.883729932316526
"1056","Bat01Urb","Ezz15Rev",0.883553754422821
"2114","Ezz15Rev","Cie16Mis",0.883283915958213
"1437","Soo05Reg","Mod15Qua",0.882702118069777
"1880","Ber12Cit","Ara14Eco",0.88263459239366
"1892","Ber12Cit","Ziq16Asi",0.882437576864609
"657","Cam90Jou","Cie16Mis",0.882018256262058
"684","Kam90Jou","Gie10Jou",0.881655271246091
"498","Ett87Env","Kra98Urb",0.880574074151859
"937","Gab99Qua","Dim09Urb",0.880525626889726
"1113","Son02Urb","Del04Con",0.880146130140837
"1208","Nau03Jou","LeG08Emp",0.880036948143043
"583","Alp89Jou","Gul12Age",0.87996918942982
"1074","Knu01Ame","Soo07Urb",0.879533005790153
"1152","Son02Urb","Cie16Mis",0.879520071149917
"923","Gab99Qua","Knu01Ame",0.879487749689199
"2011","Mor13Tex","Ven13Oec",0.879458680066693
"1133","Son02Urb","Gul12Age",0.878992528956418
"1117","Son02Urb","Soo05Reg",0.878897995118748
"799","Kru96Jou","She12Com",0.878806428747936
"555","Alp89Jou","Bra99Jou",0.87863092062053
"183","Mal80Env","Bre15Int",0.878278142345326
"2140","Cie16Mis","Li_16Wor",0.878218427063452
"1579","LeG08Emp","Mod15Qua",0.877475064377676
"1458","Gan06Eco","Sch12Reg",0.877375011154221
"1116","Son02Urb","Cra05Con",0.877058019307029
"1096","Knu01Ame","Ven13Oec",0.876866460002955
"1272","Del04Con","Ara14Eco",0.876560646693326
"1962","Del13Eur","Ara14Eco",0.876370400213235
"308","Sua80Jou","Faz15Jou",0.875912452868804
"2069","Ara14Eco","Luc14Eco",0.875870526631068
"628","Cam90Jou","Dim09Urb",0.875713534743781
"559","Alp89Jou","Knu01Ame",0.875693655474528
"1654","XuZ09Urb","Gab11Jou",0.875559359475142
"2090","Kum14Jou","Ziq16Asi",0.875544544461828
"545","Ett87Env","Pum15Cyb",0.875452013761862
"1322","Eec04The","Cie16Mis",0.875175052517506
"633","Cam90Jou","Pen10Phy",0.87502472008517
"328","Par83Jou","Bat01Urb",0.874958005297769
"324","Par83Jou","Kra98Urb",0.874846808934152
"593","Alp89Jou","Ara14Eco",0.874434737109463
"1614","Nis08Jou","Cie16Mis",0.874382899275514
"510","Ett87Env","Cra05Con",0.874253010461958
"372","Par83Jou","Cie16Mis",0.87401168422836
"677","Kam90Jou","Gan06Eco",0.873862897505303
"61","Pop74Sov","Pum15Cyb",0.873326063219467
"1313","Eec04The","Ara14Eco",0.873142505635018
"1875","Ber12Cit","Iye13Eur",0.872817043651349
"728","Gue95Urb","Cra05Con",0.872661710824109
"1899","Gul12Age","Mor13Tow",0.872278375988647
"584","Alp89Jou","Sch12Reg",0.871936908613656
"8","Pop74Sov","Ett87Env",0.871753933809275
"106","Oka79Reg","Ber12Cit",0.871710125276816
"908","Bra99Jou","Ara14Eco",0.871683790326214
"1683","Gie10Jou","Pen10Phy",0.871365310363621
"1338","And05Reg","Pen10Phy",0.871351479497524
"859","Kra98Urb","Kum14Jou",0.87131213982461
"199","Ros80Jou","Cam90Jou",0.871277273657038
"389","Par85Jou","Son02Urb",0.871122565789522
"1958","Del13Eur","Mor13Tex",0.870984304985509
"966","Gab99Qua","Cie16Mis",0.870945829397004
"913","Bra99Jou","Faz15Jou",0.870827509343859
"1902","Gul12Age","Ara14Eco",0.87067978959795
"934","Gab99Qua","Bos08Reg",0.870602122967999
"1440","Soo05Reg","Li_16Wor",0.870500294374488
"215","Ros80Jou","Cra05Con",0.870285269152674
"381","Par85Jou","Gue95Urb",0.870219569616746
"1465","Gan06Eco","Ven13Oec",0.869709790695427
"918","Bra99Jou","Li_16Wor",0.869701452402638
"2112","Ezz15Rev","Mod15Qua",0.869550541061252
"423","Par85Jou","Kum14Jou",0.868973525548782
"950","Gab99Qua","Del13Eur",0.868963528511331
"18","Pop74Sov","Bat01Urb",0.868614424220593
"118","Oka79Reg","Kum14Jou",0.868243142124459
"1385","Cra05Con","Del13Eur",0.868243142124459
"838","Kra98Urb","Dim09Urb",0.868171966635831
"795","Kru96Jou","Arr12Reg",0.867905699114873
"961","Gab99Qua","Ezz15Rev",0.867768046247744
"2067","Ama14Int","Ziq16Asi",0.867148549754591
"1086","Knu01Ame","Arr12Reg",0.867078092221603
"1624","Dim09Urb","Roz11Ame",0.866972179444597
"2028","Mor13Tow","Ara14Eco",0.866792294043988
"2018","Mor13Tex","Faz15Jou",0.866677174730642
"327","Par83Jou","Bre00Cyb",0.866606449843856
"868","Kra98Urb","Li_16Wor",0.866553196217711
"893","Bra99Jou","Pen10Phy",0.866530497100708
"1516","Bos08Reg","LeG08Emp",0.866528382768946
"1073","Knu01Ame","Gan06Eco",0.866345857228814
"912","Bra99Jou","Ezz15Rev",0.866259922433232
"204","Ros80Jou","Bra99Jou",0.865857525248183
"1626","Dim09Urb","Ber12Cit",0.865744864287676
"205","Ros80Jou","Gab99Qua",0.865471286239578
"1844","Roz11Ame","Man16Reg",0.865298228094404
"1909","Gul12Age","Mod15Qua",0.865114295700444
"1257","Del04Con","Pen10Phy",0.86511421050173
"1434","Soo05Reg","Ezz15Rev",0.864958212493301
"1618","Dim09Urb","XuZ09Urb",0.864466277521302
"798","Kru96Jou","Sch12Reg",0.864388372540251
"1577","LeG08Emp","Faz15Jou",0.864171396077841
"788","Kru96Jou","XuZ09Urb",0.864126412275354
"1080","Knu01Ame","Gie10Jou",0.86403593970814
"1878","Ber12Cit","Ven13Oec",0.864013051531699
"1062","Bat01Urb","Li_16Wor",0.863672781708177
"1009","Bre00Cyb","Ezz15Rev",0.863609139146012
"578","Alp89Jou","Pen10Phy",0.863465783552691
"1972","Del13Eur","Li_16Wor",0.863174618796922
"1619","Dim09Urb","Gie10Jou",0.86268748216069
"1862","Arr12Reg","Faz15Jou",0.862457859685932
"681","Kam90Jou","Nis08Jou",0.862439361864103
"2039","Mor13Tow","Man16Reg",0.862251854662874
"1793","Pen10Phy","Man16Reg",0.862192368663028
"2035","Mor13Tow","Mod15Qua",0.862144138259281
"779","Kru96Jou","And05Reg",0.862043656699036
"1410","Soo05Reg","Dim09Urb",0.861652028992526
"786","Kru96Jou","Nis08Jou",0.861640436855329
"1383","Cra05Con","Sch12Reg",0.861399519630753
"1775","Pen10Phy","Del13Eur",0.861256321954898
"230","Ros80Jou","Arr12Reg",0.861164018614096
"1872","Ber12Cit","She12Com",0.861078821168152
"648","Cam90Jou","Ara14Eco",0.861027217620119
"1176","Bla03Jou","Ber12Cit",0.860086829371162
"1171","Bla03Jou","Hol10Nat",0.85993006197166
"897","Bra99Jou","Ber12Cit",0.859586096537435
"1780","Pen10Phy","Ven13Oec",0.859460287809093
"517","Ett87Env","Dim09Urb",0.859210057765789
"1487","Soo07Urb","Hol10Nat",0.859209700127656
"1646","Dim09Urb","Cie16Mis",0.859000787509055
"572","Alp89Jou","Nis08Jou",0.858724555610157
"1644","Dim09Urb","Mod15Qua",0.858588514239109
"1481","Soo07Urb","LeG08Emp",0.858529407305139
"1808","Gab11Jou","Ara14Eco",0.858466324065368
"735","Gue95Urb","Dim09Urb",0.858365565391732
"1966","Del13Eur","Ezz15Rev",0.858323701594903
"1309","Eec04The","Mor13Tex",0.858292355333729
"711","Kam90Jou","Cie16Mis",0.858116330321033
"953","Gab99Qua","Mor13Tex",0.858005742525103
"1353","And05Reg","Ara14Eco",0.857650906941849
"112","Oka79Reg","Iye13Eur",0.857337286737542
"221","Ros80Jou","Nis08Jou",0.857148060257268
"412","Par85Jou","Gul12Age",0.857074671372892
"1102","Knu01Ame","Ezz15Rev",0.857011257271488
"1427","Soo05Reg","Mor13Tow",0.856683421257743
"1561","LeG08Emp","Ber12Cit",0.856503066530117
"252","Ros80Jou","Li_16Wor",0.855800424279623
"1247","Del04Con","Gan06Eco",0.85557945904493
"556","Alp89Jou","Gab99Qua",0.855442384508357
"1822","Roz11Ame","Ber12Cit",0.855436693634855
"1426","Soo05Reg","Mor13Tex",0.855227519119346
"283","Sua80Jou","Dim09Urb",0.855162277587361
"2037","Mor13Tow","Cie16Mis",0.854909097634007
"1478","Gan06Eco","Man16Reg",0.85488424226276
"460","Mir86Urb","Dim09Urb",0.854056066488543
"281","Sua80Jou","LeG08Emp",0.854038060394142
"1524","Bos08Reg","Gab11Jou",0.853971853086313
"1960","Del13Eur","Ven13Oec",0.853771409590829
"356","Par83Jou","Del13Eur",0.853239436880912
"1738","Gon10Jou","Man16Reg",0.853049794979604
"1512","Soo07Urb","Cie16Mis",0.852927114457435
"1573","LeG08Emp","Kum14Jou",0.852922662605561
"76","Oka79Reg","Gue95Urb",0.852802865422442
"1873","Ber12Cit","Del13Eur",0.852621582387542
"377","Par85Jou","Ett87Env",0.852571232266693
"1496","Soo07Urb","Del13Eur",0.852359490326605
"1173","Bla03Jou","Gab11Jou",0.851700984467397
"2046","Ven13Oec","Ezz15Rev",0.85169460911872
"579","Alp89Jou","Gab11Jou",0.85131150463433
"804","Kru96Jou","Mor13Tow",0.851256530758749
"692","Kam90Jou","Gul12Age",0.850905637565297
"1214","Nau03Jou","Hol10Nat",0.850843030041185
"1503","Soo07Urb","Ara14Eco",0.85077082054777
"1320","Eec04The","Mod15Qua",0.850736617441699
"1245","Del04Con","Cra05Con",0.85033929879603
"1933","Sch12Reg","Li_16Wor",0.85006989002694
"674","Kam90Jou","And05Reg",0.850060096977695
"1041","Bat01Urb","Ber12Cit",0.849954329216708
"1864","Arr12Reg","Mod15Qua",0.849737513612044
"769","Kru96Jou","Bra99Jou",0.84967184525582
"1964","Del13Eur","Luc14Eco",0.84964429312307
"655","Cam90Jou","Mod15Qua",0.849613072359855
"1770","Pen10Phy","Arr12Reg",0.849284760358259
"1830","Roz11Ame","Mor13Tow",0.849225205540859
"492","Mir86Urb","Ziq16Asi",0.848999935145841
"2095","Luc14Eco","Mod15Qua",0.84898432594698
"775","Kru96Jou","Bla03Jou",0.848905317587408
"1882","Ber12Cit","Luc14Eco",0.848881701352529
"2053","Ven13Oec","Man16Reg",0.848763909452264
"2005","Iye13Eur","Pum15Cyb",0.848720612902668
"690","Kam90Jou","Arr12Reg",0.848135712571886
"778","Kru96Jou","Eec04The",0.84796522653796
"803","Kru96Jou","Mor13Tex",0.847935270867641
"862","Kra98Urb","Ezz15Rev",0.847773957079817
"382","Par85Jou","Kru96Jou",0.84765471656714
"1963","Del13Eur","Kum14Jou",0.847570686359591
"1664","XuZ09Urb","Mor13Tex",0.847251095288169
"1829","Roz11Ame","Mor13Tex",0.847225398812139
"2052","Ven13Oec","Li_16Wor",0.84681027973575
"615","Cam90Jou","Son02Urb",0.846537722234669
"360","Par83Jou","Mor13Tow",0.846502829383575
"1762","Hol10Nat","Mod15Qua",0.846452319578952
"2049","Ven13Oec","Mod15Qua",0.846183656805095
"337","Par83Jou","Soo05Reg",0.846080419962601
"1333","And05Reg","Dim09Urb",0.845737861887926
"223","Ros80Jou","XuZ09Urb",0.845363944411616
"325","Par83Jou","Bra99Jou",0.845334973494437
"1115","Son02Urb","And05Reg",0.845226045279058
"270","Sua80Jou","Son02Urb",0.845154254728517
"1620","Dim09Urb","Gon10Jou",0.845147521299053
"362","Par83Jou","Ama14Int",0.845110552054056
"1183","Bla03Jou","Mor13Tex",0.845002283958931
"2042","Ven13Oec","Ara14Eco",0.844928698351562
"678","Kam90Jou","Soo07Urb",0.844918540247645
"1232","Nau03Jou","Luc14Eco",0.844777376764301
"1652","XuZ09Urb","Hol10Nat",0.844374951423346
"783","Kru96Jou","Soo07Urb",0.844135845739451
"107","Oka79Reg","Gul12Age",0.844120656387274
"1015","Bre00Cyb","Li_16Wor",0.844098096003527
"715","Gue95Urb","Kru96Jou",0.84407221993021
"1805","Gab11Jou","Mor13Tow",0.844028125620045
"1534","Bos08Reg","Mor13Tex",0.844015998193779
"2023","Mor13Tex","Li_16Wor",0.843979461196366
"1147","Son02Urb","Ezz15Rev",0.843524979792769
"2087","Kum14Jou","Cie16Mis",0.843299381094191
"326","Par83Jou","Gab99Qua",0.843046715425261
"1679","XuZ09Urb","Man16Reg",0.84304051948128
"1799","Gab11Jou","Sch12Reg",0.842808348503883
"1616","Nis08Jou","Man16Reg",0.842146380575129
"246","Ros80Jou","Ezz15Rev",0.842114902586048
"1713","Gon10Jou","Gab11Jou",0.8418828106036
"369","Par83Jou","Ign15Dis",0.841794384592372
"659","Cam90Jou","Man16Reg",0.841490363285352
"2059","Ama14Int","Ezz15Rev",0.84132877127939
"761","Gue95Urb","Ign15Dis",0.841317992511322
"2133","Mod15Qua","Li_16Wor",0.841197221345142
"1709","Gie10Jou","Man16Reg",0.841051972860555
"964","Gab99Qua","Mod15Qua",0.841029110749499
"1615","Nis08Jou","Li_16Wor",0.840896113683303
"1741","Hol10Nat","Gab11Jou",0.840855304560693
"1657","XuZ09Urb","Ber12Cit",0.840720382407137
"1755","Hol10Nat","Ara14Eco",0.840460638985807
"1700","Gie10Jou","Luc14Eco",0.840251396287793
"1744","Hol10Nat","Ber12Cit",0.840215870458436
"1732","Gon10Jou","Faz15Jou",0.839492275995802
"1310","Eec04The","Mor13Tow",0.839438421056064
"1256","Del04Con","Hol10Nat",0.839328557400962
"1940","She12Com","Mor13Tow",0.839230218879517
"77","Oka79Reg","Kru96Jou",0.839146391678274
"883","Bra99Jou","Gan06Eco",0.839016923746981
"669","Kam90Jou","Son02Urb",0.838589484332068
"1705","Gie10Jou","Mod15Qua",0.838495164594778
"2085","Kum14Jou","Mod15Qua",0.838461985117307
"2029","Mor13Tow","Kum14Jou",0.838307340612269
"1531","Bos08Reg","Del13Eur",0.838144669186941
"1467","Gan06Eco","Ara14Eco",0.838014913574003
"483","Mir86Urb","Bre15Int",0.837838887234847
"1293","Eec04The","Dim09Urb",0.837693323243195
"1219","Nau03Jou","Ber12Cit",0.837615371438529
"957","Gab99Qua","Ara14Eco",0.837134134441864
"1082","Knu01Ame","Hol10Nat",0.837108575172835
"1682","Gie10Jou","Hol10Nat",0.837105166588245
"1011","Bre00Cyb","Ign15Dis",0.836948413476258
"1549","Bos08Reg","Man16Reg",0.836602218316892
"1867","Arr12Reg","Li_16Wor",0.83657703689676
"1258","Del04Con","Gab11Jou",0.836574699250619
"1930","Sch12Reg","Mod15Qua",0.836290343504805
"1360","And05Reg","Mod15Qua",0.835893948503294
"134","Mal80Env","Mir86Urb",0.835751645444845
"892","Bra99Jou","Hol10Nat",0.835617123003468
"210","Ros80Jou","Bla03Jou",0.835585154976814
"1838","Roz11Ame","Faz15Jou",0.835382749480098
"1629","Dim09Urb","She12Com",0.835377584679366
"1184","Bla03Jou","Mor13Tow",0.835137512405882
"214","Ros80Jou","And05Reg",0.835084023201075
"431","Par85Jou","Cie16Mis",0.834809688788316
"1642","Dim09Urb","Faz15Jou",0.83460537929372
"2101","Bre15Int","Ezz15Rev",0.8345761876158
"2111","Ezz15Rev","Ign15Dis",0.834444671268063
"2058","Ama14Int","Bre15Int",0.833806638178184
"1904","Gul12Age","Luc14Eco",0.833585396052301
"1144","Son02Urb","Kum14Jou",0.833205118341678
"924","Gab99Qua","Son02Urb",0.833152547273427
"1075","Knu01Ame","Bos08Reg",0.833092342505497
"1747","Hol10Nat","She12Com",0.832832651791304
"1499","Soo07Urb","Mor13Tex",0.8327524663616
"366","Par83Jou","Bre15Int",0.832250187120732
"1801","Gab11Jou","Del13Eur",0.832246973289731
"135","Mal80Env","Ett87Env",0.832164989497131
"396","Par85Jou","Soo05Reg",0.831743358172581
"2030","Mor13Tow","Luc14Eco",0.831418302578126
"794","Kru96Jou","Roz11Ame",0.831344777646836
"773","Kru96Jou","Knu01Ame",0.831171634923383
"1302","Eec04The","Ber12Cit",0.831167304862208
"2026","Mor13Tow","Ven13Oec",0.831036480145784
"1857","Arr12Reg","Ara14Eco",0.830587703203136
"1698","Gie10Jou","Ara14Eco",0.830526696273437
"72","Oka79Reg","Ett87Env",0.830491648761539
"376","Par85Jou","Mir86Urb",0.830416133296819
"294","Sua80Jou","Sch12Reg",0.830065346888045
"1797","Gab11Jou","Ber12Cit",0.83000590244946
"370","Par83Jou","Mod15Qua",0.82969310069435
"225","Ros80Jou","Gon10Jou",0.829280530938042
"1476","Gan06Eco","Cie16Mis",0.829227982896771
"637","Cam90Jou","Ber12Cit",0.82901161742648
"2065","Ama14Int","Li_16Wor",0.828967817216638
"1749","Hol10Nat","Gan13Eco",0.828941218836656
"1076","Knu01Ame","LeG08Emp",0.828560923636209
"1364","And05Reg","Man16Reg",0.828356294702808
"1954","She12Com","Man16Reg",0.828130312780449
"1198","Bla03Jou","Man16Reg",0.827985130196492
"861","Kra98Urb","Bre15Int",0.827678893164101
"1108","Knu01Ame","Li_16Wor",0.827556664428198
"1451","Gan06Eco","Hol10Nat",0.82723717734798
"1835","Roz11Ame","Luc14Eco",0.826759604519687
"1945","She12Com","Luc14Eco",0.826738509476413
"1191","Bla03Jou","Ezz15Rev",0.826704913857897
"1282","Del04Con","Li_16Wor",0.826606553184075
"604","Alp89Jou","Man16Reg",0.826482030192091
"1736","Gon10Jou","Cie16Mis",0.826453163040577
"789","Kru96Jou","Gie10Jou",0.826373049067883
"2121","Faz15Jou","Cie16Mis",0.826220063850201
"1261","Del04Con","Ber12Cit",0.826023876721145
"1590","Nis08Jou","Pen10Phy",0.825841453659885
"1500","Soo07Urb","Mor13Tow",0.825720988413674
"1939","She12Com","Mor13Tex",0.825483331087505
"1089","Knu01Ame","Sch12Reg",0.825459047402219
"1927","Sch12Reg","Ezz15Rev",0.825356472828986
"213","Ros80Jou","Eec04The",0.825281614716906
"203","Ros80Jou","Kra98Urb",0.825052619829757
"1523","Bos08Reg","Pen10Phy",0.82460982329282
"1846","Arr12Reg","Ber12Cit",0.82399992692288
"694","Kam90Jou","She12Com",0.82387062641091
"1748","Hol10Nat","Del13Eur",0.823777410145704
"71","Oka79Reg","Mir86Urb",0.823544659658244
"1712","Gon10Jou","Pen10Phy",0.823489510039734
"1469","Gan06Eco","Luc14Eco",0.823329307421632
"2051","Ven13Oec","Cie16Mis",0.822815163562528
"534","Ett87Env","Mor13Tow",0.822425315277616
"354","Par83Jou","Sch12Reg",0.822145336515869
"819","Kru96Jou","Ziq16Asi",0.821952943375643
"1318","Eec04The","Faz15Jou",0.821850315856928
"870","Kra98Urb","Ziq16Asi",0.821795230532766
"1227","Nau03Jou","Mor13Tow",0.821689623052264
"192","Mal80Env","Ziq16Asi",0.821518053266174
"1276","Del04Con","Ezz15Rev",0.821223048162207
"1665","XuZ09Urb","Mor13Tow",0.820922069065183
"1081","Knu01Ame","Gon10Jou",0.820787481608951
"359","Par83Jou","Mor13Tex",0.820665450461538
"1786","Pen10Phy","Ezz15Rev",0.820108527401055
"234","Ros80Jou","She12Com",0.819867066178876
"194","Ros80Jou","Par83Jou",0.819501702792743
"2130","Ign15Dis","Ziq16Asi",0.81927089167411
"1538","Bos08Reg","Ara14Eco",0.819207280028865
"571","Alp89Jou","LeG08Emp",0.819078327910673
"1711","Gon10Jou","Hol10Nat",0.819003496057973
"219","Ros80Jou","Bos08Reg",0.818928867878335
"962","Gab99Qua","Faz15Jou",0.818892424195533
"212","Ros80Jou","Del04Con",0.818765187388033
"909","Bra99Jou","Kum14Jou",0.818486562219346
"606","Cam90Jou","Kam90Jou",0.817931097764422
"894","Bra99Jou","Gab11Jou",0.81785847111938
"1130","Son02Urb","Roz11Ame",0.817764761729662
"1760","Hol10Nat","Faz15Jou",0.816813712148372
"1210","Nau03Jou","Dim09Urb",0.816682261507962
"488","Mir86Urb","Pum15Cyb",0.81660631771754
"1861","Arr12Reg","Ezz15Rev",0.816517116297781
"1764","Hol10Nat","Cie16Mis",0.816496580927726
"1734","Gon10Jou","Mod15Qua",0.816438252660582
"1687","Gie10Jou","Ber12Cit",0.81643046516739
"1197","Bla03Jou","Li_16Wor",0.816048595583982
"52","Pop74Sov","Ama14Int",0.816026113253443
"1868","Arr12Reg","Man16Reg",0.815800234272273
"776","Kru96Jou","Nau03Jou",0.815798728995427
"905","Bra99Jou","Mor13Tow",0.815412847886778
"1792","Pen10Phy","Li_16Wor",0.815405339034331
"91","Oka79Reg","Soo05Reg",0.814768054576651
"853","Kra98Urb","Iye13Eur",0.814647710696305
"7","Pop74Sov","Mir86Urb",0.814613079962557
"80","Oka79Reg","Gab99Qua",0.813732795766967
"1492","Soo07Urb","Ber12Cit",0.813515034408928
"1077","Knu01Ame","Nis08Jou",0.813365738629468
"2081","Kum14Jou","Bre15Int",0.813208977086037
"1594","Nis08Jou","Ber12Cit",0.8129427815899
"2","Pop74Sov","Mal80Env",0.812876924702534
"497","Ett87Env","Kru96Jou",0.812362394459923
"671","Kam90Jou","Nau03Jou",0.81141599065446
"216","Ros80Jou","Soo05Reg",0.811166269133752
"600","Alp89Jou","Mod15Qua",0.81089063354372
"1708","Gie10Jou","Li_16Wor",0.810767577291
"632","Cam90Jou","Hol10Nat",0.810361667452912
"1397","Cra05Con","Faz15Jou",0.810175428479625
"658","Cam90Jou","Li_16Wor",0.81016595223154
"2107","Bre15Int","Li_16Wor",0.80992633003248
"424","Par85Jou","Luc14Eco",0.809453693542184
"1773","Pen10Phy","Sch12Reg",0.809354262454947
"1241","Nau03Jou","Man16Reg",0.809000337807677
"1871","Ber12Cit","Sch12Reg",0.808996106899128
"1934","Sch12Reg","Man16Reg",0.808881841911708
"1114","Son02Urb","Eec04The",0.808873042651651
"1342","And05Reg","Ber12Cit",0.808827230126885
"586","Alp89Jou","Del13Eur",0.808736084303189
"1727","Gon10Jou","Ara14Eco",0.808679397717391
"792","Kru96Jou","Pen10Phy",0.80863791315083
"380","Par85Jou","Kam90Jou",0.808205342897868
"978","Bre00Cyb","Cra05Con",0.807960625175265
"673","Kam90Jou","Eec04The",0.807744378124761
"2040","Mor13Tow","Ziq16Asi",0.807688875335255
"1557","LeG08Emp","Pen10Phy",0.807601894458166
"2125","Ign15Dis","Mod15Qua",0.807593630139443
"1060","Bat01Urb","Pum15Cyb",0.807524493983454
"1505","Soo07Urb","Luc14Eco",0.807366391917292
"265","Sua80Jou","Bra99Jou",0.807344411299952
"229","Ros80Jou","Roz11Ame",0.806839370730479
"1390","Cra05Con","Ven13Oec",0.806836649054879
"1414","Soo05Reg","Hol10Nat",0.806832917808976
"959","Gab99Qua","Luc14Eco",0.806736028086249
"1947","She12Com","Ezz15Rev",0.806538748018929
"97","Oka79Reg","Dim09Urb",0.806430953245807
"1380","Cra05Con","Arr12Reg",0.806427322878876
"351","Par83Jou","Arr12Reg",0.806383008166988
"126","Oka79Reg","Cie16Mis",0.806380803342937
"1126","Son02Urb","Gon10Jou",0.806311322214986
"329","Par83Jou","Knu01Ame",0.806309174589847
"2128","Ign15Dis","Li_16Wor",0.806007374236702
"919","Bra99Jou","Man16Reg",0.805813254152831
"402","Par85Jou","Dim09Urb",0.805262406899788
"1819","Gab11Jou","Man16Reg",0.805228841889795
"1460","Gan06Eco","Del13Eur",0.805076485899413
"342","Par83Jou","Nis08Jou",0.804797644730103
"361","Par83Jou","Ven13Oec",0.804446985361805
"1843","Roz11Ame","Li_16Wor",0.803931689677526
"2017","Mor13Tex","Ezz15Rev",0.803878757792636
"224","Ros80Jou","Gie10Jou",0.803836952468501
"1510","Soo07Urb","Mod15Qua",0.803835837749137
"784","Kru96Jou","Bos08Reg",0.803620436403782
"1913","Gul12Age","Man16Reg",0.803521905092351
"777","Kru96Jou","Del04Con",0.80345981563169
"371","Par83Jou","Pum15Cyb",0.803208049198526
"2071","Ara14Eco","Ezz15Rev",0.803206739159179
"1337","And05Reg","Hol10Nat",0.802749648566298
"544","Ett87Env","Mod15Qua",0.802472664455351
"1879","Ber12Cit","Ama14Int",0.802389665884015
"2113","Ezz15Rev","Pum15Cyb",0.802377419802878
"1959","Del13Eur","Mor13Tow",0.802246242631541
"273","Sua80Jou","Del04Con",0.801973250317568
"782","Kru96Jou","Gan06Eco",0.801783725737273
"333","Par83Jou","Del04Con",0.801721787525262
"1953","She12Com","Li_16Wor",0.801491719912943
"1609","Nis08Jou","Ezz15Rev",0.801040989379861
"434","Par85Jou","Ziq16Asi",0.801039140261173
"6","Pop74Sov","Par85Jou",0.800956718064139
"780","Kru96Jou","Cra05Con",0.800640769025436
"652","Cam90Jou","Ezz15Rev",0.800416992470328
"1837","Roz11Ame","Ezz15Rev",0.80012027223225
"1589","Nis08Jou","Hol10Nat",0.800094691365663
"577","Alp89Jou","Hol10Nat",0.800004596419963
"645","Cam90Jou","Mor13Tow",0.799897843366438
"1358","And05Reg","Faz15Jou",0.799814086036549
"114","Oka79Reg","Mor13Tow",0.799498823992392
"823","Kra98Urb","Bat01Urb",0.799063264251998
"75","Oka79Reg","Kam90Jou",0.799005063131074
"693","Kam90Jou","Sch12Reg",0.798919984968915
"218","Ros80Jou","Soo07Urb",0.798772063742812
"1859","Arr12Reg","Luc14Eco",0.798747206723473
"1049","Bat01Urb","Mor13Tow",0.798658077860573
"1695","Gie10Jou","Mor13Tow",0.798581817508174
"96","Oka79Reg","Nis08Jou",0.798524918493183
"1315","Eec04The","Luc14Eco",0.798485626936673
"1371","Cra05Con","Nis08Jou",0.798271734585262
"1806","Gab11Jou","Ven13Oec",0.798080029598243
"1355","And05Reg","Luc14Eco",0.798028917336458
"1569","LeG08Emp","Mor13Tow",0.797921077096528
"1111","Son02Urb","Bla03Jou",0.797836969726537
"1743","Hol10Nat","Arr12Reg",0.797755426442055
"5","Pop74Sov","Par83Jou",0.79770897951218
"153","Mal80Env","Cra05Con",0.797549764535929
"1672","XuZ09Urb","Ezz15Rev",0.797509564441922
"653","Cam90Jou","Faz15Jou",0.797403061984383
"1381","Cra05Con","Ber12Cit",0.797106258158466
"1391","Cra05Con","Ama14Int",0.797016770218749
"1382","Cra05Con","Gul12Age",0.796972292595442
"296","Sua80Jou","Del13Eur",0.796819072889596
"1283","Del04Con","Man16Reg",0.796436632878203
"1464","Gan06Eco","Mor13Tow",0.796277571588258
"2137","Pum15Cyb","Li_16Wor",0.796117338651413
"1634","Dim09Urb","Mor13Tow",0.795618194877707
"1547","Bos08Reg","Cie16Mis",0.795133849007724
"1226","Nau03Jou","Mor13Tex",0.795011940225944
"1815","Gab11Jou","Mod15Qua",0.794964627147885
"515","Ett87Env","LeG08Emp",0.794898566379623
"1753","Hol10Nat","Ven13Oec",0.794793877066238
"958","Gab99Qua","Kum14Jou",0.794661396145309
"1399","Cra05Con","Mod15Qua",0.794332406953238
"752","Gue95Urb","Mor13Tow",0.794279199425691
"1025","Bat01Urb","Cra05Con",0.794093813021105
"419","Par85Jou","Mor13Tow",0.793356830506287
"1135","Son02Urb","She12Com",0.793197552825053
"1583","LeG08Emp","Man16Reg",0.793193251018788
"1192","Bla03Jou","Faz15Jou",0.792826805677141
"1572","LeG08Emp","Ara14Eco",0.792611135202181
"1119","Son02Urb","Soo07Urb",0.792603847388912
"385","Par85Jou","Gab99Qua",0.792573486011742
"1078","Knu01Ame","Dim09Urb",0.792461048801595
"231","Ros80Jou","Ber12Cit",0.792443288581705
"1160","Bla03Jou","Cra05Con",0.792431340530501
"836","Kra98Urb","LeG08Emp",0.792224633518585
"1886","Ber12Cit","Ign15Dis",0.792143989641947
"1678","XuZ09Urb","Li_16Wor",0.791287461888609
"774","Kru96Jou","Son02Urb",0.79115480528524
"1274","Del04Con","Luc14Eco",0.791063984633816
"553","Alp89Jou","Kru96Jou",0.790964996460416
"602","Alp89Jou","Cie16Mis",0.790483943457971
"1483","Soo07Urb","Dim09Urb",0.790095673233174
"1745","Hol10Nat","Gul12Age",0.79001434476786
"1445","Gan06Eco","LeG08Emp",0.789986951676826
"1518","Bos08Reg","Dim09Urb",0.789938718920802
"447","Mir86Urb","Son02Urb",0.789832340087457
"2127","Ign15Dis","Cie16Mis",0.789585411435153
"733","Gue95Urb","LeG08Emp",0.789548830944108
"816","Kru96Jou","Cie16Mis",0.789280028230135
"175","Mal80Env","Iye13Eur",0.789214637139018
"1129","Son02Urb","Gab11Jou",0.78891437326451
"1612","Nis08Jou","Mod15Qua",0.788702230430082
"1269","Del04Con","Mor13Tow",0.788680322595184
"1607","Nis08Jou","Luc14Eco",0.788558727242404
"689","Kam90Jou","Roz11Ame",0.788528603845833
"1441","Soo05Reg","Man16Reg",0.788097711981049
"78","Oka79Reg","Kra98Urb",0.787992916098169
"425","Par85Jou","Bre15Int",0.78773487596104
"1508","Soo07Urb","Faz15Jou",0.786850449717209
"1923","Sch12Reg","Ara14Eco",0.786529350558345
"119","Oka79Reg","Luc14Eco",0.786372909592629
"790","Kru96Jou","Gon10Jou",0.786347854269377
"668","Kam90Jou","Knu01Ame",0.786185481848905
"1602","Nis08Jou","Mor13Tow",0.785868266827414
"1132","Son02Urb","Ber12Cit",0.785862486096347
"1435","Soo05Reg","Faz15Jou",0.785836462798023
"1124","Son02Urb","XuZ09Urb",0.785680537375106
"2022","Mor13Tex","Cie16Mis",0.785651135315172
"209","Ros80Jou","Son02Urb",0.785553319064987
"930","Gab99Qua","Cra05Con",0.785527357109156
"201","Ros80Jou","Gue95Urb",0.785355471607104
"1556","LeG08Emp","Hol10Nat",0.785017605134674
"854","Kra98Urb","Mor13Tex",0.78497460430187
"1545","Bos08Reg","Mod15Qua",0.784732871171342
"253","Ros80Jou","Man16Reg",0.784722545670896
"1401","Cra05Con","Cie16Mis",0.784464540552736
"1363","And05Reg","Li_16Wor",0.784275514094934
"469","Mir86Urb","Ber12Cit",0.784206450550504
"1189","Bla03Jou","Luc14Eco",0.784140197820149
"695","Kam90Jou","Del13Eur",0.783929495902185
"1522","Bos08Reg","Hol10Nat",0.783733316492778
"1854","Arr12Reg","Mor13Tow",0.783041806227523
"1350","And05Reg","Mor13Tow",0.782741645401821
"59","Pop74Sov","Ign15Dis",0.782609879184077
"57","Pop74Sov","Ezz15Rev",0.782460796435952
"1994","Iye13Eur","Mor13Tow",0.782014194617923
"331","Par83Jou","Bla03Jou",0.781503643246538
"1903","Gul12Age","Kum14Jou",0.781345384897492
"458","Mir86Urb","LeG08Emp",0.78111590519982
"1323","Eec04The","Li_16Wor",0.781058558427537
"1702","Gie10Jou","Ezz15Rev",0.780952380952381
"1746","Hol10Nat","Sch12Reg",0.780314123539376
"1757","Hol10Nat","Luc14Eco",0.780156046815605
"1145","Son02Urb","Luc14Eco",0.779747738661493
"1891","Ber12Cit","Man16Reg",0.779499749432296
"401","Par85Jou","Nis08Jou",0.779316139789051
"54","Pop74Sov","Kum14Jou",0.778311782494156
"1112","Son02Urb","Nau03Jou",0.778049022359825
"1273","Del04Con","Kum14Jou",0.777969996770835
"1456","Gan06Eco","Ber12Cit",0.777168415529098
"665","Kam90Jou","Gab99Qua",0.777125649615858
"650","Cam90Jou","Luc14Eco",0.77704563194592
"1","Pop74Sov","Oka79Reg",0.776898596067356
"132","Mal80Env","Par83Jou",0.776740030719008
"1141","Son02Urb","Ven13Oec",0.776195425677693
"95","Oka79Reg","LeG08Emp",0.776005270250729
"1649","Dim09Urb","Ziq16Asi",0.775447263466607
"400","Par85Jou","LeG08Emp",0.775432169723683
"1234","Nau03Jou","Ezz15Rev",0.775298624499764
"857","Kra98Urb","Ama14Int",0.775217986955275
"90","Oka79Reg","Cra05Con",0.775217091182553
"2123","Faz15Jou","Man16Reg",0.774838067937756
"2086","Kum14Jou","Pum15Cyb",0.774734583721209
"800","Kru96Jou","Del13Eur",0.774596669241483
"345","Par83Jou","Gie10Jou",0.774467794063795
"808","Kru96Jou","Kum14Jou",0.773952743391255
"198","Ros80Jou","Alp89Jou",0.773791056262993
"2098","Luc14Eco","Li_16Wor",0.77341922596264
"1670","XuZ09Urb","Luc14Eco",0.773202144317532
"2103","Bre15Int","Ign15Dis",0.772726299375079
"1404","Cra05Con","Ziq16Asi",0.772539303936907
"910","Bra99Jou","Luc14Eco",0.772103667378952
"1357","And05Reg","Ezz15Rev",0.771733782100677
"383","Par85Jou","Kra98Urb",0.771555401843287
"546","Ett87Env","Cie16Mis",0.771398955541209
"113","Oka79Reg","Mor13Tex",0.771035286380615
"320","Par83Jou","Cam90Jou",0.771014263895824
"793","Kru96Jou","Gab11Jou",0.770784029180635
"1977","Gan13Eco","Mor13Tow",0.770560655755604
"818","Kru96Jou","Man16Reg",0.77005354108682
"348","Par83Jou","Pen10Phy",0.770002344053158
"387","Par85Jou","Bat01Urb",0.769511314690054
"2092","Luc14Eco","Ezz15Rev",0.76924423603812
"282","Sua80Jou","Nis08Jou",0.769233891102556
"1622","Dim09Urb","Pen10Phy",0.769077844059445
"1235","Nau03Jou","Faz15Jou",0.76877126067949
"1463","Gan06Eco","Mor13Tex",0.768538183355123
"395","Par85Jou","Cra05Con",0.768222971861966
"129","Oka79Reg","Ziq16Asi",0.768170688647095
"1387","Cra05Con","Iye13Eur",0.768008242545
"1673","XuZ09Urb","Faz15Jou",0.767780875895714
"768","Kru96Jou","Kra98Urb",0.767571029083089
"181","Mal80Env","Kum14Jou",0.766874773592239
"1813","Gab11Jou","Faz15Jou",0.766704334354576
"365","Par83Jou","Luc14Eco",0.766491991584468
"386","Par85Jou","Bre00Cyb",0.76622004493189
"1240","Nau03Jou","Li_16Wor",0.766188119046597
"2077","Ara14Eco","Li_16Wor",0.765857713285847
"190","Mal80Env","Li_16Wor",0.765712780033515
"814","Kru96Jou","Mod15Qua",0.765525353624375
"807","Kru96Jou","Ara14Eco",0.765034684205029
"120","Oka79Reg","Bre15Int",0.764901710591414
"415","Par85Jou","Del13Eur",0.764894111067326
"1558","LeG08Emp","Gab11Jou",0.764540293979072
"428","Par85Jou","Ign15Dis",0.764107532910546
"1605","Nis08Jou","Ara14Eco",0.763964700274749
"1059","Bat01Urb","Mod15Qua",0.763369679540608
"1317","Eec04The","Ezz15Rev",0.76336519694239
"355","Par83Jou","She12Com",0.763348808058757
"994","Bre00Cyb","Ber12Cit",0.763259724630755
"1150","Son02Urb","Mod15Qua",0.763117818230385
"745","Gue95Urb","Gul12Age",0.76284573927736
"350","Par83Jou","Roz11Ame",0.762570027650461
"63","Pop74Sov","Li_16Wor",0.762554216827636
"145","Mal80Env","Bat01Urb",0.76170690121491
"211","Ros80Jou","Nau03Jou",0.761576423020422
"687","Kam90Jou","Pen10Phy",0.761330299181249
"291","Sua80Jou","Arr12Reg",0.761233775634661
"1474","Gan06Eco","Mod15Qua",0.761094355017366
"1920","Sch12Reg","Mor13Tow",0.760865310972536
"2083","Kum14Jou","Faz15Jou",0.760774487718672
"235","Ros80Jou","Del13Eur",0.760116950066092
"1400","Cra05Con","Pum15Cyb",0.760116950066092
"2119","Faz15Jou","Mod15Qua",0.759526868558446
"14","Pop74Sov","Kra98Urb",0.75930615842194
"1907","Gul12Age","Faz15Jou",0.758705817670128
"108","Oka79Reg","Sch12Reg",0.758588571627972
"527","Ett87Env","Gul12Age",0.758293245442043
"621","Cam90Jou","Cra05Con",0.758259776611223
"1379","Cra05Con","Roz11Ame",0.757978684351117
"1374","Cra05Con","Gie10Jou",0.757864746745074
"1883","Ber12Cit","Bre15Int",0.75785411564219
"2062","Ama14Int","Mod15Qua",0.757297423411109
"473","Mir86Urb","Del13Eur",0.757282445662753
"410","Par85Jou","Arr12Reg",0.757140156632342
"2014","Mor13Tex","Kum14Jou",0.757111660415643
"683","Kam90Jou","XuZ09Urb",0.756811687025754
"2024","Mor13Tex","Man16Reg",0.756685955945182
"672","Kam90Jou","Del04Con",0.756455135069693
"105","Oka79Reg","Arr12Reg",0.756311471718842
"1513","Soo07Urb","Li_16Wor",0.755892203569115
"589","Alp89Jou","Mor13Tex",0.755835222263086
"184","Mal80Env","Ezz15Rev",0.755543562895768
"1032","Bat01Urb","Dim09Urb",0.755396226469542
"1924","Sch12Reg","Kum14Jou",0.75538111721466
"2027","Mor13Tow","Ama14Int",0.754718676398636
"825","Kra98Urb","Son02Urb",0.754445091674388
"802","Kru96Jou","Iye13Eur",0.754275750846365
"1632","Dim09Urb","Iye13Eur",0.753186179045611
"413","Par85Jou","Sch12Reg",0.75287270140698
"99","Oka79Reg","Gie10Jou",0.752851721314174
"82","Oka79Reg","Bat01Urb",0.752689787474006
"530","Ett87Env","Del13Eur",0.751834998140828
"388","Par85Jou","Knu01Ame",0.751758439279704
"499","Ett87Env","Bra99Jou",0.751575281862268
"1648","Dim09Urb","Man16Reg",0.751160093500787
"103","Oka79Reg","Gab11Jou",0.750831508511388
"815","Kru96Jou","Pum15Cyb",0.750582763988561
"344","Par83Jou","XuZ09Urb",0.750508624585318
"1818","Gab11Jou","Li_16Wor",0.750287129135399
"1637","Dim09Urb","Ara14Eco",0.750001536663249
"110","Oka79Reg","Del13Eur",0.75
"81","Oka79Reg","Bre00Cyb",0.74972301028114
"408","Par85Jou","Gab11Jou",0.749494911503709
"286","Sua80Jou","Gon10Jou",0.749179923572805
"1099","Knu01Ame","Kum14Jou",0.748653634099334
"985","Bre00Cyb","Dim09Urb",0.74820441417323
"1118","Son02Urb","Gan06Eco",0.748190055927209
"418","Par85Jou","Mor13Tex",0.748073600266625
"1925","Sch12Reg","Luc14Eco",0.747477627886059
"2122","Faz15Jou","Li_16Wor",0.747364952293577
"1543","Bos08Reg","Faz15Jou",0.747285754883116
"197","Ros80Jou","Ett87Env",0.74720384584075
"1373","Cra05Con","XuZ09Urb",0.747203222080077
"1398","Cra05Con","Ign15Dis",0.747180441146762
"1621","Dim09Urb","Hol10Nat",0.746996118651571
"1366","Cra05Con","Soo05Reg",0.74656596674746
"1431","Soo05Reg","Kum14Jou",0.74656596674746
"1783","Pen10Phy","Kum14Jou",0.74656596674746
"335","Par83Jou","And05Reg",0.745670429490247
"1120","Son02Urb","Bos08Reg",0.745154517704385
"1968","Del13Eur","Ign15Dis",0.74499231548755
"679","Kam90Jou","Bos08Reg",0.744829845516074
"264","Sua80Jou","Kra98Urb",0.744704116913826
"1948","She12Com","Faz15Jou",0.74462396740494
"404","Par85Jou","Gie10Jou",0.744464105329271
"250","Ros80Jou","Pum15Cyb",0.744208407535251
"762","Gue95Urb","Mod15Qua",0.743363425902115
"363","Par83Jou","Ara14Eco",0.743166340232396
"503","Ett87Env","Knu01Ame",0.741856938054915
"1876","Ber12Cit","Mor13Tex",0.741348095599205
"500","Ett87Env","Gab99Qua",0.741120231195527
"1765","Hol10Nat","Li_16Wor",0.740595277041878
"1636","Dim09Urb","Ama14Int",0.7402753475112
"573","Alp89Jou","Dim09Urb",0.740010312307298
"590","Alp89Jou","Mor13Tow",0.739298902484672
"2135","Mod15Qua","Ziq16Asi",0.738656394621146
"1109","Knu01Ame","Man16Reg",0.738515377758084
"2063","Ama14Int","Pum15Cyb",0.738350384521184
"1375","Cra05Con","Gon10Jou",0.737928846476565
"130","Mal80Env","Ros80Jou",0.73747679971004
"239","Ros80Jou","Mor13Tow",0.737351538256956
"1188","Bla03Jou","Kum14Jou",0.736822123651168
"685","Kam90Jou","Gon10Jou",0.736740649293748
"1472","Gan06Eco","Faz15Jou",0.736575118699422
"489","Mir86Urb","Cie16Mis",0.736381738309777
"2006","Iye13Eur","Cie16Mis",0.735019784417109
"718","Gue95Urb","Gab99Qua",0.734774463442889
"582","Alp89Jou","Ber12Cit",0.734455202641797
"2093","Luc14Eco","Faz15Jou",0.734397781534532
"243","Ros80Jou","Kum14Jou",0.734303195847569
"1973","Del13Eur","Man16Reg",0.734130348385798
"421","Par85Jou","Ama14Int",0.733991098826116
"1507","Soo07Urb","Ezz15Rev",0.733808573069711
"193","Ros80Jou","Sua80Jou",0.733799385705343
"664","Kam90Jou","Bra99Jou",0.733185760041523
"702","Kam90Jou","Ara14Eco",0.732310140528434
"384","Par85Jou","Bra99Jou",0.732264718892311
"332","Par83Jou","Nau03Jou",0.73072767199408
"285","Sua80Jou","Gie10Jou",0.730296743340222
"670","Kam90Jou","Bla03Jou",0.729963045930366
"1787","Pen10Phy","Faz15Jou",0.729705286883879
"691","Kam90Jou","Ber12Cit",0.729018882792847
"1716","Gon10Jou","Ber12Cit",0.72870780854422
"2004","Iye13Eur","Mod15Qua",0.728675415055832
"334","Par83Jou","Eec04The",0.728405999703299
"1065","Knu01Ame","Son02Urb",0.728402325769577
"254","Ros80Jou","Ziq16Asi",0.72835704072923
"764","Gue95Urb","Cie16Mis",0.728135851460301
"753","Gue95Urb","Ven13Oec",0.728098704514816
"487","Mir86Urb","Mod15Qua",0.727458308108959
"717","Gue95Urb","Bra99Jou",0.726703095199512
"1812","Gab11Jou","Ezz15Rev",0.726444714666302
"217","Ros80Jou","Gan06Eco",0.726273039202563
"1776","Pen10Phy","Gan13Eco",0.725823617259488
"160","Mal80Env","Dim09Urb",0.725775044598859
"123","Oka79Reg","Ign15Dis",0.724621431860937
"1804","Gab11Jou","Mor13Tex",0.724615721581531
"1606","Nis08Jou","Kum14Jou",0.724357685086626
"1858","Arr12Reg","Kum14Jou",0.724138820544297
"2020","Mor13Tex","Mod15Qua",0.723905394273534
"722","Gue95Urb","Son02Urb",0.723627226986633
"67","Oka79Reg","Ros80Jou",0.723572865928299
"2080","Kum14Jou","Luc14Eco",0.723123253546036
"116","Oka79Reg","Ama14Int",0.722897396012249
"535","Ett87Env","Ven13Oec",0.72263049526902
"79","Oka79Reg","Bra99Jou",0.722236297882072
"1914","Gul12Age","Ziq16Asi",0.721929543660496
"1110","Knu01Ame","Ziq16Asi",0.721798718006415
"1724","Gon10Jou","Mor13Tow",0.721533410358263
"1326","And05Reg","Cra05Con",0.720862287176705
"1756","Hol10Nat","Kum14Jou",0.720576692122892
"707","Kam90Jou","Faz15Jou",0.720521269541406
"442","Mir86Urb","Bra99Jou",0.72006796554819
"504","Ett87Env","Son02Urb",0.719430862794401
"125","Oka79Reg","Pum15Cyb",0.718891894206323
"2043","Ven13Oec","Kum14Jou",0.718588890564501
"2078","Ara14Eco","Man16Reg",0.718046994669133
"368","Par83Jou","Faz15Jou",0.718023000971994
"430","Par85Jou","Pum15Cyb",0.717958158617738
"1834","Roz11Ame","Kum14Jou",0.717227142181702
"1527","Bos08Reg","Ber12Cit",0.716678579902696
"1759","Hol10Nat","Ezz15Rev",0.716368844484171
"1389","Cra05Con","Mor13Tow",0.715628217595839
"407","Par85Jou","Pen10Phy",0.715478157567811
"429","Par85Jou","Mod15Qua",0.71526302894403
"179","Mal80Env","Ama14Int",0.715118104596543
"2094","Luc14Eco","Ign15Dis",0.714941605505401
"2143","Li_16Wor","Man16Reg",0.714614982881229
"1645","Dim09Urb","Pum15Cyb",0.714577438093787
"1286","Eec04The","Cra05Con",0.714005547295417
"2034","Mor13Tow","Ign15Dis",0.713823513540681
"379","Par85Jou","Cam90Jou",0.713816643977327
"1737","Gon10Jou","Li_16Wor",0.71368570117992
"712","Kam90Jou","Li_16Wor",0.712877704995134
"257","Sua80Jou","Mir86Urb",0.712786444967237
"195","Ros80Jou","Par85Jou",0.712413997202464
"847","Kra98Urb","Ber12Cit",0.712048532457429
"1991","Gan13Eco","Man16Reg",0.711491458623208
"1061","Bat01Urb","Cie16Mis",0.711328351713958
"1447","Gan06Eco","Dim09Urb",0.711303297442365
"2064","Ama14Int","Cie16Mis",0.711200711201067
"414","Par85Jou","She12Com",0.711123212090725
"748","Gue95Urb","Del13Eur",0.710669054518701
"698","Kam90Jou","Mor13Tex",0.710342984735756
"349","Par83Jou","Gab11Jou",0.710295350929155
"1535","Bos08Reg","Mor13Tow",0.710211732550849
"2134","Mod15Qua","Man16Reg",0.710115359724922
"551","Alp89Jou","Kam90Jou",0.709361757634356
"1643","Dim09Urb","Ign15Dis",0.709338331126789
"522","Ett87Env","Pen10Phy",0.709027698843566
"2054","Ven13Oec","Ziq16Asi",0.709018563948744
"1574","LeG08Emp","Luc14Eco",0.7083579295218
"1584","LeG08Emp","Ziq16Asi",0.708242973673993
"83","Oka79Reg","Knu01Ame",0.708205057977615
"42","Pop74Sov","Ber12Cit",0.707270349724749
"1140","Son02Urb","Mor13Tow",0.707149479582238
"74","Oka79Reg","Cam90Jou",0.706848665908305
"2068","Ara14Eco","Kum14Jou",0.706552404949866
"2047","Ven13Oec","Faz15Jou",0.705993495334741
"1128","Son02Urb","Pen10Phy",0.70588657875679
"208","Ros80Jou","Knu01Ame",0.705837415242122
"394","Par85Jou","And05Reg",0.705604877622165
"476","Mir86Urb","Mor13Tex",0.7055355472298
"321","Par83Jou","Kam90Jou",0.705495903851225
"810","Kru96Jou","Bre15Int",0.705345615858598
"102","Oka79Reg","Pen10Phy",0.704664263417644
"1384","Cra05Con","She12Com",0.70459925247941
"304","Sua80Jou","Kum14Jou",0.704186850828046
"1699","Gie10Jou","Kum14Jou",0.703731550548997
"249","Ros80Jou","Mod15Qua",0.702097289341084
"420","Par85Jou","Ven13Oec",0.701754759651863
"339","Par83Jou","Soo07Urb",0.701351856836258
"1897","Gul12Age","Iye13Eur",0.700893084782899
"662","Kam90Jou","Kru96Jou",0.700649049745371
"721","Gue95Urb","Knu01Ame",0.700043737278382
"1623","Dim09Urb","Gab11Jou",0.699891339267428
"1104","Knu01Ame","Ign15Dis",0.699791677040315
"680","Kam90Jou","LeG08Emp",0.699606599155286
"1477","Gan06Eco","Li_16Wor",0.699237871978955
"1093","Knu01Ame","Iye13Eur",0.699166148748261
"66","Oka79Reg","Mal80Env",0.698649855646666
"89","Oka79Reg","And05Reg",0.698649855646666
"2033","Mor13Tow","Faz15Jou",0.698569493962129
"791","Kru96Jou","Hol10Nat",0.698412698412698
"511","Ett87Env","Soo05Reg",0.698230322719045
"771","Kru96Jou","Bre00Cyb",0.698148897572914
"595","Alp89Jou","Luc14Eco",0.697770694975288
"969","Gab99Qua","Ziq16Asi",0.697172730921269
"1729","Gon10Jou","Luc14Eco",0.697154525443464
"537","Ett87Env","Ara14Eco",0.696741186218029
"2141","Cie16Mis","Man16Reg",0.696457200105611
"1961","Del13Eur","Ama14Int",0.696123418382166
"392","Par85Jou","Del04Con",0.696086260799785
"1731","Gon10Jou","Ezz15Rev",0.695496175882748
"1885","Ber12Cit","Faz15Jou",0.695388538285154
"227","Ros80Jou","Pen10Phy",0.695285373543216
"505","Ett87Env","Bla03Jou",0.695216311306506
"751","Gue95Urb","Mor13Tex",0.694071162765379
"251","Ros80Jou","Cie16Mis",0.693375245281536
"122","Oka79Reg","Faz15Jou",0.693012624316418
"507","Ett87Env","Del04Con",0.691971178886435
"140","Mal80Env","Kru96Jou",0.691763428215276
"115","Oka79Reg","Ven13Oec",0.69114828395448
"1203","Nau03Jou","Cra05Con",0.690615750552687
"109","Oka79Reg","She12Com",0.690308145751593
"1888","Ber12Cit","Pum15Cyb",0.689879281687633
"1094","Knu01Ame","Mor13Tex",0.689458446583296
"729","Gue95Urb","Soo05Reg",0.688576743024685
"2110","Ezz15Rev","Faz15Jou",0.688347012677631
"709","Kam90Jou","Mod15Qua",0.686546702813322
"2073","Ara14Eco","Ign15Dis",0.686408079560482
"699","Kam90Jou","Mor13Tow",0.685896891270507
"1540","Bos08Reg","Luc14Eco",0.685808911632854
"87","Oka79Reg","Del04Con",0.685565460040104
"260","Sua80Jou","Cam90Jou",0.685010065916315
"440","Mir86Urb","Kru96Jou",0.684353203432982
"706","Kam90Jou","Ezz15Rev",0.68426976275816
"477","Mir86Urb","Mor13Tow",0.683467871224239
"271","Sua80Jou","Bla03Jou",0.68322637324666
"93","Oka79Reg","Soo07Urb",0.683055208001457
"820","Kra98Urb","Bra99Jou",0.683029373768918
"133","Mal80Env","Par85Jou",0.683005433143163
"2142","Cie16Mis","Ziq16Asi",0.682793450870557
"1794","Pen10Phy","Ziq16Asi",0.682723788731839
"1030","Bat01Urb","LeG08Emp",0.680675351940798
"1567","LeG08Emp","Iye13Eur",0.680668179525234
"1045","Bat01Urb","Del13Eur",0.680593064535883
"1751","Hol10Nat","Mor13Tex",0.679401552434321
"409","Par85Jou","Roz11Ame",0.679192111817218
"1778","Pen10Phy","Mor13Tex",0.67915126518301
"1071","Knu01Ame","Cra05Con",0.67877929491673
"849","Kra98Urb","Sch12Reg",0.678756324383562
"1669","XuZ09Urb","Kum14Jou",0.678709593389403
"864","Kra98Urb","Ign15Dis",0.678348387188445
"2010","Mor13Tex","Mor13Tow",0.677874149518008
"1395","Cra05Con","Bre15Int",0.677674147571697
"1471","Gan06Eco","Ezz15Rev",0.677630927178938
"809","Kru96Jou","Luc14Eco",0.676802040613538
"1548","Bos08Reg","Li_16Wor",0.676006770800598
"124","Oka79Reg","Mod15Qua",0.675989663616579
"2079","Ara14Eco","Ziq16Asi",0.67580128957085
"398","Par85Jou","Soo07Urb",0.675754473556805
"290","Sua80Jou","Roz11Ame",0.675429700294173
"649","Cam90Jou","Kum14Jou",0.675325113544371
"88","Oka79Reg","Eec04The",0.675281350224323
"347","Par83Jou","Hol10Nat",0.674818261299343
"700","Kam90Jou","Ven13Oec",0.674199862463242
"1018","Bat01Urb","Knu01Ame",0.673982282798743
"313","Sua80Jou","Li_16Wor",0.672841956024385
"2044","Ven13Oec","Luc14Eco",0.672485142146196
"196","Ros80Jou","Mir86Urb",0.672482899872069
"533","Ett87Env","Mor13Tex",0.672105870263747
"1103","Knu01Ame","Faz15Jou",0.671830208961368
"390","Par85Jou","Bla03Jou",0.67144371135217
"450","Mir86Urb","Del04Con",0.671050559800971
"2116","Ezz15Rev","Man16Reg",0.670839073591157
"1639","Dim09Urb","Luc14Eco",0.670820393249937
"247","Ros80Jou","Faz15Jou",0.67068941201404
"1037","Bat01Urb","Pen10Phy",0.670612590965045
"528","Ett87Env","Sch12Reg",0.670569626265752
"104","Oka79Reg","Roz11Ame",0.67024085068538
"772","Kru96Jou","Bat01Urb",0.670150577413155
"393","Par85Jou","Eec04The",0.669908229974697
"746","Gue95Urb","Sch12Reg",0.669705609939962
"485","Mir86Urb","Faz15Jou",0.669580445367155
"1127","Son02Urb","Hol10Nat",0.669438681395203
"1138","Son02Urb","Iye13Eur",0.669097202764537
"1944","She12Com","Kum14Jou",0.668923340961465
"422","Par85Jou","Ara14Eco",0.668635664284261
"1002","Bre00Cyb","Mor13Tow",0.668591784563585
"598","Alp89Jou","Faz15Jou",0.667637743390871
"1542","Bos08Reg","Ezz15Rev",0.667417852208487
"1143","Son02Urb","Ara14Eco",0.666901734941715
"1957","Del13Eur","Iye13Eur",0.666817889684755
"1571","LeG08Emp","Ama14Int",0.666501610878456
"2031","Mor13Tow","Bre15Int",0.666477368755268
"255","Sua80Jou","Par83Jou",0.666321618180762
"346","Par83Jou","Gon10Jou",0.665672483982389
"856","Kra98Urb","Ven13Oec",0.665563826099023
"470","Mir86Urb","Gul12Age",0.665475125648692
"275","Sua80Jou","And05Reg",0.665081120211164
"391","Par85Jou","Nau03Jou",0.664943811670961
"848","Kra98Urb","Gul12Age",0.664930219017039
"920","Bra99Jou","Ziq16Asi",0.664509556008088
"723","Gue95Urb","Bla03Jou",0.664319379177962
"740","Gue95Urb","Pen10Phy",0.663537588732878
"1376","Cra05Con","Hol10Nat",0.663388065763932
"226","Ros80Jou","Hol10Nat",0.663190834284692
"952","Gab99Qua","Iye13Eur",0.662217630051365
"1231","Nau03Jou","Kum14Jou",0.661840094279658
"471","Mir86Urb","Sch12Reg",0.661444786863303
"1999","Iye13Eur","Luc14Eco",0.661271360415927
"403","Par85Jou","XuZ09Urb",0.660591988943505
"1154","Son02Urb","Man16Reg",0.659700445931768
"725","Gue95Urb","Del04Con",0.65928863838539
"1314","Eec04The","Kum14Jou",0.659082043657308
"560","Alp89Jou","Son02Urb",0.658508643552713
"597","Alp89Jou","Ezz15Rev",0.657791633186249
"206","Ros80Jou","Bre00Cyb",0.657550578426081
"914","Bra99Jou","Ign15Dis",0.656849926023737
"1369","Cra05Con","Bos08Reg",0.656583483726077
"301","Sua80Jou","Ven13Oec",0.656004866512314
"92","Oka79Reg","Gan06Eco",0.655562281375236
"1377","Cra05Con","Pen10Phy",0.655521336656307
"922","Gab99Qua","Bat01Urb",0.654951931481197
"1777","Pen10Phy","Iye13Eur",0.654479526631007
"1403","Cra05Con","Man16Reg",0.654476952208143
"1149","Son02Urb","Ign15Dis",0.654370857780353
"1578","LeG08Emp","Ign15Dis",0.651992566693328
"1368","Cra05Con","Soo07Urb",0.651712087955672
"397","Par85Jou","Gan06Eco",0.651609540013212
"983","Bre00Cyb","LeG08Emp",0.651573470171109
"821","Kra98Urb","Gab99Qua",0.651359432250386
"1788","Pen10Phy","Ign15Dis",0.65108517166108
"873","Bra99Jou","Bat01Urb",0.650923339360989
"427","Par85Jou","Faz15Jou",0.650267539348326
"2072","Ara14Eco","Faz15Jou",0.650218242369626
"85","Oka79Reg","Bla03Jou",0.650086967510219
"1425","Soo05Reg","Iye13Eur",0.64888568452305
"603","Alp89Jou","Li_16Wor",0.648414657706696
"524","Ett87Env","Roz11Ame",0.648414283290927
"274","Sua80Jou","Eec04The",0.64833875193058
"284","Sua80Jou","XuZ09Urb",0.648020736995381
"242","Ros80Jou","Ara14Eco",0.647843336514705
"1442","Soo05Reg","Ziq16Asi",0.646149300049776
"1052","Bat01Urb","Ara14Eco",0.645554170722276
"338","Par83Jou","Gan06Eco",0.644780491678874
"1354","And05Reg","Kum14Jou",0.644174809817481
"443","Mir86Urb","Gab99Qua",0.644109071273331
"525","Ett87Env","Arr12Reg",0.644090640268062
"1997","Iye13Eur","Ara14Eco",0.644010018082207
"682","Kam90Jou","Dim09Urb",0.643519733231875
"851","Kra98Urb","Del13Eur",0.643425740276541
"907","Bra99Jou","Ama14Int",0.642716401381691
"1640","Dim09Urb","Bre15Int",0.642680132269855
"228","Ros80Jou","Gab11Jou",0.642654776515094
"98","Oka79Reg","XuZ09Urb",0.642575463121999
"312","Sua80Jou","Cie16Mis",0.642539604115686
"1199","Bla03Jou","Ziq16Asi",0.642256570221529
"280","Sua80Jou","Bos08Reg",0.64148717173907
"518","Ett87Env","XuZ09Urb",0.641221177544302
"755","Gue95Urb","Ara14Eco",0.640603875834222
"86","Oka79Reg","Nau03Jou",0.639648203509613
"743","Gue95Urb","Arr12Reg",0.639326830670239
"951","Gab99Qua","Gan13Eco",0.638813743738572
"539","Ett87Env","Luc14Eco",0.638201388329132
"903","Bra99Jou","Iye13Eur",0.637513780268859
"1781","Pen10Phy","Ama14Int",0.636749951359381
"1974","Del13Eur","Ziq16Asi",0.636682012212006
"1392","Cra05Con","Ara14Eco",0.63667359566911
"529","Ett87Env","She12Com",0.635525527730054
"2099","Luc14Eco","Man16Reg",0.634532567286635
"686","Kam90Jou","Hol10Nat",0.63392056881724
"1982","Gan13Eco","Luc14Eco",0.633769434243513
"266","Sua80Jou","Gab99Qua",0.633728178149434
"1097","Knu01Ame","Ama14Int",0.63348535405256
"2013","Mor13Tex","Ara14Eco",0.632810121392547
"293","Sua80Jou","Gul12Age",0.632455532033676
"374","Par83Jou","Man16Reg",0.630472021957995
"734","Gue95Urb","Nis08Jou",0.63016461184085
"1278","Del04Con","Ign15Dis",0.629087567527812
"837","Kra98Urb","Nis08Jou",0.629013571610354
"521","Ett87Env","Hol10Nat",0.628488160463429
"1042","Bat01Urb","Gul12Age",0.62783999748864
"158","Mal80Env","LeG08Emp",0.627044493520613
"237","Ros80Jou","Iye13Eur",0.626612118820076
"1874","Ber12Cit","Gan13Eco",0.62631532554116
"2089","Kum14Jou","Man16Reg",0.62602143254692
"307","Sua80Jou","Ezz15Rev",0.625968637148761
"1036","Bat01Urb","Hol10Nat",0.625473872252278
"516","Ett87Env","Nis08Jou",0.625292773445955
"1142","Son02Urb","Ama14Int",0.624758017671771
"340","Par83Jou","Bos08Reg",0.624620123165863
"494","Ett87Env","Cam90Jou",0.622920072274347
"1809","Gab11Jou","Kum14Jou",0.622731309856396
"1754","Hol10Nat","Ama14Int",0.622171016838255
"2126","Ign15Dis","Pum15Cyb",0.621446537892033
"736","Gue95Urb","XuZ09Urb",0.620770144133485
"176","Mal80Env","Mor13Tex",0.619724600873268
"117","Oka79Reg","Ara14Eco",0.619719068722216
"747","Gue95Urb","She12Com",0.619358054550652
"1580","LeG08Emp","Pum15Cyb",0.619345733927822
"607","Cam90Jou","Gue95Urb",0.619094528996001
"13","Pop74Sov","Kru96Jou",0.617213399848368
"812","Kru96Jou","Faz15Jou",0.617017552342295
"454","Mir86Urb","Soo05Reg",0.61700954501769
"310","Sua80Jou","Mod15Qua",0.616602720565715
"1012","Bre00Cyb","Mod15Qua",0.616561740975872
"742","Gue95Urb","Roz11Ame",0.616413382143562
"2015","Mor13Tex","Luc14Eco",0.615613541420203
"956","Gab99Qua","Ama14Int",0.615158503644139
"277","Sua80Jou","Soo05Reg",0.614129605550647
"1802","Gab11Jou","Gan13Eco",0.613958116188662
"2055","Ama14Int","Ara14Eco",0.613413947549809
"828","Kra98Urb","Del04Con",0.613016426704323
"855","Kra98Urb","Mor13Tow",0.612226710011622
"169","Mal80Env","Ber12Cit",0.612128001010424
"1019","Bat01Urb","Son02Urb",0.611760980290496
"50","Pop74Sov","Mor13Tow",0.610785564835303
"468","Mir86Urb","Arr12Reg",0.61042175631407
"506","Ett87Env","Nau03Jou",0.610210643154238
"1054","Bat01Urb","Luc14Eco",0.609959029453483
"2057","Ama14Int","Luc14Eco",0.609849578616645
"846","Kra98Urb","Arr12Reg",0.609503600874238
"459","Mir86Urb","Nis08Jou",0.609221656208118
"101","Oka79Reg","Hol10Nat",0.608611668689737
"1504","Soo07Urb","Kum14Jou",0.608264615425294
"1995","Iye13Eur","Ven13Oec",0.608038624420381
"1728","Gon10Jou","Kum14Jou",0.606155838177178
"448","Mir86Urb","Bla03Jou",0.604764408901475
"446","Mir86Urb","Knu01Ame",0.603350165628023
"1955","She12Com","Ziq16Asi",0.603127509614536
"1908","Gul12Age","Ign15Dis",0.600558682983867
"478","Mir86Urb","Ven13Oec",0.600364236728173
"1680","XuZ09Urb","Ziq16Asi",0.600333611368563
"519","Ett87Env","Gie10Jou",0.599189702451709
"245","Ros80Jou","Bre15Int",0.59898498147845
"2036","Mor13Tow","Pum15Cyb",0.598357251954201
"1271","Del04Con","Ama14Int",0.597524060964669
"1436","Soo05Reg","Ign15Dis",0.597255295263905
"128","Oka79Reg","Man16Reg",0.596480908063461
"1022","Bat01Urb","Del04Con",0.595648209432315
"863","Kra98Urb","Faz15Jou",0.595574252341618
"713","Kam90Jou","Man16Reg",0.594874438924824
"319","Par83Jou","Alp89Jou",0.594601411146802
"272","Sua80Jou","Nau03Jou",0.594191061718164
"1284","Del04Con","Ziq16Asi",0.593557982427413
"1020","Bat01Urb","Bla03Jou",0.593460282809971
"26","Pop74Sov","Cra05Con",0.592999453328881
"1193","Bla03Jou","Ign15Dis",0.592992462056964
"566","Alp89Jou","Cra05Con",0.592748978363819
"207","Ros80Jou","Bat01Urb",0.591860964414452
"757","Gue95Urb","Luc14Eco",0.589684044830172
"2060","Ama14Int","Faz15Jou",0.588632004853381
"806","Kru96Jou","Ama14Int",0.587605960347241
"508","Ett87Env","Eec04The",0.587582411212474
"186","Mal80Env","Ign15Dis",0.587277156135749
"1155","Son02Urb","Ziq16Asi",0.587220219514703
"737","Gue95Urb","Gie10Jou",0.586205052551037
"279","Sua80Jou","Soo07Urb",0.586138449693065
"482","Mir86Urb","Luc14Eco",0.585239048452013
"972","Bre00Cyb","Son02Urb",0.585175482871257
"2050","Ven13Oec","Pum15Cyb",0.584542234152337
"295","Sua80Jou","She12Com",0.584428865250041
"1845","Roz11Ame","Ziq16Asi",0.583889276246455
"1050","Bat01Urb","Ven13Oec",0.583884802730303
"1182","Bla03Jou","Iye13Eur",0.582968799023528
"995","Bre00Cyb","Gul12Age",0.58222195133284
"509","Ett87Env","And05Reg",0.580544974457925
"406","Par85Jou","Hol10Nat",0.580499916353049
"703","Kam90Jou","Kum14Jou",0.579667133805243
"867","Kra98Urb","Cie16Mis",0.579500556964692
"1026","Bat01Urb","Soo05Reg",0.579165419469811
"100","Oka79Reg","Gon10Jou",0.579001436662194
"2118","Faz15Jou","Ign15Dis",0.578599830644026
"542","Ett87Env","Faz15Jou",0.578055543305447
"1267","Del04Con","Iye13Eur",0.578034292810807
"1901","Gul12Age","Ama14Int",0.57681790368297
"1935","Sch12Reg","Ziq16Asi",0.576736320599511
"724","Gue95Urb","Nau03Jou",0.576584142208934
"314","Sua80Jou","Man16Reg",0.575828921962436
"2021","Mor13Tex","Pum15Cyb",0.575493406174613
"1014","Bre00Cyb","Cie16Mis",0.575218335008989
"963","Gab99Qua","Ign15Dis",0.574764773392631
"727","Gue95Urb","And05Reg",0.57471995815617
"739","Gue95Urb","Hol10Nat",0.574073963244459
"405","Par85Jou","Gon10Jou",0.573863898325148
"865","Kra98Urb","Mod15Qua",0.573750377394363
"1761","Hol10Nat","Ign15Dis",0.573204267752868
"872","Bra99Jou","Bre00Cyb",0.57219429833551
"1394","Cra05Con","Luc14Eco",0.571771874896866
"147","Mal80Env","Son02Urb",0.571256223705846
"726","Gue95Urb","Eec04The",0.571161527237329
"660","Cam90Jou","Ziq16Asi",0.571140843025924
"832","Kra98Urb","Soo05Reg",0.570335925066546
"1910","Gul12Age","Pum15Cyb",0.570157316079839
"462","Mir86Urb","Gie10Jou",0.570121392738211
"2025","Mor13Tex","Ziq16Asi",0.569164403036835
"68","Oka79Reg","Sua80Jou",0.567733589433837
"467","Mir86Urb","Roz11Ame",0.567274763600709
"1186","Bla03Jou","Ama14Int",0.567176419303872
"465","Mir86Urb","Pen10Phy",0.56698174407031
"1767","Hol10Nat","Ziq16Asi",0.566688054128549
"921","Gab99Qua","Bre00Cyb",0.566584748839877
"263","Sua80Jou","Kru96Jou",0.565778949861004
"998","Bre00Cyb","Del13Eur",0.565364892998893
"1905","Gul12Age","Bre15Int",0.564444407135674
"826","Kra98Urb","Bla03Jou",0.564161286290475
"258","Sua80Jou","Ett87Env",0.564076074817766
"1918","Sch12Reg","Iye13Eur",0.563854322900307
"2100","Luc14Eco","Ziq16Asi",0.562971686388806
"1869","Arr12Reg","Ziq16Asi",0.561968544469606
"131","Mal80Env","Sua80Jou",0.561624057067205
"1242","Nau03Jou","Ziq16Asi",0.561474506093257
"1378","Cra05Con","Gab11Jou",0.561019198068825
"262","Sua80Jou","Gue95Urb",0.560611910581388
"609","Cam90Jou","Kra98Urb",0.560142543295221
"1839","Roz11Ame","Ign15Dis",0.559904067655758
"1003","Bre00Cyb","Ven13Oec",0.559643341018937
"1979","Gan13Eco","Ama14Int",0.559581373109678
"1993","Iye13Eur","Mor13Tex",0.559025371329698
"1367","Cra05Con","Gan06Eco",0.556348640264187
"813","Kru96Jou","Ign15Dis",0.556029608044917
"965","Gab99Qua","Pum15Cyb",0.555435031515618
"200","Ros80Jou","Kam90Jou",0.555330179615342
"480","Mir86Urb","Ara14Eco",0.554630075983223
"1938","She12Com","Iye13Eur",0.553467760942972
"1039","Bat01Urb","Roz11Ame",0.552578213930505
"399","Par85Jou","Bos08Reg",0.552408036848902
"1980","Gan13Eco","Ara14Eco",0.551458883071245
"1985","Gan13Eco","Faz15Jou",0.551366041869047
"548","Ett87Env","Man16Reg",0.551194963992683
"1852","Arr12Reg","Iye13Eur",0.551088723080063
"287","Sua80Jou","Hol10Nat",0.551083392721757
"33","Pop74Sov","Dim09Urb",0.550782483869826
"94","Oka79Reg","Bos08Reg",0.547734893459887
"1001","Bre00Cyb","Mor13Tex",0.547527697427856
"1575","LeG08Emp","Bre15Int",0.545712932274085
"433","Par85Jou","Man16Reg",0.545071142319888
"1828","Roz11Ame","Iye13Eur",0.544576852916036
"1046","Bat01Urb","Gan13Eco",0.544405127716051
"840","Kra98Urb","Gie10Jou",0.543854991334223
"760","Gue95Urb","Faz15Jou",0.54345117406066
"1092","Knu01Ame","Gan13Eco",0.542581537141228
"437","Mir86Urb","Cam90Jou",0.54251765516807
"1429","Soo05Reg","Ama14Int",0.542416625232065
"1600","Nis08Jou","Iye13Eur",0.540418024905992
"513","Ett87Env","Soo07Urb",0.538878543354943
"1236","Nau03Jou","Ign15Dis",0.538182909440544
"766","Gue95Urb","Man16Reg",0.53802758684897
"178","Mal80Env","Ven13Oec",0.53791941096544
"1043","Bat01Urb","Sch12Reg",0.536133211980158
"461","Mir86Urb","XuZ09Urb",0.536032559931738
"1987","Gan13Eco","Mod15Qua",0.535708653717024
"523","Ett87Env","Gab11Jou",0.535596213339778
"1929","Sch12Reg","Ign15Dis",0.535417943693732
"960","Gab99Qua","Bre15Int",0.535117038076165
"1468","Gan06Eco","Kum14Jou",0.534950615638641
"1057","Bat01Urb","Faz15Jou",0.534786438542605
"2104","Bre15Int","Mod15Qua",0.534560352487481
"1617","Nis08Jou","Ziq16Asi",0.534470118163805
"464","Mir86Urb","Hol10Nat",0.53421449043493
"971","Bre00Cyb","Knu01Ame",0.53412280011212
"256","Sua80Jou","Par85Jou",0.533971145376093
"1151","Son02Urb","Pum15Cyb",0.533333333333333
"1325","Eec04The","Ziq16Asi",0.533210770230869
"1832","Roz11Ame","Ama14Int",0.533072461130839
"1663","XuZ09Urb","Iye13Eur",0.531775296296678
"1750","Hol10Nat","Iye13Eur",0.530569743995968
"731","Gue95Urb","Soo07Urb",0.530234771056422
"1981","Gan13Eco","Kum14Jou",0.529619939671158
"1539","Bos08Reg","Kum14Jou",0.528914473001562
"241","Ros80Jou","Ama14Int",0.52835246525726
"302","Sua80Jou","Ama14Int",0.528016896811051
"259","Sua80Jou","Alp89Jou",0.527249730196496
"1048","Bat01Urb","Mor13Tex",0.526243644887557
"1989","Gan13Eco","Cie16Mis",0.525895100343839
"839","Kra98Urb","XuZ09Urb",0.524989396229205
"643","Cam90Jou","Iye13Eur",0.524114782584975
"1365","And05Reg","Ziq16Asi",0.523717758957186
"675","Kam90Jou","Cra05Con",0.523570314404736
"1922","Sch12Reg","Ama14Int",0.523494270540614
"1225","Nau03Jou","Iye13Eur",0.522821466157924
"2041","Ven13Oec","Ama14Int",0.522488151350618
"1863","Arr12Reg","Ign15Dis",0.521280439032746
"1033","Bat01Urb","XuZ09Urb",0.521185332729858
"170","Mal80Env","Gul12Age",0.520340126168102
"1101","Knu01Ame","Bre15Int",0.51884299281652
"472","Mir86Urb","She12Com",0.518674192118846
"845","Kra98Urb","Roz11Ame",0.518592031316491
"2106","Bre15Int","Cie16Mis",0.518321055348816
"520","Ett87Env","Gon10Jou",0.518313094937585
"1307","Eec04The","Gan13Eco",0.517470576156328
"292","Sua80Jou","Ber12Cit",0.517143911626698
"1827","Roz11Ame","Gan13Eco",0.516851964942043
"2012","Mor13Tex","Ama14Int",0.516092037738986
"1693","Gie10Jou","Iye13Eur",0.515526786836268
"378","Par85Jou","Alp89Jou",0.515083169494246
"2145","Man16Reg","Ziq16Asi",0.514402372042525
"177","Mal80Env","Mor13Tow",0.513674204794945
"1803","Gab11Jou","Iye13Eur",0.51359390306467
"741","Gue95Urb","Gab11Jou",0.513020468878069
"1044","Bat01Urb","She12Com",0.512620237799677
"1461","Gan06Eco","Gan13Eco",0.511766315719159
"143","Mal80Env","Gab99Qua",0.511760760448841
"1497","Soo07Urb","Gan13Eco",0.511684141432649
"1949","She12Com","Ign15Dis",0.511009827657916
"2045","Ven13Oec","Bre15Int",0.510890403671822
"830","Kra98Urb","And05Reg",0.510611303653461
"1674","XuZ09Urb","Ign15Dis",0.510152748796517
"1040","Bat01Urb","Arr12Reg",0.509689366575964
"449","Mir86Urb","Nau03Jou",0.508237601416078
"1710","Gie10Jou","Ziq16Asi",0.507416263404925
"1021","Bat01Urb","Nau03Jou",0.506947408249989
"1704","Gie10Jou","Ign15Dis",0.506763202185627
"452","Mir86Urb","And05Reg",0.505664861109486
"697","Kam90Jou","Iye13Eur",0.50550508424707
"916","Bra99Jou","Pum15Cyb",0.504574704428801
"738","Gue95Urb","Gon10Jou",0.502834159209949
"1146","Son02Urb","Bre15Int",0.502233816036066
"594","Alp89Jou","Kum14Jou",0.501556827846309
"2048","Ven13Oec","Ign15Dis",0.500465918779397
"244","Ros80Jou","Luc14Eco",0.499434068862219
"869","Kra98Urb","Man16Reg",0.498891150657377
"990","Bre00Cyb","Pen10Phy",0.497990544859075
"43","Pop74Sov","Gul12Age",0.496929346597888
"451","Mir86Urb","Eec04The",0.496708011642509
"73","Oka79Reg","Alp89Jou",0.49626986991332
"142","Mal80Env","Bra99Jou",0.496012860787225
"850","Kra98Urb","She12Com",0.495465555281483
"829","Kra98Urb","Eec04The",0.494992484046486
"1031","Bat01Urb","Nis08Jou",0.494939002526676
"278","Sua80Jou","Gan06Eco",0.494871659305394
"975","Bre00Cyb","Del04Con",0.494801671862949
"1515","Soo07Urb","Ziq16Asi",0.49452256808016
"979","Bre00Cyb","Soo05Reg",0.494381917722415
"996","Bre00Cyb","Sch12Reg",0.493749645843127
"841","Kra98Urb","Gon10Jou",0.49320711639337
"1063","Bat01Urb","Man16Reg",0.49223404865076
"62","Pop74Sov","Cie16Mis",0.491353814911995
"309","Sua80Jou","Ign15Dis",0.490435524288688
"973","Bre00Cyb","Bla03Jou",0.490415817774343
"1856","Arr12Reg","Ama14Int",0.490250239767411
"1348","And05Reg","Iye13Eur",0.490019834402734
"2019","Mor13Tex","Ign15Dis",0.489898519500992
"1814","Gab11Jou","Ign15Dis",0.489653844862787
"171","Mal80Env","Sch12Reg",0.48883331557608
"1611","Nis08Jou","Ign15Dis",0.486959234442545
"1308","Eec04The","Iye13Eur",0.485089590290457
"267","Sua80Jou","Bre00Cyb",0.484770211505289
"1667","XuZ09Urb","Ama14Int",0.483870967741936
"1034","Bat01Urb","Gie10Jou",0.483311455410774
"1986","Gan13Eco","Ign15Dis",0.482653649581711
"613","Cam90Jou","Bat01Urb",0.482618917237315
"1785","Pen10Phy","Bre15Int",0.481249018286424
"1820","Gab11Jou","Ziq16Asi",0.480795473068998
"1990","Gan13Eco","Li_16Wor",0.480743129400795
"495","Ett87Env","Kam90Jou",0.480477416652847
"1005","Bre00Cyb","Ara14Eco",0.480081819732029
"824","Kra98Urb","Knu01Ame",0.479798374893678
"1229","Nau03Jou","Ama14Int",0.47917100588706
"708","Kam90Jou","Ign15Dis",0.479080095974777
"20","Pop74Sov","Son02Urb",0.478920744346159
"1604","Nis08Jou","Ama14Int",0.478649738167177
"1931","Sch12Reg","Pum15Cyb",0.478481659128937
"2002","Iye13Eur","Faz15Jou",0.476530540955245
"661","Kam90Jou","Gue95Urb",0.475690016434586
"268","Sua80Jou","Bat01Urb",0.475669803739848
"1023","Bat01Urb","Eec04The",0.475043486883005
"1697","Gie10Jou","Ama14Int",0.473247433844657
"1433","Soo05Reg","Bre15Int",0.473228201314984
"493","Ett87Env","Alp89Jou",0.4731506154104
"3","Pop74Sov","Ros80Jou",0.471728176524863
"514","Ett87Env","Bos08Reg",0.471348136875503
"1692","Gie10Jou","Gan13Eco",0.4707919090692
"463","Mir86Urb","Gon10Jou",0.470648734015981
"654","Cam90Jou","Ign15Dis",0.470334579148975
"261","Sua80Jou","Kam90Jou",0.468487480601691
"1942","She12Com","Ama14Int",0.467833088446754
"60","Pop74Sov","Mod15Qua",0.467767581118818
"1224","Nau03Jou","Gan13Eco",0.467746906669938
"911","Bra99Jou","Bre15Int",0.465571037363813
"512","Ett87Env","Gan06Eco",0.465242105199235
"289","Sua80Jou","Gab11Jou",0.464925998672144
"1956","Del13Eur","Gan13Eco",0.464448794141344
"732","Gue95Urb","Bos08Reg",0.463974920952337
"438","Mir86Urb","Kam90Jou",0.462366728044251
"19","Pop74Sov","Knu01Ame",0.461709243583729
"269","Sua80Jou","Knu01Ame",0.461709243583729
"2131","Mod15Qua","Pum15Cyb",0.461225054974409
"2066","Ama14Int","Man16Reg",0.460677879497967
"843","Kra98Urb","Pen10Phy",0.459138354770553
"605","Alp89Jou","Ziq16Asi",0.457921883154498
"16","Pop74Sov","Gab99Qua",0.457692573107925
"288","Sua80Jou","Pen10Phy",0.456210564123338
"730","Gue95Urb","Gan06Eco",0.456079661910787
"1965","Del13Eur","Bre15Int",0.455298637256794
"1424","Soo05Reg","Gan13Eco",0.455289359917315
"552","Alp89Jou","Gue95Urb",0.454570023906006
"1319","Eec04The","Ign15Dis",0.454240508171068
"1038","Bat01Urb","Gab11Jou",0.453930288008212
"1498","Soo07Urb","Iye13Eur",0.453805031486659
"55","Pop74Sov","Luc14Eco",0.453742606486515
"300","Sua80Jou","Mor13Tow",0.453163483587483
"248","Ros80Jou","Ign15Dis",0.451765870225871
"2070","Ara14Eco","Bre15Int",0.451451595954039
"311","Sua80Jou","Pum15Cyb",0.450748935855209
"842","Kra98Urb","Hol10Nat",0.450628784197508
"31","Pop74Sov","LeG08Emp",0.449977042573258
"1438","Soo05Reg","Pum15Cyb",0.449829682541091
"111","Oka79Reg","Gan13Eco",0.449466574975495
"1181","Bla03Jou","Gan13Eco",0.448364142799123
"466","Mir86Urb","Gab11Jou",0.446995141545323
"1359","And05Reg","Ign15Dis",0.446935188676839
"993","Bre00Cyb","Arr12Reg",0.446835223010341
"834","Kra98Urb","Soo07Urb",0.445058534539832
"647","Cam90Jou","Ama14Int",0.44499677894401
"2016","Mor13Tex","Bre15Int",0.444664999210262
"1312","Eec04The","Ama14Int",0.444589371268487
"491","Mir86Urb","Man16Reg",0.443017895448487
"1937","She12Com","Gan13Eco",0.442781770822557
"827","Kra98Urb","Nau03Jou",0.442149473793036
"159","Mal80Env","Nis08Jou",0.442125995801502
"1984","Gan13Eco","Ezz15Rev",0.441367414752375
"1739","Gon10Jou","Ziq16Asi",0.441132588473548
"1024","Bat01Urb","And05Reg",0.440762982163684
"1970","Del13Eur","Pum15Cyb",0.439977552738296
"984","Bre00Cyb","Nis08Jou",0.439446419630936
"1613","Nis08Jou","Pum15Cyb",0.438229910601107
"456","Mir86Urb","Soo07Urb",0.437686377139867
"173","Mal80Env","Del13Eur",0.436913774032723
"303","Sua80Jou","Ara14Eco",0.433948946665029
"531","Ett87Env","Gan13Eco",0.432506887052342
"2136","Pum15Cyb","Cie16Mis",0.432306475649959
"989","Bre00Cyb","Hol10Nat",0.430676267983291
"1479","Gan06Eco","Ziq16Asi",0.42980119129594
"2091","Luc14Eco","Bre15Int",0.429641416935821
"986","Bre00Cyb","XuZ09Urb",0.429432009399408
"1807","Gab11Jou","Ama14Int",0.428697113767912
"1599","Nis08Jou","Gan13Eco",0.428549564355483
"2008","Iye13Eur","Man16Reg",0.428339843456133
"992","Bre00Cyb","Roz11Ame",0.428033339344736
"1195","Bla03Jou","Pum15Cyb",0.427978771840063
"1550","Bos08Reg","Ziq16Asi",0.427393757610864
"1007","Bre00Cyb","Luc14Eco",0.426590835035984
"1266","Del04Con","Gan13Eco",0.426149347893024
"1865","Arr12Reg","Pum15Cyb",0.425332420856454
"1106","Knu01Ame","Pum15Cyb",0.42490135669892
"1896","Gul12Age","Gan13Eco",0.424705992864688
"1662","XuZ09Urb","Gan13Eco",0.424198782841208
"835","Kra98Urb","Bos08Reg",0.422157580760008
"305","Sua80Jou","Luc14Eco",0.421332420308907
"298","Sua80Jou","Iye13Eur",0.421271332882665
"27","Pop74Sov","Soo05Reg",0.421117443806158
"38","Pop74Sov","Pen10Phy",0.421117443806158
"902","Bra99Jou","Gan13Eco",0.420372615278896
"1975","Gan13Eco","Iye13Eur",0.419597294212592
"1028","Bat01Urb","Soo07Urb",0.418212541994818
"612","Cam90Jou","Bre00Cyb",0.417941720478515
"997","Bre00Cyb","She12Com",0.41714281642369
"168","Mal80Env","Arr12Reg",0.416745265447082
"357","Par83Jou","Gan13Eco",0.41644148157799
"656","Cam90Jou","Pum15Cyb",0.414263140668029
"1280","Del04Con","Pum15Cyb",0.412568498503517
"1010","Bre00Cyb","Faz15Jou",0.411189663771325
"1190","Bla03Jou","Bre15Int",0.410294660631495
"2124","Faz15Jou","Ziq16Asi",0.410137596290288
"150","Mal80Env","Del04Con",0.407634221015625
"1352","And05Reg","Ama14Int",0.407220031784142
"858","Kra98Urb","Ara14Eco",0.406849602408582
"696","Kam90Jou","Gan13Eco",0.406557814090871
"187","Mal80Env","Mod15Qua",0.404748648748963
"1926","Sch12Reg","Bre15Int",0.402786247777263
"1790","Pen10Phy","Pum15Cyb",0.401386485959743
"1462","Gan06Eco","Iye13Eur",0.400986166593039
"714","Kam90Jou","Ziq16Asi",0.400626468668908
"2138","Pum15Cyb","Man16Reg",0.400146172122548
"154","Mal80Env","Soo05Reg",0.399369428103032
"46","Pop74Sov","Del13Eur",0.398409536444798
"1676","XuZ09Urb","Pum15Cyb",0.397573283972945
"1509","Soo07Urb","Ign15Dis",0.397555375792841
"416","Par85Jou","Gan13Eco",0.397036822033686
"315","Sua80Jou","Ziq16Asi",0.397033333588372
"1992","Gan13Eco","Ziq16Asi",0.391924757669098
"189","Mal80Env","Cie16Mis",0.391030943502887
"1035","Bat01Urb","Gon10Jou",0.389713783745157
"53","Pop74Sov","Ara14Eco",0.389057676320371
"1347","And05Reg","Gan13Eco",0.389051027269454
"51","Pop74Sov","Ven13Oec",0.38874362459989
"1733","Gon10Jou","Ign15Dis",0.38769705611802
"1951","She12Com","Pum15Cyb",0.386429577017333
"642","Cam90Jou","Gan13Eco",0.386397789192734
"987","Bre00Cyb","Gie10Jou",0.386210298251633
"148","Mal80Env","Bla03Jou",0.385300336131964
"1946","She12Com","Bre15Int",0.385013038608757
"137","Mal80Env","Cam90Jou",0.382693300076258
"1722","Gon10Jou","Iye13Eur",0.382546419641365
"1275","Del04Con","Bre15Int",0.3825338794702
"1851","Arr12Reg","Gan13Eco",0.381683342381074
"587","Alp89Jou","Gan13Eco",0.380022557774067
"457","Mir86Urb","Bos08Reg",0.379992199249992
"1502","Soo07Urb","Ama14Int",0.37982987015143
"974","Bre00Cyb","Nau03Jou",0.378009624001451
"1016","Bre00Cyb","Man16Reg",0.377832231423631
"1608","Nis08Jou","Bre15Int",0.377675889276202
"860","Kra98Urb","Luc14Eco",0.377657397313214
"1721","Gon10Jou","Gan13Eco",0.377231222362447
"1860","Arr12Reg","Bre15Int",0.376969984959874
"667","Kam90Jou","Bat01Urb",0.375632292200671
"1726","Gon10Jou","Ama14Int",0.375465438479508
"185","Mal80Env","Faz15Jou",0.374297232381636
"15","Pop74Sov","Bra99Jou",0.372620497523055
"191","Mal80Env","Man16Reg",0.368788761340291
"1671","XuZ09Urb","Bre15Int",0.367533189196963
"976","Bre00Cyb","Eec04The",0.367358159104437
"1566","LeG08Emp","Gan13Eco",0.366055184991564
"1841","Roz11Ame","Pum15Cyb",0.365516067742803
"1978","Gan13Eco","Ven13Oec",0.365468296457895
"651","Cam90Jou","Bre15Int",0.365317401136839
"977","Bre00Cyb","And05Reg",0.364748380960095
"749","Gue95Urb","Gan13Eco",0.364141063898177
"701","Kam90Jou","Ama14Int",0.363269609772362
"1758","Hol10Nat","Bre15Int",0.362749173870136
"663","Kam90Jou","Kra98Urb",0.360987639655041
"2129","Ign15Dis","Man16Reg",0.360519522438175
"844","Kra98Urb","Gab11Jou",0.360283684737517
"49","Pop74Sov","Mor13Tex",0.358385779534397
"588","Alp89Jou","Iye13Eur",0.357185248589548
"1361","And05Reg","Pum15Cyb",0.35557785353119
"1836","Roz11Ame","Bre15Int",0.355421351166328
"1631","Dim09Urb","Gan13Eco",0.35428788425752
"455","Mir86Urb","Gan06Eco",0.352737810751329
"1917","Sch12Reg","Gan13Eco",0.350564719981379
"554","Alp89Jou","Kra98Urb",0.350300971268943
"161","Mal80Env","XuZ09Urb",0.350109905375391
"1706","Gie10Jou","Pum15Cyb",0.349754259914075
"1321","Eec04The","Pum15Cyb",0.349641895855875
"2075","Ara14Eco","Pum15Cyb",0.348205330633285
"801","Kru96Jou","Gan13Eco",0.348155311911396
"1533","Bos08Reg","Iye13Eur",0.347380163334148
"1027","Bat01Urb","Gan06Eco",0.346270199469685
"833","Kra98Urb","Gan06Eco",0.345650196412541
"474","Mir86Urb","Gan13Eco",0.344627811480368
"558","Alp89Jou","Bat01Urb",0.343482540611319
"1473","Gan06Eco","Ign15Dis",0.343398418557214
"162","Mal80Env","Gie10Jou",0.339994603303096
"1763","Hol10Nat","Pum15Cyb",0.339066345122246
"1137","Son02Urb","Gan13Eco",0.339008920620655
"1532","Bos08Reg","Gan13Eco",0.337063486025695
"436","Mir86Urb","Alp89Jou",0.334059076263729
"146","Mal80Env","Knu01Ame",0.33038898637584
"599","Alp89Jou","Ign15Dis",0.327353805801474
"167","Mal80Env","Roz11Ame",0.326638897760013
"1233","Nau03Jou","Bre15Int",0.325937235038568
"2108","Bre15Int","Man16Reg",0.325892333509187
"1029","Bat01Urb","Bos08Reg",0.325672334801843
"172","Mal80Env","She12Com",0.325434788376606
"11","Pop74Sov","Kam90Jou",0.324337486570401
"152","Mal80Env","And05Reg",0.324159021406728
"1701","Gie10Jou","Bre15Int",0.32190795808038
"44","Pop74Sov","Sch12Reg",0.319255902649248
"1356","And05Reg","Bre15Int",0.317531328386387
"2120","Faz15Jou","Pum15Cyb",0.315424136341533
"1316","Eec04The","Bre15Int",0.314511015406175
"981","Bre00Cyb","Soo07Urb",0.314278781768538
"1511","Soo07Urb","Pum15Cyb",0.313739022924778
"32","Pop74Sov","Nis08Jou",0.313391585264004
"1544","Bos08Reg","Ign15Dis",0.313232661237489
"165","Mal80Env","Pen10Phy",0.31223428015328
"151","Mal80Env","Eec04The",0.312105120182692
"1811","Gab11Jou","Bre15Int",0.311374141387749
"1238","Nau03Jou","Pum15Cyb",0.309344792022581
"21","Pop74Sov","Bla03Jou",0.30812169773869
"1386","Cra05Con","Gan13Eco",0.306622070335933
"988","Bre00Cyb","Gon10Jou",0.305541356029621
"1466","Gan06Eco","Ama14Int",0.304850697510531
"991","Bre00Cyb","Gab11Jou",0.302415680795623
"41","Pop74Sov","Arr12Reg",0.301321702855387
"45","Pop74Sov","She12Com",0.30080897476105
"999","Bre00Cyb","Gan13Eco",0.298306121557617
"705","Kam90Jou","Bre15Int",0.296519841296034
"23","Pop74Sov","Del04Con",0.296381418595623
"1735","Gon10Jou","Pum15Cyb",0.295480546650212
"47","Pop74Sov","Gan13Eco",0.295468420142639
"592","Alp89Jou","Ama14Int",0.295269297678746
"1983","Gan13Eco","Bre15Int",0.294683787473503
"306","Sua80Jou","Bre15Int",0.293860416801753
"39","Pop74Sov","Gab11Jou",0.291930278235998
"164","Mal80Env","Hol10Nat",0.291908963115018
"163","Mal80Env","Gon10Jou",0.291640100582293
"1537","Bos08Reg","Ama14Int",0.289363911725171
"1506","Soo07Urb","Bre15Int",0.287071481883895
"37","Pop74Sov","Hol10Nat",0.286563364215314
"666","Kam90Jou","Bre00Cyb",0.274224581539605
"10","Pop74Sov","Cam90Jou",0.274004026366526
"2102","Bre15Int","Faz15Jou",0.269830587780514
"156","Mal80Env","Soo07Urb",0.268549291518703
"2096","Luc14Eco","Pum15Cyb",0.26843774609658
"40","Pop74Sov","Roz11Ame",0.267030346627929
"1546","Bos08Reg","Pum15Cyb",0.266869292387152
"34","Pop74Sov","XuZ09Urb",0.264008448405526
"35","Pop74Sov","Gie10Jou",0.260820265478651
"149","Mal80Env","Nau03Jou",0.252450196734129
"982","Bre00Cyb","Bos08Reg",0.251205958804473
"180","Mal80Env","Ara14Eco",0.250793225495631
"1976","Gan13Eco","Mor13Tex",0.250289425645093
"22","Pop74Sov","Nau03Jou",0.245598972176841
"557","Alp89Jou","Bre00Cyb",0.243977010349668
"1816","Gab11Jou","Pum15Cyb",0.243070915005822
"601","Alp89Jou","Pum15Cyb",0.242608447624684
"157","Mal80Env","Bos08Reg",0.238191661015807
"236","Ros80Jou","Gan13Eco",0.236524958395633
"25","Pop74Sov","And05Reg",0.236473287186192
"980","Bre00Cyb","Gan06Eco",0.22899453717902
"58","Pop74Sov","Faz15Jou",0.228498900748384
"1475","Gan06Eco","Pum15Cyb",0.227710017021324
"1470","Gan06Eco","Bre15Int",0.226213854326223
"24","Pop74Sov","Eec04The",0.224933852710609
"64","Pop74Sov","Man16Reg",0.219363398842833
"4","Pop74Sov","Sua80Jou",0.214285714285714
"710","Kam90Jou","Pum15Cyb",0.21320071635561
"29","Pop74Sov","Soo07Urb",0.209335160604666
"1730","Gon10Jou","Bre15Int",0.208960036909053
"182","Mal80Env","Luc14Eco",0.201183760673057
"596","Alp89Jou","Bre15Int",0.200845329318348
"1541","Bos08Reg","Bre15Int",0.188794609559247
"852","Kra98Urb","Gan13Eco",0.186697677853059
"136","Mal80Env","Alp89Jou",0.181825695431914
"166","Mal80Env","Gab11Jou",0.18121349537457
"138","Mal80Env","Kam90Jou",0.178960020416357
"155","Mal80Env","Gan06Eco",0.170659895016379
"1988","Gan13Eco","Pum15Cyb",0.169504460310328
"28","Pop74Sov","Gan06Eco",0.164957219768465
"297","Sua80Jou","Gan13Eco",0.161164592805076
"174","Mal80Env","Gan13Eco",0.105599564544566
"36","Pop74Sov","Gon10Jou",0.10158371845055
"9","Pop74Sov","Alp89Jou",0.0878749550327494
"30","Pop74Sov","Bos08Reg",0.0790874595294744
