"","i","j","cosSimCt"
"99","Ama14Int","Kum14Jou",1
"369","Ber12Cit","Ziq16Asi",1
"856","Del13Eur","Dim09Urb",1
"859","Del13Eur","Ezz15Rev",1
"863","Del13Eur","Gan06Eco",1
"887","Del13Eur","Nis08Jou",1
"896","Del13Eur","Sch12Reg",1
"899","Del13Eur","Soo05Reg",1
"907","Dim09Urb","Ezz15Rev",1
"911","Dim09Urb","Gan06Eco",1
"935","Dim09Urb","Nis08Jou",1
"944","Dim09Urb","Sch12Reg",1
"947","Dim09Urb","Soo05Reg",1
"1049","Ezz15Rev","Gan06Eco",1
"1073","Ezz15Rev","Nis08Jou",1
"1082","Ezz15Rev","Sch12Reg",1
"1085","Ezz15Rev","Soo05Reg",1
"1243","Gan06Eco","Nis08Jou",1
"1252","Gan06Eco","Sch12Reg",1
"1255","Gan06Eco","Soo05Reg",1
"1936","Nis08Jou","Sch12Reg",1
"1939","Nis08Jou","Soo05Reg",1
"2047","Sch12Reg","Soo05Reg",1
"670","Cam90Jou","Kam90Jou",1
"731","Cie16Mis","Man16Reg",1
"758","Cra05Con","Eec04The",1
"770","Cra05Con","Hol10Nat",1
"774","Cra05Con","Knu01Ame",1
"787","Cra05Con","Nau03Jou",1
"803","Cra05Con","Ven13Oec",1
"964","Eec04The","Hol10Nat",1
"968","Eec04The","Knu01Ame",1
"981","Eec04The","Nau03Jou",1
"997","Eec04The","Ven13Oec",1
"1135","Gab11Jou","Gab99Qua",1
"1138","Gab11Jou","Gie10Jou",1
"1148","Gab11Jou","Kru96Jou",1
"1171","Gab11Jou","Son02Urb",1
"1180","Gab99Qua","Gie10Jou",1
"1190","Gab99Qua","Kru96Jou",1
"1213","Gab99Qua","Son02Urb",1
"1310","Gie10Jou","Kru96Jou",1
"1333","Gie10Jou","Son02Urb",1
"1350","Gon10Jou","LeG08Emp",1
"1454","Hol10Nat","Knu01Ame",1
"1467","Hol10Nat","Nau03Jou",1
"1483","Hol10Nat","Ven13Oec",1
"1597","Knu01Ame","Nau03Jou",1
"1613","Knu01Ame","Ven13Oec",1
"1668","Kru96Jou","Son02Urb",1
"1925","Nau03Jou","Ven13Oec",1
"1957","Oka79Reg","Sua80Jou",1
"252","Bat01Urb","Bla03Jou",1
"1108","Faz15Jou","Li_16Wor",1
"1115","Faz15Jou","Mor13Tow",1
"1123","Faz15Jou","Pum15Cyb",1
"1437","Gul12Age","Pen10Phy",1
"1441","Gul12Age","Roz11Ame",1
"1449","Gul12Age","XuZ09Urb",1
"1736","Li_16Wor","Mor13Tow",1
"1744","Li_16Wor","Pum15Cyb",1
"1898","Mor13Tow","Pum15Cyb",1
"1993","Pen10Phy","Roz11Ame",1
"2001","Pen10Phy","XuZ09Urb",1
"2043","Roz11Ame","XuZ09Urb",1
"272","Bat01Urb","Gon10Jou",0.953462589245592
"283","Bat01Urb","LeG08Emp",0.953462589245592
"389","Bla03Jou","Gon10Jou",0.953462589245592
"400","Bla03Jou","LeG08Emp",0.953462589245592
"66","Ama14Int","Ara14Eco",0.925820099772551
"102","Ama14Int","Luc14Eco",0.925820099772551
"222","Ara14Eco","Kum14Jou",0.925820099772551
"624","Bre15Int","Luc14Eco",0.925820099772551
"1677","Kum14Jou","Luc14Eco",0.925820099772551
"123","Ama14Int","Soo07Urb",0.912870929175277
"159","And05Reg","Kra98Urb",0.912870929175277
"629","Bre15Int","Mor13Tex",0.912870929175277
"1698","Kum14Jou","Soo07Urb",0.912870929175277
"1280","Gan13Eco","Mor13Tex",0.894427190999916
"1961","Par83Jou","Par85Jou",0.889499179993322
"329","Ber12Cit","Gan13Eco",0.866025403784439
"864","Del13Eur","Gan13Eco",0.866025403784439
"912","Dim09Urb","Gan13Eco",0.866025403784439
"1050","Ezz15Rev","Gan13Eco",0.866025403784439
"1220","Gan06Eco","Gan13Eco",0.866025403784439
"1283","Gan13Eco","Nis08Jou",0.866025403784439
"1292","Gan13Eco","Sch12Reg",0.866025403784439
"1295","Gan13Eco","Soo05Reg",0.866025403784439
"1300","Gan13Eco","Ziq16Asi",0.866025403784439
"225","Ara14Eco","Luc14Eco",0.857142857142857
"246","Ara14Eco","Soo07Urb",0.845154254728516
"1760","Luc14Eco","Mor13Tex",0.845154254728516
"1776","Luc14Eco","Soo07Urb",0.845154254728516
"73","Ama14Int","Bre15Int",0.833333333333333
"97","Ama14Int","Kra98Urb",0.833333333333333
"621","Bre15Int","Kum14Jou",0.833333333333333
"1617","Kra98Urb","Kum14Jou",0.833333333333333
"1343","Gon10Jou","Ign15Dis",0.818181818181818
"1492","Ign15Dis","LeG08Emp",0.818181818181818
"609","Bre15Int","Gan13Eco",0.816496580927726
"1621","Kra98Urb","Mal80Env",0.816496580927726
"31","Alp89Jou","Iye13Eur",0.816496580927726
"325","Ber12Cit","Faz15Jou",0.816496580927726
"333","Ber12Cit","Gul12Age",0.816496580927726
"343","Ber12Cit","Li_16Wor",0.816496580927726
"350","Ber12Cit","Mor13Tow",0.816496580927726
"356","Ber12Cit","Pen10Phy",0.816496580927726
"358","Ber12Cit","Pum15Cyb",0.816496580927726
"360","Ber12Cit","Roz11Ame",0.816496580927726
"368","Ber12Cit","XuZ09Urb",0.816496580927726
"868","Del13Eur","Gul12Age",0.816496580927726
"891","Del13Eur","Pen10Phy",0.816496580927726
"895","Del13Eur","Roz11Ame",0.816496580927726
"903","Del13Eur","XuZ09Urb",0.816496580927726
"916","Dim09Urb","Gul12Age",0.816496580927726
"939","Dim09Urb","Pen10Phy",0.816496580927726
"943","Dim09Urb","Roz11Ame",0.816496580927726
"951","Dim09Urb","XuZ09Urb",0.816496580927726
"1054","Ezz15Rev","Gul12Age",0.816496580927726
"1077","Ezz15Rev","Pen10Phy",0.816496580927726
"1081","Ezz15Rev","Roz11Ame",0.816496580927726
"1089","Ezz15Rev","XuZ09Urb",0.816496580927726
"1134","Faz15Jou","Ziq16Asi",0.816496580927726
"1224","Gan06Eco","Gul12Age",0.816496580927726
"1247","Gan06Eco","Pen10Phy",0.816496580927726
"1251","Gan06Eco","Roz11Ame",0.816496580927726
"1259","Gan06Eco","XuZ09Urb",0.816496580927726
"1433","Gul12Age","Nis08Jou",0.816496580927726
"1442","Gul12Age","Sch12Reg",0.816496580927726
"1445","Gul12Age","Soo05Reg",0.816496580927726
"1450","Gul12Age","Ziq16Asi",0.816496580927726
"1755","Li_16Wor","Ziq16Asi",0.816496580927726
"1909","Mor13Tow","Ziq16Asi",0.816496580927726
"1931","Nis08Jou","Pen10Phy",0.816496580927726
"1935","Nis08Jou","Roz11Ame",0.816496580927726
"1943","Nis08Jou","XuZ09Urb",0.816496580927726
"1994","Pen10Phy","Sch12Reg",0.816496580927726
"1997","Pen10Phy","Soo05Reg",0.816496580927726
"2002","Pen10Phy","Ziq16Asi",0.816496580927726
"2025","Pum15Cyb","Ziq16Asi",0.816496580927726
"2036","Roz11Ame","Sch12Reg",0.816496580927726
"2039","Roz11Ame","Soo05Reg",0.816496580927726
"2044","Roz11Ame","Ziq16Asi",0.816496580927726
"2051","Sch12Reg","XuZ09Urb",0.816496580927726
"2069","Soo05Reg","XuZ09Urb",0.816496580927726
"2080","XuZ09Urb","Ziq16Asi",0.816496580927726
"260","Bat01Urb","Del04Con",0.8
"377","Bla03Jou","Del04Con",0.8
"1837","Mir86Urb","Pop74Sov",0.8
"1886","Mor13Tex","Soo07Urb",0.8
"212","Ara14Eco","Gon10Jou",0.797724035217466
"216","Ara14Eco","Ign15Dis",0.797724035217466
"223","Ara14Eco","LeG08Emp",0.797724035217466
"1494","Ign15Dis","Luc14Eco",0.797724035217466
"156","And05Reg","Iye13Eur",0.774596669241483
"280","Bat01Urb","Kra98Urb",0.774596669241483
"349","Ber12Cit","Mor13Tex",0.774596669241483
"397","Bla03Jou","Kra98Urb",0.774596669241483
"825","Del04Con","Kra98Urb",0.774596669241483
"884","Del13Eur","Mor13Tex",0.774596669241483
"900","Del13Eur","Soo07Urb",0.774596669241483
"932","Dim09Urb","Mor13Tex",0.774596669241483
"948","Dim09Urb","Soo07Urb",0.774596669241483
"1070","Ezz15Rev","Mor13Tex",0.774596669241483
"1086","Ezz15Rev","Soo07Urb",0.774596669241483
"1240","Gan06Eco","Mor13Tex",0.774596669241483
"1256","Gan06Eco","Soo07Urb",0.774596669241483
"1532","Iye13Eur","Mor13Tex",0.774596669241483
"1548","Iye13Eur","Soo07Urb",0.774596669241483
"1873","Mor13Tex","Nis08Jou",0.774596669241483
"1882","Mor13Tex","Sch12Reg",0.774596669241483
"1885","Mor13Tex","Soo05Reg",0.774596669241483
"1890","Mor13Tex","Ziq16Asi",0.774596669241483
"1940","Nis08Jou","Soo07Urb",0.774596669241483
"2048","Sch12Reg","Soo07Urb",0.774596669241483
"2066","Soo05Reg","Soo07Urb",0.774596669241483
"196","Ara14Eco","Bre15Int",0.771516749810459
"220","Ara14Eco","Kra98Urb",0.771516749810459
"1620","Kra98Urb","Luc14Eco",0.771516749810459
"276","Bat01Urb","Ign15Dis",0.762770071396474
"393","Bla03Jou","Ign15Dis",0.762770071396474
"817","Del04Con","Gon10Jou",0.762770071396474
"821","Del04Con","Ign15Dis",0.762770071396474
"828","Del04Con","LeG08Emp",0.762770071396474
"1855","Mod15Qua","Par83Jou",0.76271276980969
"296","Bat01Urb","Par85Jou",0.760638829255665
"413","Bla03Jou","Par85Jou",0.760638829255665
"841","Del04Con","Par85Jou",0.760638829255665
"1275","Gan13Eco","Luc14Eco",0.755928946018454
"1356","Gon10Jou","Mod15Qua",0.753778361444409
"1498","Ign15Dis","Mod15Qua",0.753778361444409
"1708","LeG08Emp","Mod15Qua",0.753778361444409
"89","Ama14Int","Gon10Jou",0.738548945875997
"93","Ama14Int","Ign15Dis",0.738548945875997
"100","Ama14Int","LeG08Emp",0.738548945875997
"615","Bre15Int","Ign15Dis",0.738548945875997
"1347","Gon10Jou","Kra98Urb",0.738548945875997
"1349","Gon10Jou","Kum14Jou",0.738548945875997
"1489","Ign15Dis","Kra98Urb",0.738548945875997
"1491","Ign15Dis","Kum14Jou",0.738548945875997
"1618","Kra98Urb","LeG08Emp",0.738548945875997
"1675","Kum14Jou","LeG08Emp",0.738548945875997
"1856","Mod15Qua","Par85Jou",0.734968415259167
"65","Ama14Int","And05Reg",0.730296743340221
"107","Ama14Int","Mor13Tex",0.730296743340221
"135","And05Reg","Bre15Int",0.730296743340221
"161","And05Reg","Kum14Jou",0.730296743340221
"645","Bre15Int","Soo07Urb",0.730296743340221
"1641","Kra98Urb","Soo07Urb",0.730296743340221
"1682","Kum14Jou","Mor13Tex",0.730296743340221
"1363","Gon10Jou","Par85Jou",0.725240667622842
"1715","LeG08Emp","Par85Jou",0.725240667622842
"190","Ara14Eco","Bat01Urb",0.717137165600636
"192","Ara14Eco","Bla03Jou",0.717137165600636
"200","Ara14Eco","Del04Con",0.717137165600636
"289","Bat01Urb","Mod15Qua",0.711512473537885
"406","Bla03Jou","Mod15Qua",0.711512473537885
"78","Ama14Int","Del13Eur",0.707106781186548
"79","Ama14Int","Dim09Urb",0.707106781186548
"82","Ama14Int","Ezz15Rev",0.707106781186548
"86","Ama14Int","Gan06Eco",0.707106781186548
"94","Ama14Int","Iye13Eur",0.707106781186548
"110","Ama14Int","Nis08Jou",0.707106781186548
"119","Ama14Int","Sch12Reg",0.707106781186548
"122","Ama14Int","Soo05Reg",0.707106781186548
"315","Ber12Cit","Bre15Int",0.707106781186548
"600","Bre15Int","Del13Eur",0.707106781186548
"601","Bre15Int","Dim09Urb",0.707106781186548
"604","Bre15Int","Ezz15Rev",0.707106781186548
"608","Bre15Int","Gan06Eco",0.707106781186548
"616","Bre15Int","Iye13Eur",0.707106781186548
"632","Bre15Int","Nis08Jou",0.707106781186548
"641","Bre15Int","Sch12Reg",0.707106781186548
"644","Bre15Int","Soo05Reg",0.707106781186548
"649","Bre15Int","Ziq16Asi",0.707106781186548
"876","Del13Eur","Kum14Jou",0.707106781186548
"924","Dim09Urb","Kum14Jou",0.707106781186548
"1062","Ezz15Rev","Kum14Jou",0.707106781186548
"1232","Gan06Eco","Kum14Jou",0.707106781186548
"1522","Iye13Eur","Kra98Urb",0.707106781186548
"1524","Iye13Eur","Kum14Jou",0.707106781186548
"1685","Kum14Jou","Nis08Jou",0.707106781186548
"1694","Kum14Jou","Sch12Reg",0.707106781186548
"1697","Kum14Jou","Soo05Reg",0.707106781186548
"11","Alp89Jou","Cam90Jou",0.707106781186547
"32","Alp89Jou","Kam90Jou",0.707106781186547
"48","Alp89Jou","Oka79Reg",0.707106781186547
"61","Alp89Jou","Sua80Jou",0.707106781186547
"129","And05Reg","Bat01Urb",0.707106781186547
"131","And05Reg","Bla03Jou",0.707106781186547
"139","And05Reg","Del04Con",0.707106781186547
"710","Cie16Mis","Faz15Jou",0.707106781186547
"728","Cie16Mis","Li_16Wor",0.707106781186547
"735","Cie16Mis","Mor13Tow",0.707106781186547
"743","Cie16Mis","Pum15Cyb",0.707106781186547
"761","Cra05Con","Faz15Jou",0.707106781186547
"769","Cra05Con","Gul12Age",0.707106781186547
"779","Cra05Con","Li_16Wor",0.707106781186547
"786","Cra05Con","Mor13Tow",0.707106781186547
"792","Cra05Con","Pen10Phy",0.707106781186547
"794","Cra05Con","Pum15Cyb",0.707106781186547
"796","Cra05Con","Roz11Ame",0.707106781186547
"798","Cra05Con","She12Com",0.707106781186547
"804","Cra05Con","XuZ09Urb",0.707106781186547
"955","Eec04The","Faz15Jou",0.707106781186547
"963","Eec04The","Gul12Age",0.707106781186547
"973","Eec04The","Li_16Wor",0.707106781186547
"980","Eec04The","Mor13Tow",0.707106781186547
"986","Eec04The","Pen10Phy",0.707106781186547
"988","Eec04The","Pum15Cyb",0.707106781186547
"990","Eec04The","Roz11Ame",0.707106781186547
"992","Eec04The","She12Com",0.707106781186547
"998","Eec04The","XuZ09Urb",0.707106781186547
"1094","Faz15Jou","Gan13Eco",0.707106781186547
"1099","Faz15Jou","Hol10Nat",0.707106781186547
"1103","Faz15Jou","Knu01Ame",0.707106781186547
"1111","Faz15Jou","Man16Reg",0.707106781186547
"1116","Faz15Jou","Nau03Jou",0.707106781186547
"1132","Faz15Jou","Ven13Oec",0.707106781186547
"1141","Gab11Jou","Gul12Age",0.707106781186547
"1164","Gab11Jou","Pen10Phy",0.707106781186547
"1168","Gab11Jou","Roz11Ame",0.707106781186547
"1176","Gab11Jou","XuZ09Urb",0.707106781186547
"1183","Gab99Qua","Gul12Age",0.707106781186547
"1206","Gab99Qua","Pen10Phy",0.707106781186547
"1210","Gab99Qua","Roz11Ame",0.707106781186547
"1218","Gab99Qua","XuZ09Urb",0.707106781186547
"1264","Gan13Eco","Gul12Age",0.707106781186547
"1274","Gan13Eco","Li_16Wor",0.707106781186547
"1281","Gan13Eco","Mor13Tow",0.707106781186547
"1287","Gan13Eco","Pen10Phy",0.707106781186547
"1289","Gan13Eco","Pum15Cyb",0.707106781186547
"1291","Gan13Eco","Roz11Ame",0.707106781186547
"1299","Gan13Eco","XuZ09Urb",0.707106781186547
"1303","Gie10Jou","Gul12Age",0.707106781186547
"1326","Gie10Jou","Pen10Phy",0.707106781186547
"1330","Gie10Jou","Roz11Ame",0.707106781186547
"1338","Gie10Jou","XuZ09Urb",0.707106781186547
"1415","Gul12Age","Hol10Nat",0.707106781186547
"1419","Gul12Age","Knu01Ame",0.707106781186547
"1421","Gul12Age","Kru96Jou",0.707106781186547
"1432","Gul12Age","Nau03Jou",0.707106781186547
"1444","Gul12Age","Son02Urb",0.707106781186547
"1448","Gul12Age","Ven13Oec",0.707106781186547
"1459","Hol10Nat","Li_16Wor",0.707106781186547
"1466","Hol10Nat","Mor13Tow",0.707106781186547
"1472","Hol10Nat","Pen10Phy",0.707106781186547
"1474","Hol10Nat","Pum15Cyb",0.707106781186547
"1476","Hol10Nat","Roz11Ame",0.707106781186547
"1478","Hol10Nat","She12Com",0.707106781186547
"1484","Hol10Nat","XuZ09Urb",0.707106781186547
"1589","Knu01Ame","Li_16Wor",0.707106781186547
"1596","Knu01Ame","Mor13Tow",0.707106781186547
"1602","Knu01Ame","Pen10Phy",0.707106781186547
"1604","Knu01Ame","Pum15Cyb",0.707106781186547
"1606","Knu01Ame","Roz11Ame",0.707106781186547
"1608","Knu01Ame","She12Com",0.707106781186547
"1614","Knu01Ame","XuZ09Urb",0.707106781186547
"1661","Kru96Jou","Pen10Phy",0.707106781186547
"1665","Kru96Jou","Roz11Ame",0.707106781186547
"1673","Kru96Jou","XuZ09Urb",0.707106781186547
"1732","Li_16Wor","Man16Reg",0.707106781186547
"1737","Li_16Wor","Nau03Jou",0.707106781186547
"1753","Li_16Wor","Ven13Oec",0.707106781186547
"1794","Mal80Env","Ros80Jou",0.707106781186547
"1808","Man16Reg","Mor13Tow",0.707106781186547
"1816","Man16Reg","Pum15Cyb",0.707106781186547
"1891","Mor13Tow","Nau03Jou",0.707106781186547
"1907","Mor13Tow","Ven13Oec",0.707106781186547
"1914","Nau03Jou","Pen10Phy",0.707106781186547
"1916","Nau03Jou","Pum15Cyb",0.707106781186547
"1918","Nau03Jou","Roz11Ame",0.707106781186547
"1920","Nau03Jou","She12Com",0.707106781186547
"1926","Nau03Jou","XuZ09Urb",0.707106781186547
"1950","Oka79Reg","Ros80Jou",0.707106781186547
"1953","Oka79Reg","She12Com",0.707106781186547
"1996","Pen10Phy","Son02Urb",0.707106781186547
"2000","Pen10Phy","Ven13Oec",0.707106781186547
"2023","Pum15Cyb","Ven13Oec",0.707106781186547
"2032","Ros80Jou","Sua80Jou",0.707106781186547
"2038","Roz11Ame","Son02Urb",0.707106781186547
"2042","Roz11Ame","Ven13Oec",0.707106781186547
"2056","She12Com","Sua80Jou",0.707106781186547
"2057","She12Com","Ven13Oec",0.707106781186547
"2064","Son02Urb","XuZ09Urb",0.707106781186547
"2078","Ven13Oec","XuZ09Urb",0.707106781186547
"295","Bat01Urb","Par83Jou",0.701646415445623
"412","Bla03Jou","Par83Jou",0.701646415445623
"840","Del04Con","Par83Jou",0.701646415445623
"1352","Gon10Jou","Luc14Eco",0.683763458757828
"1704","LeG08Emp","Luc14Eco",0.683763458757828
"128","And05Reg","Ara14Eco",0.676123403782813
"164","And05Reg","Luc14Eco",0.676123403782813
"230","Ara14Eco","Mor13Tex",0.676123403782813
"151","And05Reg","Gon10Jou",0.674199862463242
"155","And05Reg","Ign15Dis",0.674199862463242
"162","And05Reg","LeG08Emp",0.674199862463242
"1373","Gon10Jou","Soo07Urb",0.674199862463242
"1499","Ign15Dis","Mor13Tex",0.674199862463242
"1515","Ign15Dis","Soo07Urb",0.674199862463242
"1725","LeG08Emp","Soo07Urb",0.674199862463242
"165","And05Reg","Mal80Env",0.670820393249937
"1296","Gan13Eco","Soo07Urb",0.670820393249937
"1362","Gon10Jou","Par83Jou",0.668993608005673
"1714","LeG08Emp","Par83Jou",0.668993608005673
"320","Ber12Cit","Del13Eur",0.666666666666667
"321","Ber12Cit","Dim09Urb",0.666666666666667
"324","Ber12Cit","Ezz15Rev",0.666666666666667
"328","Ber12Cit","Gan06Eco",0.666666666666667
"352","Ber12Cit","Nis08Jou",0.666666666666667
"361","Ber12Cit","Sch12Reg",0.666666666666667
"364","Ber12Cit","Soo05Reg",0.666666666666667
"619","Bre15Int","Kra98Urb",0.666666666666667
"871","Del13Eur","Iye13Eur",0.666666666666667
"904","Del13Eur","Ziq16Asi",0.666666666666667
"919","Dim09Urb","Iye13Eur",0.666666666666667
"952","Dim09Urb","Ziq16Asi",0.666666666666667
"1057","Ezz15Rev","Iye13Eur",0.666666666666667
"1090","Ezz15Rev","Ziq16Asi",0.666666666666667
"1227","Gan06Eco","Iye13Eur",0.666666666666667
"1260","Gan06Eco","Ziq16Asi",0.666666666666667
"1535","Iye13Eur","Nis08Jou",0.666666666666667
"1544","Iye13Eur","Sch12Reg",0.666666666666667
"1547","Iye13Eur","Soo05Reg",0.666666666666667
"1944","Nis08Jou","Ziq16Asi",0.666666666666667
"2052","Sch12Reg","Ziq16Asi",0.666666666666667
"2070","Soo05Reg","Ziq16Asi",0.666666666666667
"201","Ara14Eco","Del13Eur",0.654653670707977
"202","Ara14Eco","Dim09Urb",0.654653670707977
"205","Ara14Eco","Ezz15Rev",0.654653670707977
"209","Ara14Eco","Gan06Eco",0.654653670707977
"217","Ara14Eco","Iye13Eur",0.654653670707977
"233","Ara14Eco","Nis08Jou",0.654653670707977
"242","Ara14Eco","Sch12Reg",0.654653670707977
"245","Ara14Eco","Soo05Reg",0.654653670707977
"344","Ber12Cit","Luc14Eco",0.654653670707977
"879","Del13Eur","Luc14Eco",0.654653670707977
"927","Dim09Urb","Luc14Eco",0.654653670707977
"1065","Ezz15Rev","Luc14Eco",0.654653670707977
"1235","Gan06Eco","Luc14Eco",0.654653670707977
"1527","Iye13Eur","Luc14Eco",0.654653670707977
"1763","Luc14Eco","Nis08Jou",0.654653670707977
"1772","Luc14Eco","Sch12Reg",0.654653670707977
"1775","Luc14Eco","Soo05Reg",0.654653670707977
"1780","Luc14Eco","Ziq16Asi",0.654653670707977
"67","Ama14Int","Bat01Urb",0.645497224367903
"69","Ama14Int","Bla03Jou",0.645497224367903
"77","Ama14Int","Del04Con",0.645497224367903
"282","Bat01Urb","Kum14Jou",0.645497224367903
"399","Bla03Jou","Kum14Jou",0.645497224367903
"827","Del04Con","Kum14Jou",0.645497224367903
"2","Alp89Jou","And05Reg",0.632455532033676
"44","Alp89Jou","Mor13Tex",0.632455532033676
"60","Alp89Jou","Soo07Urb",0.632455532033676
"179","And05Reg","Ros80Jou",0.632455532033676
"286","Bat01Urb","Mal80Env",0.632455532033676
"403","Bla03Jou","Mal80Env",0.632455532033676
"831","Del04Con","Mal80Env",0.632455532033676
"834","Del04Con","Mod15Qua",0.632455532033676
"1114","Faz15Jou","Mor13Tex",0.632455532033676
"1430","Gul12Age","Mor13Tex",0.632455532033676
"1446","Gul12Age","Soo07Urb",0.632455532033676
"1735","Li_16Wor","Mor13Tex",0.632455532033676
"1871","Mor13Tex","Mor13Tow",0.632455532033676
"1877","Mor13Tex","Pen10Phy",0.632455532033676
"1879","Mor13Tex","Pum15Cyb",0.632455532033676
"1881","Mor13Tex","Roz11Ame",0.632455532033676
"1883","Mor13Tex","She12Com",0.632455532033676
"1889","Mor13Tex","XuZ09Urb",0.632455532033676
"1998","Pen10Phy","Soo07Urb",0.632455532033676
"2040","Roz11Ame","Soo07Urb",0.632455532033676
"2055","She12Com","Soo07Urb",0.632455532033676
"2073","Soo07Urb","XuZ09Urb",0.632455532033676
"1834","Mir86Urb","Par83Jou",0.620173672946042
"1963","Par83Jou","Pop74Sov",0.620173672946042
"611","Bre15Int","Gon10Jou",0.615457454896664
"622","Bre15Int","LeG08Emp",0.615457454896664
"87","Ama14Int","Gan13Eco",0.612372435695795
"103","Ama14Int","Mal80Env",0.612372435695795
"628","Bre15Int","Mod15Qua",0.612372435695795
"1272","Gan13Eco","Kum14Jou",0.612372435695795
"1678","Kum14Jou","Mal80Env",0.612372435695795
"1266","Gan13Eco","Ign15Dis",0.603022689155527
"1353","Gon10Jou","Mal80Env",0.603022689155527
"1495","Ign15Dis","Mal80Env",0.603022689155527
"1705","LeG08Emp","Mal80Env",0.603022689155527
"169","And05Reg","Mor13Tex",0.6
"185","And05Reg","Soo07Urb",0.6
"285","Bat01Urb","Luc14Eco",0.597614304667197
"402","Bla03Jou","Luc14Eco",0.597614304667197
"830","Del04Con","Luc14Eco",0.597614304667197
"1835","Mir86Urb","Par85Jou",0.597614304667197
"1977","Par85Jou","Pop74Sov",0.597614304667197
"1504","Ign15Dis","Par83Jou",0.585369407004964
"1","Alp89Jou","Ama14Int",0.577350269189626
"10","Alp89Jou","Bre15Int",0.577350269189626
"34","Alp89Jou","Kra98Urb",0.577350269189626
"36","Alp89Jou","Kum14Jou",0.577350269189626
"72","Ama14Int","Bre00Cyb",0.577350269189626
"91","Ama14Int","Gul12Age",0.577350269189626
"114","Ama14Int","Pen10Phy",0.577350269189626
"117","Ama14Int","Ros80Jou",0.577350269189626
"118","Ama14Int","Roz11Ame",0.577350269189626
"120","Ama14Int","She12Com",0.577350269189626
"126","Ama14Int","XuZ09Urb",0.577350269189626
"317","Ber12Cit","Cie16Mis",0.577350269189626
"318","Ber12Cit","Cra05Con",0.577350269189626
"322","Ber12Cit","Eec04The",0.577350269189626
"326","Ber12Cit","Gab11Jou",0.577350269189626
"327","Ber12Cit","Gab99Qua",0.577350269189626
"330","Ber12Cit","Gie10Jou",0.577350269189626
"334","Ber12Cit","Hol10Nat",0.577350269189626
"338","Ber12Cit","Knu01Ame",0.577350269189626
"340","Ber12Cit","Kru96Jou",0.577350269189626
"346","Ber12Cit","Man16Reg",0.577350269189626
"351","Ber12Cit","Nau03Jou",0.577350269189626
"363","Ber12Cit","Son02Urb",0.577350269189626
"367","Ber12Cit","Ven13Oec",0.577350269189626
"441","Bos08Reg","Gab11Jou",0.577350269189626
"442","Bos08Reg","Gab99Qua",0.577350269189626
"445","Bos08Reg","Gie10Jou",0.577350269189626
"455","Bos08Reg","Kru96Jou",0.577350269189626
"478","Bos08Reg","Son02Urb",0.577350269189626
"497","Bra99Jou","Gab11Jou",0.577350269189626
"498","Bra99Jou","Gab99Qua",0.577350269189626
"501","Bra99Jou","Gie10Jou",0.577350269189626
"511","Bra99Jou","Kru96Jou",0.577350269189626
"534","Bra99Jou","Son02Urb",0.577350269189626
"565","Bre00Cyb","Kra98Urb",0.577350269189626
"567","Bre00Cyb","Kum14Jou",0.577350269189626
"605","Bre15Int","Faz15Jou",0.577350269189626
"613","Bre15Int","Gul12Age",0.577350269189626
"623","Bre15Int","Li_16Wor",0.577350269189626
"630","Bre15Int","Mor13Tow",0.577350269189626
"636","Bre15Int","Pen10Phy",0.577350269189626
"638","Bre15Int","Pum15Cyb",0.577350269189626
"639","Bre15Int","Ros80Jou",0.577350269189626
"640","Bre15Int","Roz11Ame",0.577350269189626
"642","Bre15Int","She12Com",0.577350269189626
"648","Bre15Int","XuZ09Urb",0.577350269189626
"653","Cam90Jou","Del13Eur",0.577350269189626
"654","Cam90Jou","Dim09Urb",0.577350269189626
"656","Cam90Jou","Ett87Env",0.577350269189626
"657","Cam90Jou","Ezz15Rev",0.577350269189626
"661","Cam90Jou","Gan06Eco",0.577350269189626
"669","Cam90Jou","Iye13Eur",0.577350269189626
"685","Cam90Jou","Nis08Jou",0.577350269189626
"694","Cam90Jou","Sch12Reg",0.577350269189626
"697","Cam90Jou","Soo05Reg",0.577350269189626
"754","Cie16Mis","Ziq16Asi",0.577350269189626
"756","Cra05Con","Del13Eur",0.577350269189626
"757","Cra05Con","Dim09Urb",0.577350269189626
"760","Cra05Con","Ezz15Rev",0.577350269189626
"764","Cra05Con","Gan06Eco",0.577350269189626
"788","Cra05Con","Nis08Jou",0.577350269189626
"797","Cra05Con","Sch12Reg",0.577350269189626
"800","Cra05Con","Soo05Reg",0.577350269189626
"805","Cra05Con","Ziq16Asi",0.577350269189626
"857","Del13Eur","Eec04The",0.577350269189626
"861","Del13Eur","Gab11Jou",0.577350269189626
"862","Del13Eur","Gab99Qua",0.577350269189626
"865","Del13Eur","Gie10Jou",0.577350269189626
"869","Del13Eur","Hol10Nat",0.577350269189626
"872","Del13Eur","Kam90Jou",0.577350269189626
"873","Del13Eur","Knu01Ame",0.577350269189626
"875","Del13Eur","Kru96Jou",0.577350269189626
"886","Del13Eur","Nau03Jou",0.577350269189626
"898","Del13Eur","Son02Urb",0.577350269189626
"902","Del13Eur","Ven13Oec",0.577350269189626
"905","Dim09Urb","Eec04The",0.577350269189626
"909","Dim09Urb","Gab11Jou",0.577350269189626
"910","Dim09Urb","Gab99Qua",0.577350269189626
"913","Dim09Urb","Gie10Jou",0.577350269189626
"917","Dim09Urb","Hol10Nat",0.577350269189626
"920","Dim09Urb","Kam90Jou",0.577350269189626
"921","Dim09Urb","Knu01Ame",0.577350269189626
"923","Dim09Urb","Kru96Jou",0.577350269189626
"934","Dim09Urb","Nau03Jou",0.577350269189626
"946","Dim09Urb","Son02Urb",0.577350269189626
"950","Dim09Urb","Ven13Oec",0.577350269189626
"954","Eec04The","Ezz15Rev",0.577350269189626
"958","Eec04The","Gan06Eco",0.577350269189626
"982","Eec04The","Nis08Jou",0.577350269189626
"991","Eec04The","Sch12Reg",0.577350269189626
"994","Eec04The","Soo05Reg",0.577350269189626
"999","Eec04The","Ziq16Asi",0.577350269189626
"1013","Ett87Env","Kam90Jou",0.577350269189626
"1047","Ezz15Rev","Gab11Jou",0.577350269189626
"1048","Ezz15Rev","Gab99Qua",0.577350269189626
"1051","Ezz15Rev","Gie10Jou",0.577350269189626
"1055","Ezz15Rev","Hol10Nat",0.577350269189626
"1058","Ezz15Rev","Kam90Jou",0.577350269189626
"1059","Ezz15Rev","Knu01Ame",0.577350269189626
"1061","Ezz15Rev","Kru96Jou",0.577350269189626
"1072","Ezz15Rev","Nau03Jou",0.577350269189626
"1084","Ezz15Rev","Son02Urb",0.577350269189626
"1088","Ezz15Rev","Ven13Oec",0.577350269189626
"1136","Gab11Jou","Gan06Eco",0.577350269189626
"1144","Gab11Jou","Iye13Eur",0.577350269189626
"1160","Gab11Jou","Nis08Jou",0.577350269189626
"1169","Gab11Jou","Sch12Reg",0.577350269189626
"1172","Gab11Jou","Soo05Reg",0.577350269189626
"1177","Gab11Jou","Ziq16Asi",0.577350269189626
"1178","Gab99Qua","Gan06Eco",0.577350269189626
"1186","Gab99Qua","Iye13Eur",0.577350269189626
"1202","Gab99Qua","Nis08Jou",0.577350269189626
"1211","Gab99Qua","Sch12Reg",0.577350269189626
"1214","Gab99Qua","Soo05Reg",0.577350269189626
"1219","Gab99Qua","Ziq16Asi",0.577350269189626
"1221","Gan06Eco","Gie10Jou",0.577350269189626
"1225","Gan06Eco","Hol10Nat",0.577350269189626
"1228","Gan06Eco","Kam90Jou",0.577350269189626
"1229","Gan06Eco","Knu01Ame",0.577350269189626
"1231","Gan06Eco","Kru96Jou",0.577350269189626
"1242","Gan06Eco","Nau03Jou",0.577350269189626
"1254","Gan06Eco","Son02Urb",0.577350269189626
"1258","Gan06Eco","Ven13Oec",0.577350269189626
"1267","Gan13Eco","Iye13Eur",0.577350269189626
"1306","Gie10Jou","Iye13Eur",0.577350269189626
"1322","Gie10Jou","Nis08Jou",0.577350269189626
"1331","Gie10Jou","Sch12Reg",0.577350269189626
"1334","Gie10Jou","Soo05Reg",0.577350269189626
"1339","Gie10Jou","Ziq16Asi",0.577350269189626
"1422","Gul12Age","Kum14Jou",0.577350269189626
"1468","Hol10Nat","Nis08Jou",0.577350269189626
"1477","Hol10Nat","Sch12Reg",0.577350269189626
"1480","Hol10Nat","Soo05Reg",0.577350269189626
"1485","Hol10Nat","Ziq16Asi",0.577350269189626
"1520","Iye13Eur","Kam90Jou",0.577350269189626
"1523","Iye13Eur","Kru96Jou",0.577350269189626
"1536","Iye13Eur","Oka79Reg",0.577350269189626
"1546","Iye13Eur","Son02Urb",0.577350269189626
"1549","Iye13Eur","Sua80Jou",0.577350269189626
"1567","Kam90Jou","Nis08Jou",0.577350269189626
"1576","Kam90Jou","Sch12Reg",0.577350269189626
"1579","Kam90Jou","Soo05Reg",0.577350269189626
"1598","Knu01Ame","Nis08Jou",0.577350269189626
"1607","Knu01Ame","Sch12Reg",0.577350269189626
"1610","Knu01Ame","Soo05Reg",0.577350269189626
"1615","Knu01Ame","Ziq16Asi",0.577350269189626
"1635","Kra98Urb","Ros80Jou",0.577350269189626
"1657","Kru96Jou","Nis08Jou",0.577350269189626
"1666","Kru96Jou","Sch12Reg",0.577350269189626
"1669","Kru96Jou","Soo05Reg",0.577350269189626
"1674","Kru96Jou","Ziq16Asi",0.577350269189626
"1689","Kum14Jou","Pen10Phy",0.577350269189626
"1692","Kum14Jou","Ros80Jou",0.577350269189626
"1693","Kum14Jou","Roz11Ame",0.577350269189626
"1695","Kum14Jou","She12Com",0.577350269189626
"1701","Kum14Jou","XuZ09Urb",0.577350269189626
"1827","Man16Reg","Ziq16Asi",0.577350269189626
"1910","Nau03Jou","Nis08Jou",0.577350269189626
"1919","Nau03Jou","Sch12Reg",0.577350269189626
"1922","Nau03Jou","Soo05Reg",0.577350269189626
"1927","Nau03Jou","Ziq16Asi",0.577350269189626
"1938","Nis08Jou","Son02Urb",0.577350269189626
"1942","Nis08Jou","Ven13Oec",0.577350269189626
"2046","Sch12Reg","Son02Urb",0.577350269189626
"2050","Sch12Reg","Ven13Oec",0.577350269189626
"2060","Son02Urb","Soo05Reg",0.577350269189626
"2065","Son02Urb","Ziq16Asi",0.577350269189626
"2068","Soo05Reg","Ven13Oec",0.577350269189626
"2079","Ven13Oec","Ziq16Asi",0.577350269189626
"210","Ara14Eco","Gan13Eco",0.566946709513841
"226","Ara14Eco","Mal80Env",0.566946709513841
"229","Ara14Eco","Mod15Qua",0.566946709513841
"1756","Luc14Eco","Mal80Env",0.566946709513841
"1759","Luc14Eco","Mod15Qua",0.566946709513841
"288","Bat01Urb","Mir86Urb",0.565685424949238
"306","Bat01Urb","Soo07Urb",0.565685424949238
"405","Bla03Jou","Mir86Urb",0.565685424949238
"423","Bla03Jou","Soo07Urb",0.565685424949238
"833","Del04Con","Mir86Urb",0.565685424949238
"843","Del04Con","Pop74Sov",0.565685424949238
"851","Del04Con","Soo07Urb",0.565685424949238
"1505","Ign15Dis","Par85Jou",0.564076074817766
"168","And05Reg","Mod15Qua",0.559016994374947
"1850","Mod15Qua","Mor13Tex",0.559016994374947
"1789","Mal80Env","Par83Jou",0.554700196225229
"253","Bat01Urb","Bos08Reg",0.547722557505166
"264","Bat01Urb","Ett87Env",0.547722557505166
"277","Bat01Urb","Iye13Eur",0.547722557505166
"370","Bla03Jou","Bos08Reg",0.547722557505166
"381","Bla03Jou","Ett87Env",0.547722557505166
"394","Bla03Jou","Iye13Eur",0.547722557505166
"809","Del04Con","Ett87Env",0.547722557505166
"822","Del04Con","Iye13Eur",0.547722557505166
"1625","Kra98Urb","Mor13Tex",0.547722557505166
"1631","Kra98Urb","Par85Jou",0.545544725589981
"1355","Gon10Jou","Mir86Urb",0.539359889970594
"1357","Gon10Jou","Mor13Tex",0.539359889970594
"1707","LeG08Emp","Mir86Urb",0.539359889970594
"1709","LeG08Emp","Mor13Tex",0.539359889970594
"1400","Gue95Urb","Par85Jou",0.534522483824849
"1790","Mal80Env","Par85Jou",0.534522483824849
"3","Alp89Jou","Ara14Eco",0.534522483824849
"39","Alp89Jou","Luc14Eco",0.534522483824849
"195","Ara14Eco","Bre00Cyb",0.534522483824849
"214","Ara14Eco","Gul12Age",0.534522483824849
"237","Ara14Eco","Pen10Phy",0.534522483824849
"240","Ara14Eco","Ros80Jou",0.534522483824849
"241","Ara14Eco","Roz11Ame",0.534522483824849
"243","Ara14Eco","She12Com",0.534522483824849
"249","Ara14Eco","XuZ09Urb",0.534522483824849
"570","Bre00Cyb","Luc14Eco",0.534522483824849
"1109","Faz15Jou","Luc14Eco",0.534522483824849
"1425","Gul12Age","Luc14Eco",0.534522483824849
"1730","Li_16Wor","Luc14Eco",0.534522483824849
"1761","Luc14Eco","Mor13Tow",0.534522483824849
"1767","Luc14Eco","Pen10Phy",0.534522483824849
"1769","Luc14Eco","Pum15Cyb",0.534522483824849
"1770","Luc14Eco","Ros80Jou",0.534522483824849
"1771","Luc14Eco","Roz11Ame",0.534522483824849
"1773","Luc14Eco","She12Com",0.534522483824849
"1779","Luc14Eco","XuZ09Urb",0.534522483824849
"571","Bre00Cyb","Mal80Env",0.530330085889911
"335","Ber12Cit","Ign15Dis",0.522232967867094
"446","Bos08Reg","Gon10Jou",0.522232967867094
"457","Bos08Reg","LeG08Emp",0.522232967867094
"866","Del13Eur","Gon10Jou",0.522232967867094
"870","Del13Eur","Ign15Dis",0.522232967867094
"877","Del13Eur","LeG08Emp",0.522232967867094
"914","Dim09Urb","Gon10Jou",0.522232967867094
"918","Dim09Urb","Ign15Dis",0.522232967867094
"925","Dim09Urb","LeG08Emp",0.522232967867094
"1007","Ett87Env","Gon10Jou",0.522232967867094
"1011","Ett87Env","Ign15Dis",0.522232967867094
"1018","Ett87Env","LeG08Emp",0.522232967867094
"1052","Ezz15Rev","Gon10Jou",0.522232967867094
"1056","Ezz15Rev","Ign15Dis",0.522232967867094
"1063","Ezz15Rev","LeG08Emp",0.522232967867094
"1222","Gan06Eco","Gon10Jou",0.522232967867094
"1226","Gan06Eco","Ign15Dis",0.522232967867094
"1233","Gan06Eco","LeG08Emp",0.522232967867094
"1344","Gon10Jou","Iye13Eur",0.522232967867094
"1360","Gon10Jou","Nis08Jou",0.522232967867094
"1369","Gon10Jou","Sch12Reg",0.522232967867094
"1372","Gon10Jou","Soo05Reg",0.522232967867094
"1486","Ign15Dis","Iye13Eur",0.522232967867094
"1502","Ign15Dis","Nis08Jou",0.522232967867094
"1511","Ign15Dis","Sch12Reg",0.522232967867094
"1514","Ign15Dis","Soo05Reg",0.522232967867094
"1519","Ign15Dis","Ziq16Asi",0.522232967867094
"1525","Iye13Eur","LeG08Emp",0.522232967867094
"1712","LeG08Emp","Nis08Jou",0.522232967867094
"1721","LeG08Emp","Sch12Reg",0.522232967867094
"1724","LeG08Emp","Soo05Reg",0.522232967867094
"256","Bat01Urb","Bre15Int",0.516397779494322
"373","Bla03Jou","Bre15Int",0.516397779494322
"599","Bre15Int","Del04Con",0.516397779494322
"132","And05Reg","Bos08Reg",0.516397779494322
"140","And05Reg","Del13Eur",0.516397779494322
"141","And05Reg","Dim09Urb",0.516397779494322
"143","And05Reg","Ett87Env",0.516397779494322
"144","And05Reg","Ezz15Rev",0.516397779494322
"148","And05Reg","Gan06Eco",0.516397779494322
"172","And05Reg","Nis08Jou",0.516397779494322
"181","And05Reg","Sch12Reg",0.516397779494322
"184","And05Reg","Soo05Reg",0.516397779494322
"365","Ber12Cit","Soo07Urb",0.516397779494322
"2074","Soo07Urb","Ziq16Asi",0.516397779494322
"106","Ama14Int","Mod15Qua",0.510310363079829
"1624","Kra98Urb","Mod15Qua",0.510310363079829
"1681","Kum14Jou","Mod15Qua",0.510310363079829
"228","Ara14Eco","Mir86Urb",0.50709255283711
"236","Ara14Eco","Par85Jou",0.505076272276105
"662","Cam90Jou","Gan13Eco",0.5
"665","Cam90Jou","Gue95Urb",0.5
"714","Cie16Mis","Gan13Eco",0.5
"765","Cra05Con","Gan13Eco",0.5
"959","Eec04The","Gan13Eco",0.5
"1137","Gab11Jou","Gan13Eco",0.5
"1179","Gab99Qua","Gan13Eco",0.5
"1261","Gan13Eco","Gie10Jou",0.5
"1265","Gan13Eco","Hol10Nat",0.5
"1268","Gan13Eco","Kam90Jou",0.5
"1269","Gan13Eco","Knu01Ame",0.5
"1271","Gan13Eco","Kru96Jou",0.5
"1277","Gan13Eco","Man16Reg",0.5
"1279","Gan13Eco","Mod15Qua",0.5
"1282","Gan13Eco","Nau03Jou",0.5
"1294","Gan13Eco","Son02Urb",0.5
"1298","Gan13Eco","Ven13Oec",0.5
"1382","Gue95Urb","Kam90Jou",0.5
"1788","Mal80Env","Oka79Reg",0.5
"1801","Mal80Env","Sua80Jou",0.5
"9","Alp89Jou","Bre00Cyb",0.5
"54","Alp89Jou","Ros80Jou",0.5
"57","Alp89Jou","She12Com",0.5
"585","Bre00Cyb","Ros80Jou",0.5
"1098","Faz15Jou","Gul12Age",0.5
"1121","Faz15Jou","Pen10Phy",0.5
"1125","Faz15Jou","Roz11Ame",0.5
"1127","Faz15Jou","She12Com",0.5
"1133","Faz15Jou","XuZ09Urb",0.5
"1424","Gul12Age","Li_16Wor",0.5
"1431","Gul12Age","Mor13Tow",0.5
"1439","Gul12Age","Pum15Cyb",0.5
"1443","Gul12Age","She12Com",0.5
"1742","Li_16Wor","Pen10Phy",0.5
"1746","Li_16Wor","Roz11Ame",0.5
"1748","Li_16Wor","She12Com",0.5
"1754","Li_16Wor","XuZ09Urb",0.5
"1896","Mor13Tow","Pen10Phy",0.5
"1900","Mor13Tow","Roz11Ame",0.5
"1902","Mor13Tow","She12Com",0.5
"1908","Mor13Tow","XuZ09Urb",0.5
"1991","Pen10Phy","Pum15Cyb",0.5
"1995","Pen10Phy","She12Com",0.5
"2016","Pum15Cyb","Roz11Ame",0.5
"2018","Pum15Cyb","She12Com",0.5
"2024","Pum15Cyb","XuZ09Urb",0.5
"2028","Ros80Jou","She12Com",0.5
"2037","Roz11Ame","She12Com",0.5
"2058","She12Com","XuZ09Urb",0.5
"175","And05Reg","Par85Jou",0.478091443733757
"134","And05Reg","Bre00Cyb",0.474341649025257
"591","Bre00Cyb","Soo07Urb",0.474341649025257
"581","Bre00Cyb","Par85Jou",0.472455591261534
"68","Ama14Int","Ber12Cit",0.471404520791032
"127","Ama14Int","Ziq16Asi",0.471404520791032
"341","Ber12Cit","Kum14Jou",0.471404520791032
"454","Bos08Reg","Kra98Urb",0.471404520791032
"874","Del13Eur","Kra98Urb",0.471404520791032
"922","Dim09Urb","Kra98Urb",0.471404520791032
"1015","Ett87Env","Kra98Urb",0.471404520791032
"1060","Ezz15Rev","Kra98Urb",0.471404520791032
"1230","Gan06Eco","Kra98Urb",0.471404520791032
"1628","Kra98Urb","Nis08Jou",0.471404520791032
"1637","Kra98Urb","Sch12Reg",0.471404520791032
"1640","Kra98Urb","Soo05Reg",0.471404520791032
"1702","Kum14Jou","Ziq16Asi",0.471404520791032
"1031","Ett87Env","Par85Jou",0.462910049886276
"1630","Kra98Urb","Par83Jou",0.452910813657838
"1262","Gan13Eco","Gon10Jou",0.452267016866645
"1273","Gan13Eco","LeG08Emp",0.452267016866645
"4","Alp89Jou","Bat01Urb",0.447213595499958
"6","Alp89Jou","Bla03Jou",0.447213595499958
"14","Alp89Jou","Del04Con",0.447213595499958
"136","And05Reg","Cam90Jou",0.447213595499958
"146","And05Reg","Gab11Jou",0.447213595499958
"147","And05Reg","Gab99Qua",0.447213595499958
"149","And05Reg","Gan13Eco",0.447213595499958
"150","And05Reg","Gie10Jou",0.447213595499958
"157","And05Reg","Kam90Jou",0.447213595499958
"160","And05Reg","Kru96Jou",0.447213595499958
"173","And05Reg","Oka79Reg",0.447213595499958
"183","And05Reg","Son02Urb",0.447213595499958
"186","And05Reg","Sua80Jou",0.447213595499958
"255","Bat01Urb","Bre00Cyb",0.447213595499958
"300","Bat01Urb","Ros80Jou",0.447213595499958
"372","Bla03Jou","Bre00Cyb",0.447213595499958
"417","Bla03Jou","Ros80Jou",0.447213595499958
"545","Bre00Cyb","Del04Con",0.447213595499958
"682","Cam90Jou","Mor13Tex",0.447213595499958
"698","Cam90Jou","Soo07Urb",0.447213595499958
"734","Cie16Mis","Mor13Tex",0.447213595499958
"785","Cra05Con","Mor13Tex",0.447213595499958
"801","Cra05Con","Soo07Urb",0.447213595499958
"845","Del04Con","Ros80Jou",0.447213595499958
"979","Eec04The","Mor13Tex",0.447213595499958
"995","Eec04The","Soo07Urb",0.447213595499958
"1157","Gab11Jou","Mor13Tex",0.447213595499958
"1173","Gab11Jou","Soo07Urb",0.447213595499958
"1199","Gab99Qua","Mor13Tex",0.447213595499958
"1215","Gab99Qua","Soo07Urb",0.447213595499958
"1319","Gie10Jou","Mor13Tex",0.447213595499958
"1335","Gie10Jou","Soo07Urb",0.447213595499958
"1465","Hol10Nat","Mor13Tex",0.447213595499958
"1481","Hol10Nat","Soo07Urb",0.447213595499958
"1564","Kam90Jou","Mor13Tex",0.447213595499958
"1580","Kam90Jou","Soo07Urb",0.447213595499958
"1595","Knu01Ame","Mor13Tex",0.447213595499958
"1611","Knu01Ame","Soo07Urb",0.447213595499958
"1654","Kru96Jou","Mor13Tex",0.447213595499958
"1670","Kru96Jou","Soo07Urb",0.447213595499958
"1782","Mal80Env","Mir86Urb",0.447213595499958
"1792","Mal80Env","Pop74Sov",0.447213595499958
"1800","Mal80Env","Soo07Urb",0.447213595499958
"1807","Man16Reg","Mor13Tex",0.447213595499958
"1828","Mir86Urb","Mod15Qua",0.447213595499958
"1833","Mir86Urb","Oka79Reg",0.447213595499958
"1846","Mir86Urb","Sua80Jou",0.447213595499958
"1866","Mod15Qua","Soo07Urb",0.447213595499958
"1872","Mor13Tex","Nau03Jou",0.447213595499958
"1874","Mor13Tex","Oka79Reg",0.447213595499958
"1884","Mor13Tex","Son02Urb",0.447213595499958
"1887","Mor13Tex","Sua80Jou",0.447213595499958
"1888","Mor13Tex","Ven13Oec",0.447213595499958
"1923","Nau03Jou","Soo07Urb",0.447213595499958
"1948","Oka79Reg","Pop74Sov",0.447213595499958
"1956","Oka79Reg","Soo07Urb",0.447213595499958
"2011","Pop74Sov","Sua80Jou",0.447213595499958
"2061","Son02Urb","Soo07Urb",0.447213595499958
"2071","Soo07Urb","Sua80Jou",0.447213595499958
"2072","Soo07Urb","Ven13Oec",0.447213595499958
"113","Ama14Int","Par85Jou",0.436435780471985
"191","Ara14Eco","Ber12Cit",0.436435780471985
"250","Ara14Eco","Ziq16Asi",0.436435780471985
"1688","Kum14Jou","Par85Jou",0.436435780471985
"348","Ber12Cit","Mod15Qua",0.433012701892219
"463","Bos08Reg","Mod15Qua",0.433012701892219
"541","Bre00Cyb","Bre15Int",0.433012701892219
"883","Del13Eur","Mod15Qua",0.433012701892219
"931","Dim09Urb","Mod15Qua",0.433012701892219
"1024","Ett87Env","Mod15Qua",0.433012701892219
"1069","Ezz15Rev","Mod15Qua",0.433012701892219
"1239","Gan06Eco","Mod15Qua",0.433012701892219
"1531","Iye13Eur","Mod15Qua",0.433012701892219
"1853","Mod15Qua","Nis08Jou",0.433012701892219
"1862","Mod15Qua","Sch12Reg",0.433012701892219
"1865","Mod15Qua","Soo05Reg",0.433012701892219
"1870","Mod15Qua","Ziq16Asi",0.433012701892219
"26","Alp89Jou","Gon10Jou",0.426401432711221
"30","Alp89Jou","Ign15Dis",0.426401432711221
"37","Alp89Jou","LeG08Emp",0.426401432711221
"557","Bre00Cyb","Gon10Jou",0.426401432711221
"561","Bre00Cyb","Ign15Dis",0.426401432711221
"568","Bre00Cyb","LeG08Emp",0.426401432711221
"1100","Faz15Jou","Ign15Dis",0.426401432711221
"1341","Gon10Jou","Gul12Age",0.426401432711221
"1364","Gon10Jou","Pen10Phy",0.426401432711221
"1367","Gon10Jou","Ros80Jou",0.426401432711221
"1368","Gon10Jou","Roz11Ame",0.426401432711221
"1370","Gon10Jou","She12Com",0.426401432711221
"1376","Gon10Jou","XuZ09Urb",0.426401432711221
"1416","Gul12Age","Ign15Dis",0.426401432711221
"1423","Gul12Age","LeG08Emp",0.426401432711221
"1493","Ign15Dis","Li_16Wor",0.426401432711221
"1500","Ign15Dis","Mor13Tow",0.426401432711221
"1506","Ign15Dis","Pen10Phy",0.426401432711221
"1508","Ign15Dis","Pum15Cyb",0.426401432711221
"1509","Ign15Dis","Ros80Jou",0.426401432711221
"1510","Ign15Dis","Roz11Ame",0.426401432711221
"1512","Ign15Dis","She12Com",0.426401432711221
"1518","Ign15Dis","XuZ09Urb",0.426401432711221
"1716","LeG08Emp","Pen10Phy",0.426401432711221
"1719","LeG08Emp","Ros80Jou",0.426401432711221
"1720","LeG08Emp","Roz11Ame",0.426401432711221
"1722","LeG08Emp","She12Com",0.426401432711221
"1728","LeG08Emp","XuZ09Urb",0.426401432711221
"290","Bat01Urb","Mor13Tex",0.424264068711928
"298","Bat01Urb","Pop74Sov",0.424264068711928
"407","Bla03Jou","Mor13Tex",0.424264068711928
"415","Bla03Jou","Pop74Sov",0.424264068711928
"835","Del04Con","Mor13Tex",0.424264068711928
"235","Ara14Eco","Par83Jou",0.419313934688767
"74","Ama14Int","Cam90Jou",0.408248290463863
"76","Ama14Int","Cra05Con",0.408248290463863
"80","Ama14Int","Eec04The",0.408248290463863
"84","Ama14Int","Gab11Jou",0.408248290463863
"85","Ama14Int","Gab99Qua",0.408248290463863
"88","Ama14Int","Gie10Jou",0.408248290463863
"92","Ama14Int","Hol10Nat",0.408248290463863
"95","Ama14Int","Kam90Jou",0.408248290463863
"96","Ama14Int","Knu01Ame",0.408248290463863
"98","Ama14Int","Kru96Jou",0.408248290463863
"109","Ama14Int","Nau03Jou",0.408248290463863
"111","Ama14Int","Oka79Reg",0.408248290463863
"121","Ama14Int","Son02Urb",0.408248290463863
"124","Ama14Int","Sua80Jou",0.408248290463863
"125","Ama14Int","Ven13Oec",0.408248290463863
"596","Bre15Int","Cam90Jou",0.408248290463863
"597","Bre15Int","Cie16Mis",0.408248290463863
"598","Bre15Int","Cra05Con",0.408248290463863
"602","Bre15Int","Eec04The",0.408248290463863
"606","Bre15Int","Gab11Jou",0.408248290463863
"607","Bre15Int","Gab99Qua",0.408248290463863
"610","Bre15Int","Gie10Jou",0.408248290463863
"614","Bre15Int","Hol10Nat",0.408248290463863
"617","Bre15Int","Kam90Jou",0.408248290463863
"618","Bre15Int","Knu01Ame",0.408248290463863
"620","Bre15Int","Kru96Jou",0.408248290463863
"625","Bre15Int","Mal80Env",0.408248290463863
"626","Bre15Int","Man16Reg",0.408248290463863
"631","Bre15Int","Nau03Jou",0.408248290463863
"633","Bre15Int","Oka79Reg",0.408248290463863
"643","Bre15Int","Son02Urb",0.408248290463863
"646","Bre15Int","Sua80Jou",0.408248290463863
"647","Bre15Int","Ven13Oec",0.408248290463863
"672","Cam90Jou","Kra98Urb",0.408248290463863
"674","Cam90Jou","Kum14Jou",0.408248290463863
"777","Cra05Con","Kum14Jou",0.408248290463863
"971","Eec04The","Kum14Jou",0.408248290463863
"1147","Gab11Jou","Kra98Urb",0.408248290463863
"1149","Gab11Jou","Kum14Jou",0.408248290463863
"1189","Gab99Qua","Kra98Urb",0.408248290463863
"1191","Gab99Qua","Kum14Jou",0.408248290463863
"1270","Gan13Eco","Kra98Urb",0.408248290463863
"1309","Gie10Jou","Kra98Urb",0.408248290463863
"1311","Gie10Jou","Kum14Jou",0.408248290463863
"1457","Hol10Nat","Kum14Jou",0.408248290463863
"1554","Kam90Jou","Kra98Urb",0.408248290463863
"1556","Kam90Jou","Kum14Jou",0.408248290463863
"1587","Knu01Ame","Kum14Jou",0.408248290463863
"1616","Kra98Urb","Kru96Jou",0.408248290463863
"1629","Kra98Urb","Oka79Reg",0.408248290463863
"1639","Kra98Urb","Son02Urb",0.408248290463863
"1642","Kra98Urb","Sua80Jou",0.408248290463863
"1646","Kru96Jou","Kum14Jou",0.408248290463863
"1684","Kum14Jou","Nau03Jou",0.408248290463863
"1686","Kum14Jou","Oka79Reg",0.408248290463863
"1696","Kum14Jou","Son02Urb",0.408248290463863
"1699","Kum14Jou","Sua80Jou",0.408248290463863
"1700","Kum14Jou","Ven13Oec",0.408248290463863
"15","Alp89Jou","Del13Eur",0.408248290463863
"16","Alp89Jou","Dim09Urb",0.408248290463863
"18","Alp89Jou","Ett87Env",0.408248290463863
"19","Alp89Jou","Ezz15Rev",0.408248290463863
"23","Alp89Jou","Gan06Eco",0.408248290463863
"47","Alp89Jou","Nis08Jou",0.408248290463863
"56","Alp89Jou","Sch12Reg",0.408248290463863
"59","Alp89Jou","Soo05Reg",0.408248290463863
"362","Ber12Cit","She12Com",0.408248290463863
"448","Bos08Reg","Gul12Age",0.408248290463863
"471","Bos08Reg","Pen10Phy",0.408248290463863
"475","Bos08Reg","Roz11Ame",0.408248290463863
"483","Bos08Reg","XuZ09Urb",0.408248290463863
"504","Bra99Jou","Gul12Age",0.408248290463863
"527","Bra99Jou","Pen10Phy",0.408248290463863
"531","Bra99Jou","Roz11Ame",0.408248290463863
"539","Bra99Jou","XuZ09Urb",0.408248290463863
"562","Bre00Cyb","Iye13Eur",0.408248290463863
"860","Del13Eur","Faz15Jou",0.408248290463863
"878","Del13Eur","Li_16Wor",0.408248290463863
"885","Del13Eur","Mor13Tow",0.408248290463863
"893","Del13Eur","Pum15Cyb",0.408248290463863
"897","Del13Eur","She12Com",0.408248290463863
"908","Dim09Urb","Faz15Jou",0.408248290463863
"926","Dim09Urb","Li_16Wor",0.408248290463863
"933","Dim09Urb","Mor13Tow",0.408248290463863
"941","Dim09Urb","Pum15Cyb",0.408248290463863
"945","Dim09Urb","She12Com",0.408248290463863
"1046","Ezz15Rev","Faz15Jou",0.408248290463863
"1064","Ezz15Rev","Li_16Wor",0.408248290463863
"1071","Ezz15Rev","Mor13Tow",0.408248290463863
"1079","Ezz15Rev","Pum15Cyb",0.408248290463863
"1083","Ezz15Rev","She12Com",0.408248290463863
"1093","Faz15Jou","Gan06Eco",0.408248290463863
"1117","Faz15Jou","Nis08Jou",0.408248290463863
"1126","Faz15Jou","Sch12Reg",0.408248290463863
"1129","Faz15Jou","Soo05Reg",0.408248290463863
"1234","Gan06Eco","Li_16Wor",0.408248290463863
"1241","Gan06Eco","Mor13Tow",0.408248290463863
"1249","Gan06Eco","Pum15Cyb",0.408248290463863
"1253","Gan06Eco","She12Com",0.408248290463863
"1417","Gul12Age","Iye13Eur",0.408248290463863
"1539","Iye13Eur","Pen10Phy",0.408248290463863
"1542","Iye13Eur","Ros80Jou",0.408248290463863
"1543","Iye13Eur","Roz11Ame",0.408248290463863
"1545","Iye13Eur","She12Com",0.408248290463863
"1551","Iye13Eur","XuZ09Urb",0.408248290463863
"1738","Li_16Wor","Nis08Jou",0.408248290463863
"1747","Li_16Wor","Sch12Reg",0.408248290463863
"1750","Li_16Wor","Soo05Reg",0.408248290463863
"1892","Mor13Tow","Nis08Jou",0.408248290463863
"1901","Mor13Tow","Sch12Reg",0.408248290463863
"1904","Mor13Tow","Soo05Reg",0.408248290463863
"1933","Nis08Jou","Pum15Cyb",0.408248290463863
"1937","Nis08Jou","She12Com",0.408248290463863
"2017","Pum15Cyb","Sch12Reg",0.408248290463863
"2020","Pum15Cyb","Soo05Reg",0.408248290463863
"2045","Sch12Reg","She12Com",0.408248290463863
"2054","She12Com","Soo05Reg",0.408248290463863
"2059","She12Com","Ziq16Asi",0.408248290463863
"1365","Gon10Jou","Pop74Sov",0.404519917477945
"1497","Ign15Dis","Mir86Urb",0.404519917477945
"1717","LeG08Emp","Pop74Sov",0.404519917477945
"1766","Luc14Eco","Par85Jou",0.404061017820884
"1845","Mir86Urb","Soo07Urb",0.4
"2010","Pop74Sov","Soo07Urb",0.4
"580","Bre00Cyb","Par83Jou",0.392232270276368
"1965","Par83Jou","Ros80Jou",0.392232270276368
"50","Alp89Jou","Par85Jou",0.377964473009227
"197","Ara14Eco","Cam90Jou",0.377964473009227
"199","Ara14Eco","Cra05Con",0.377964473009227
"203","Ara14Eco","Eec04The",0.377964473009227
"207","Ara14Eco","Gab11Jou",0.377964473009227
"208","Ara14Eco","Gab99Qua",0.377964473009227
"211","Ara14Eco","Gie10Jou",0.377964473009227
"215","Ara14Eco","Hol10Nat",0.377964473009227
"218","Ara14Eco","Kam90Jou",0.377964473009227
"219","Ara14Eco","Knu01Ame",0.377964473009227
"221","Ara14Eco","Kru96Jou",0.377964473009227
"232","Ara14Eco","Nau03Jou",0.377964473009227
"234","Ara14Eco","Oka79Reg",0.377964473009227
"244","Ara14Eco","Son02Urb",0.377964473009227
"247","Ara14Eco","Sua80Jou",0.377964473009227
"248","Ara14Eco","Ven13Oec",0.377964473009227
"677","Cam90Jou","Luc14Eco",0.377964473009227
"729","Cie16Mis","Luc14Eco",0.377964473009227
"780","Cra05Con","Luc14Eco",0.377964473009227
"974","Eec04The","Luc14Eco",0.377964473009227
"1152","Gab11Jou","Luc14Eco",0.377964473009227
"1194","Gab99Qua","Luc14Eco",0.377964473009227
"1314","Gie10Jou","Luc14Eco",0.377964473009227
"1460","Hol10Nat","Luc14Eco",0.377964473009227
"1559","Kam90Jou","Luc14Eco",0.377964473009227
"1590","Knu01Ame","Luc14Eco",0.377964473009227
"1649","Kru96Jou","Luc14Eco",0.377964473009227
"1757","Luc14Eco","Man16Reg",0.377964473009227
"1762","Luc14Eco","Nau03Jou",0.377964473009227
"1764","Luc14Eco","Oka79Reg",0.377964473009227
"1774","Luc14Eco","Son02Urb",0.377964473009227
"1777","Luc14Eco","Sua80Jou",0.377964473009227
"1778","Luc14Eco","Ven13Oec",0.377964473009227
"1979","Par85Jou","Ros80Jou",0.377964473009227
"1393","Gue95Urb","Mod15Qua",0.375
"1783","Mal80Env","Mod15Qua",0.375
"174","And05Reg","Par83Jou",0.372104203767625
"105","Ama14Int","Mir86Urb",0.365148371670111
"115","Ama14Int","Pop74Sov",0.365148371670111
"254","Bat01Urb","Bra99Jou",0.365148371670111
"261","Bat01Urb","Del13Eur",0.365148371670111
"262","Bat01Urb","Dim09Urb",0.365148371670111
"265","Bat01Urb","Ezz15Rev",0.365148371670111
"269","Bat01Urb","Gan06Eco",0.365148371670111
"293","Bat01Urb","Nis08Jou",0.365148371670111
"302","Bat01Urb","Sch12Reg",0.365148371670111
"305","Bat01Urb","Soo05Reg",0.365148371670111
"371","Bla03Jou","Bra99Jou",0.365148371670111
"378","Bla03Jou","Del13Eur",0.365148371670111
"379","Bla03Jou","Dim09Urb",0.365148371670111
"382","Bla03Jou","Ezz15Rev",0.365148371670111
"386","Bla03Jou","Gan06Eco",0.365148371670111
"410","Bla03Jou","Nis08Jou",0.365148371670111
"419","Bla03Jou","Sch12Reg",0.365148371670111
"422","Bla03Jou","Soo05Reg",0.365148371670111
"434","Bos08Reg","Del04Con",0.365148371670111
"490","Bra99Jou","Del04Con",0.365148371670111
"806","Del04Con","Del13Eur",0.365148371670111
"807","Del04Con","Dim09Urb",0.365148371670111
"810","Del04Con","Ezz15Rev",0.365148371670111
"814","Del04Con","Gan06Eco",0.365148371670111
"838","Del04Con","Nis08Jou",0.365148371670111
"847","Del04Con","Sch12Reg",0.365148371670111
"850","Del04Con","Soo05Reg",0.365148371670111
"1623","Kra98Urb","Mir86Urb",0.365148371670111
"1633","Kra98Urb","Pop74Sov",0.365148371670111
"1680","Kum14Jou","Mir86Urb",0.365148371670111
"1690","Kum14Jou","Pop74Sov",0.365148371670111
"1985","Par85Jou","Soo07Urb",0.358568582800318
"24","Alp89Jou","Gan13Eco",0.353553390593274
"27","Alp89Jou","Gue95Urb",0.353553390593274
"40","Alp89Jou","Mal80Env",0.353553390593274
"43","Alp89Jou","Mod15Qua",0.353553390593274
"542","Bre00Cyb","Cam90Jou",0.353553390593274
"563","Bre00Cyb","Kam90Jou",0.353553390593274
"574","Bre00Cyb","Mod15Qua",0.353553390593274
"579","Bre00Cyb","Oka79Reg",0.353553390593274
"592","Bre00Cyb","Sua80Jou",0.353553390593274
"1113","Faz15Jou","Mod15Qua",0.353553390593274
"1293","Gan13Eco","She12Com",0.353553390593274
"1429","Gul12Age","Mod15Qua",0.353553390593274
"1734","Li_16Wor","Mod15Qua",0.353553390593274
"1797","Mal80Env","She12Com",0.353553390593274
"1851","Mod15Qua","Mor13Tow",0.353553390593274
"1857","Mod15Qua","Pen10Phy",0.353553390593274
"1859","Mod15Qua","Pum15Cyb",0.353553390593274
"1860","Mod15Qua","Ros80Jou",0.353553390593274
"1861","Mod15Qua","Roz11Ame",0.353553390593274
"1863","Mod15Qua","She12Com",0.353553390593274
"1869","Mod15Qua","XuZ09Urb",0.353553390593274
"331","Ber12Cit","Gon10Jou",0.348155311911396
"342","Ber12Cit","LeG08Emp",0.348155311911396
"450","Bos08Reg","Ign15Dis",0.348155311911396
"502","Bra99Jou","Gon10Jou",0.348155311911396
"506","Bra99Jou","Ign15Dis",0.348155311911396
"513","Bra99Jou","LeG08Emp",0.348155311911396
"1377","Gon10Jou","Ziq16Asi",0.348155311911396
"1729","LeG08Emp","Ziq16Asi",0.348155311911396
"112","Ama14Int","Par83Jou",0.339683110243379
"1687","Kum14Jou","Par83Jou",0.339683110243379
"238","Ara14Eco","Pop74Sov",0.338061701891407
"1758","Luc14Eco","Mir86Urb",0.338061701891407
"1768","Luc14Eco","Pop74Sov",0.338061701891407
"1858","Mod15Qua","Pop74Sov",0.335410196624968
"312","Ber12Cit","Bos08Reg",0.333333333333333
"313","Ber12Cit","Bra99Jou",0.333333333333333
"336","Ber12Cit","Iye13Eur",0.333333333333333
"428","Bos08Reg","Bra99Jou",0.333333333333333
"435","Bos08Reg","Del13Eur",0.333333333333333
"436","Bos08Reg","Dim09Urb",0.333333333333333
"438","Bos08Reg","Ett87Env",0.333333333333333
"439","Bos08Reg","Ezz15Rev",0.333333333333333
"443","Bos08Reg","Gan06Eco",0.333333333333333
"451","Bos08Reg","Iye13Eur",0.333333333333333
"467","Bos08Reg","Nis08Jou",0.333333333333333
"476","Bos08Reg","Sch12Reg",0.333333333333333
"479","Bos08Reg","Soo05Reg",0.333333333333333
"484","Bos08Reg","Ziq16Asi",0.333333333333333
"491","Bra99Jou","Del13Eur",0.333333333333333
"492","Bra99Jou","Dim09Urb",0.333333333333333
"494","Bra99Jou","Ett87Env",0.333333333333333
"495","Bra99Jou","Ezz15Rev",0.333333333333333
"499","Bra99Jou","Gan06Eco",0.333333333333333
"507","Bra99Jou","Iye13Eur",0.333333333333333
"523","Bra99Jou","Nis08Jou",0.333333333333333
"532","Bra99Jou","Sch12Reg",0.333333333333333
"535","Bra99Jou","Soo05Reg",0.333333333333333
"540","Bra99Jou","Ziq16Asi",0.333333333333333
"858","Del13Eur","Ett87Env",0.333333333333333
"906","Dim09Urb","Ett87Env",0.333333333333333
"1000","Ett87Env","Ezz15Rev",0.333333333333333
"1004","Ett87Env","Gan06Eco",0.333333333333333
"1012","Ett87Env","Iye13Eur",0.333333333333333
"1028","Ett87Env","Nis08Jou",0.333333333333333
"1037","Ett87Env","Sch12Reg",0.333333333333333
"1040","Ett87Env","Soo05Reg",0.333333333333333
"1552","Iye13Eur","Ziq16Asi",0.333333333333333
"635","Bre15Int","Par85Jou",0.327326835353989
"469","Bos08Reg","Par83Jou",0.320256307610174
"1030","Ett87Env","Par83Jou",0.320256307610174
"42","Alp89Jou","Mir86Urb",0.316227766016838
"52","Alp89Jou","Pop74Sov",0.316227766016838
"153","And05Reg","Gul12Age",0.316227766016838
"176","And05Reg","Pen10Phy",0.316227766016838
"180","And05Reg","Roz11Ame",0.316227766016838
"182","And05Reg","She12Com",0.316227766016838
"188","And05Reg","XuZ09Urb",0.316227766016838
"257","Bat01Urb","Cam90Jou",0.316227766016838
"267","Bat01Urb","Gab11Jou",0.316227766016838
"268","Bat01Urb","Gab99Qua",0.316227766016838
"270","Bat01Urb","Gan13Eco",0.316227766016838
"271","Bat01Urb","Gie10Jou",0.316227766016838
"273","Bat01Urb","Gue95Urb",0.316227766016838
"278","Bat01Urb","Kam90Jou",0.316227766016838
"281","Bat01Urb","Kru96Jou",0.316227766016838
"294","Bat01Urb","Oka79Reg",0.316227766016838
"304","Bat01Urb","Son02Urb",0.316227766016838
"307","Bat01Urb","Sua80Jou",0.316227766016838
"374","Bla03Jou","Cam90Jou",0.316227766016838
"384","Bla03Jou","Gab11Jou",0.316227766016838
"385","Bla03Jou","Gab99Qua",0.316227766016838
"387","Bla03Jou","Gan13Eco",0.316227766016838
"388","Bla03Jou","Gie10Jou",0.316227766016838
"390","Bla03Jou","Gue95Urb",0.316227766016838
"395","Bla03Jou","Kam90Jou",0.316227766016838
"398","Bla03Jou","Kru96Jou",0.316227766016838
"411","Bla03Jou","Oka79Reg",0.316227766016838
"421","Bla03Jou","Son02Urb",0.316227766016838
"424","Bla03Jou","Sua80Jou",0.316227766016838
"573","Bre00Cyb","Mir86Urb",0.316227766016838
"575","Bre00Cyb","Mor13Tex",0.316227766016838
"583","Bre00Cyb","Pop74Sov",0.316227766016838
"652","Cam90Jou","Del04Con",0.316227766016838
"812","Del04Con","Gab11Jou",0.316227766016838
"813","Del04Con","Gab99Qua",0.316227766016838
"815","Del04Con","Gan13Eco",0.316227766016838
"816","Del04Con","Gie10Jou",0.316227766016838
"823","Del04Con","Kam90Jou",0.316227766016838
"826","Del04Con","Kru96Jou",0.316227766016838
"839","Del04Con","Oka79Reg",0.316227766016838
"849","Del04Con","Son02Urb",0.316227766016838
"852","Del04Con","Sua80Jou",0.316227766016838
"1130","Faz15Jou","Soo07Urb",0.316227766016838
"1751","Li_16Wor","Soo07Urb",0.316227766016838
"1839","Mir86Urb","Ros80Jou",0.316227766016838
"1842","Mir86Urb","She12Com",0.316227766016838
"1880","Mor13Tex","Ros80Jou",0.316227766016838
"1905","Mor13Tow","Soo07Urb",0.316227766016838
"2004","Pop74Sov","Ros80Jou",0.316227766016838
"2007","Pop74Sov","She12Com",0.316227766016838
"2021","Pum15Cyb","Soo07Urb",0.316227766016838
"2031","Ros80Jou","Soo07Urb",0.316227766016838
"1765","Luc14Eco","Par83Jou",0.314485451016575
"470","Bos08Reg","Par85Jou",0.308606699924184
"1538","Iye13Eur","Par85Jou",0.308606699924184
"664","Cam90Jou","Gon10Jou",0.301511344577764
"668","Cam90Jou","Ign15Dis",0.301511344577764
"675","Cam90Jou","LeG08Emp",0.301511344577764
"720","Cie16Mis","Ign15Dis",0.301511344577764
"767","Cra05Con","Gon10Jou",0.301511344577764
"771","Cra05Con","Ign15Dis",0.301511344577764
"778","Cra05Con","LeG08Emp",0.301511344577764
"961","Eec04The","Gon10Jou",0.301511344577764
"965","Eec04The","Ign15Dis",0.301511344577764
"972","Eec04The","LeG08Emp",0.301511344577764
"1139","Gab11Jou","Gon10Jou",0.301511344577764
"1143","Gab11Jou","Ign15Dis",0.301511344577764
"1150","Gab11Jou","LeG08Emp",0.301511344577764
"1181","Gab99Qua","Gon10Jou",0.301511344577764
"1185","Gab99Qua","Ign15Dis",0.301511344577764
"1192","Gab99Qua","LeG08Emp",0.301511344577764
"1301","Gie10Jou","Gon10Jou",0.301511344577764
"1305","Gie10Jou","Ign15Dis",0.301511344577764
"1312","Gie10Jou","LeG08Emp",0.301511344577764
"1340","Gon10Jou","Gue95Urb",0.301511344577764
"1342","Gon10Jou","Hol10Nat",0.301511344577764
"1345","Gon10Jou","Kam90Jou",0.301511344577764
"1346","Gon10Jou","Knu01Ame",0.301511344577764
"1348","Gon10Jou","Kru96Jou",0.301511344577764
"1359","Gon10Jou","Nau03Jou",0.301511344577764
"1361","Gon10Jou","Oka79Reg",0.301511344577764
"1371","Gon10Jou","Son02Urb",0.301511344577764
"1374","Gon10Jou","Sua80Jou",0.301511344577764
"1375","Gon10Jou","Ven13Oec",0.301511344577764
"1387","Gue95Urb","LeG08Emp",0.301511344577764
"1451","Hol10Nat","Ign15Dis",0.301511344577764
"1458","Hol10Nat","LeG08Emp",0.301511344577764
"1487","Ign15Dis","Kam90Jou",0.301511344577764
"1488","Ign15Dis","Knu01Ame",0.301511344577764
"1490","Ign15Dis","Kru96Jou",0.301511344577764
"1496","Ign15Dis","Man16Reg",0.301511344577764
"1501","Ign15Dis","Nau03Jou",0.301511344577764
"1503","Ign15Dis","Oka79Reg",0.301511344577764
"1513","Ign15Dis","Son02Urb",0.301511344577764
"1516","Ign15Dis","Sua80Jou",0.301511344577764
"1517","Ign15Dis","Ven13Oec",0.301511344577764
"1557","Kam90Jou","LeG08Emp",0.301511344577764
"1588","Knu01Ame","LeG08Emp",0.301511344577764
"1647","Kru96Jou","LeG08Emp",0.301511344577764
"1711","LeG08Emp","Nau03Jou",0.301511344577764
"1713","LeG08Emp","Oka79Reg",0.301511344577764
"1723","LeG08Emp","Son02Urb",0.301511344577764
"1726","LeG08Emp","Sua80Jou",0.301511344577764
"1727","LeG08Emp","Ven13Oec",0.301511344577764
"83","Ama14Int","Faz15Jou",0.288675134594813
"101","Ama14Int","Li_16Wor",0.288675134594813
"108","Ama14Int","Mor13Tow",0.288675134594813
"116","Ama14Int","Pum15Cyb",0.288675134594813
"444","Bos08Reg","Gan13Eco",0.288675134594813
"447","Bos08Reg","Gue95Urb",0.288675134594813
"460","Bos08Reg","Mal80Env",0.288675134594813
"500","Bra99Jou","Gan13Eco",0.288675134594813
"519","Bra99Jou","Mod15Qua",0.288675134594813
"867","Del13Eur","Gue95Urb",0.288675134594813
"915","Dim09Urb","Gue95Urb",0.288675134594813
"1005","Ett87Env","Gan13Eco",0.288675134594813
"1008","Ett87Env","Gue95Urb",0.288675134594813
"1021","Ett87Env","Mal80Env",0.288675134594813
"1053","Ezz15Rev","Gue95Urb",0.288675134594813
"1106","Faz15Jou","Kum14Jou",0.288675134594813
"1223","Gan06Eco","Gue95Urb",0.288675134594813
"1381","Gue95Urb","Iye13Eur",0.288675134594813
"1397","Gue95Urb","Nis08Jou",0.288675134594813
"1406","Gue95Urb","Sch12Reg",0.288675134594813
"1409","Gue95Urb","Soo05Reg",0.288675134594813
"1420","Gul12Age","Kra98Urb",0.288675134594813
"1528","Iye13Eur","Mal80Env",0.288675134594813
"1632","Kra98Urb","Pen10Phy",0.288675134594813
"1636","Kra98Urb","Roz11Ame",0.288675134594813
"1638","Kra98Urb","She12Com",0.288675134594813
"1644","Kra98Urb","XuZ09Urb",0.288675134594813
"1676","Kum14Jou","Li_16Wor",0.288675134594813
"1683","Kum14Jou","Mor13Tow",0.288675134594813
"1691","Kum14Jou","Pum15Cyb",0.288675134594813
"1399","Gue95Urb","Par83Jou",0.277350098112615
"1945","Oka79Reg","Par83Jou",0.277350098112615
"1972","Par83Jou","Sua80Jou",0.277350098112615
"1507","Ign15Dis","Pop74Sov",0.269679944985297
"688","Cam90Jou","Par85Jou",0.267261241912424
"1570","Kam90Jou","Par85Jou",0.267261241912424
"1946","Oka79Reg","Par85Jou",0.267261241912424
"1986","Par85Jou","Sua80Jou",0.267261241912424
"206","Ara14Eco","Faz15Jou",0.267261241912424
"224","Ara14Eco","Li_16Wor",0.267261241912424
"231","Ara14Eco","Mor13Tow",0.267261241912424
"239","Ara14Eco","Pum15Cyb",0.267261241912424
"130","And05Reg","Ber12Cit",0.258198889747161
"133","And05Reg","Bra99Jou",0.258198889747161
"189","And05Reg","Ziq16Asi",0.258198889747161
"462","Bos08Reg","Mir86Urb",0.258198889747161
"464","Bos08Reg","Mor13Tex",0.258198889747161
"472","Bos08Reg","Pop74Sov",0.258198889747161
"480","Bos08Reg","Soo07Urb",0.258198889747161
"520","Bra99Jou","Mor13Tex",0.258198889747161
"536","Bra99Jou","Soo07Urb",0.258198889747161
"1025","Ett87Env","Mor13Tex",0.258198889747161
"1041","Ett87Env","Soo07Urb",0.258198889747161
"1530","Iye13Eur","Mir86Urb",0.258198889747161
"1540","Iye13Eur","Pop74Sov",0.258198889747161
"681","Cam90Jou","Mod15Qua",0.25
"733","Cie16Mis","Mod15Qua",0.25
"784","Cra05Con","Mod15Qua",0.25
"978","Eec04The","Mod15Qua",0.25
"1156","Gab11Jou","Mod15Qua",0.25
"1198","Gab99Qua","Mod15Qua",0.25
"1263","Gan13Eco","Gue95Urb",0.25
"1318","Gie10Jou","Mod15Qua",0.25
"1464","Hol10Nat","Mod15Qua",0.25
"1563","Kam90Jou","Mod15Qua",0.25
"1594","Knu01Ame","Mod15Qua",0.25
"1653","Kru96Jou","Mod15Qua",0.25
"1806","Man16Reg","Mod15Qua",0.25
"1852","Mod15Qua","Nau03Jou",0.25
"1854","Mod15Qua","Oka79Reg",0.25
"1864","Mod15Qua","Son02Urb",0.25
"1867","Mod15Qua","Sua80Jou",0.25
"1868","Mod15Qua","Ven13Oec",0.25
"588","Bre00Cyb","She12Com",0.25
"1971","Par83Jou","Soo07Urb",0.248069469178417
"1876","Mor13Tex","Par85Jou",0.239045721866879
"70","Ama14Int","Bos08Reg",0.235702260395516
"71","Ama14Int","Bra99Jou",0.235702260395516
"81","Ama14Int","Ett87Env",0.235702260395516
"339","Ber12Cit","Kra98Urb",0.235702260395516
"430","Bos08Reg","Bre15Int",0.235702260395516
"456","Bos08Reg","Kum14Jou",0.235702260395516
"486","Bra99Jou","Bre15Int",0.235702260395516
"510","Bra99Jou","Kra98Urb",0.235702260395516
"512","Bra99Jou","Kum14Jou",0.235702260395516
"603","Bre15Int","Ett87Env",0.235702260395516
"1017","Ett87Env","Kum14Jou",0.235702260395516
"1645","Kra98Urb","Ziq16Asi",0.235702260395516
"634","Bre15Int","Par83Jou",0.226455406828919
"152","And05Reg","Gue95Urb",0.223606797749979
"274","Bat01Urb","Gul12Age",0.223606797749979
"297","Bat01Urb","Pen10Phy",0.223606797749979
"301","Bat01Urb","Roz11Ame",0.223606797749979
"303","Bat01Urb","She12Com",0.223606797749979
"309","Bat01Urb","XuZ09Urb",0.223606797749979
"391","Bla03Jou","Gul12Age",0.223606797749979
"414","Bla03Jou","Pen10Phy",0.223606797749979
"418","Bla03Jou","Roz11Ame",0.223606797749979
"420","Bla03Jou","She12Com",0.223606797749979
"426","Bla03Jou","XuZ09Urb",0.223606797749979
"819","Del04Con","Gul12Age",0.223606797749979
"842","Del04Con","Pen10Phy",0.223606797749979
"846","Del04Con","Roz11Ame",0.223606797749979
"848","Del04Con","She12Com",0.223606797749979
"854","Del04Con","XuZ09Urb",0.223606797749979
"1392","Gue95Urb","Mir86Urb",0.223606797749979
"1394","Gue95Urb","Mor13Tex",0.223606797749979
"1402","Gue95Urb","Pop74Sov",0.223606797749979
"1410","Gue95Urb","Soo07Urb",0.223606797749979
"1784","Mal80Env","Mor13Tex",0.223606797749979
"193","Ara14Eco","Bos08Reg",0.218217890235992
"194","Ara14Eco","Bra99Jou",0.218217890235992
"204","Ara14Eco","Ett87Env",0.218217890235992
"459","Bos08Reg","Luc14Eco",0.218217890235992
"515","Bra99Jou","Luc14Eco",0.218217890235992
"1020","Ett87Env","Luc14Eco",0.218217890235992
"1096","Faz15Jou","Gon10Jou",0.21320071635561
"1107","Faz15Jou","LeG08Emp",0.21320071635561
"1351","Gon10Jou","Li_16Wor",0.21320071635561
"1358","Gon10Jou","Mor13Tow",0.21320071635561
"1366","Gon10Jou","Pum15Cyb",0.21320071635561
"1703","LeG08Emp","Li_16Wor",0.21320071635561
"1710","LeG08Emp","Mor13Tow",0.21320071635561
"1718","LeG08Emp","Pum15Cyb",0.21320071635561
"90","Ama14Int","Gue95Urb",0.204124145231932
"612","Bre15Int","Gue95Urb",0.204124145231932
"1384","Gue95Urb","Kra98Urb",0.204124145231932
"1386","Gue95Urb","Kum14Jou",0.204124145231932
"485","Bra99Jou","Bre00Cyb",0.204124145231931
"546","Bre00Cyb","Del13Eur",0.204124145231931
"547","Bre00Cyb","Dim09Urb",0.204124145231931
"549","Bre00Cyb","Ett87Env",0.204124145231931
"550","Bre00Cyb","Ezz15Rev",0.204124145231931
"554","Bre00Cyb","Gan06Eco",0.204124145231931
"578","Bre00Cyb","Nis08Jou",0.204124145231931
"587","Bre00Cyb","Sch12Reg",0.204124145231931
"590","Bre00Cyb","Soo05Reg",0.204124145231931
"167","And05Reg","Mir86Urb",0.2
"177","And05Reg","Pop74Sov",0.2
"1829","Mir86Urb","Mor13Tex",0.2
"1878","Mor13Tex","Pop74Sov",0.2
"49","Alp89Jou","Par83Jou",0.196116135138184
"1968","Par83Jou","She12Com",0.196116135138184
"213","Ara14Eco","Gue95Urb",0.188982236504614
"1389","Gue95Urb","Luc14Eco",0.188982236504614
"1982","Par85Jou","She12Com",0.188982236504614
"251","Bat01Urb","Ber12Cit",0.182574185835055
"310","Bat01Urb","Ziq16Asi",0.182574185835055
"311","Ber12Cit","Bla03Jou",0.182574185835055
"319","Ber12Cit","Del04Con",0.182574185835055
"427","Bla03Jou","Ziq16Asi",0.182574185835055
"627","Bre15Int","Mir86Urb",0.182574185835055
"637","Bre15Int","Pop74Sov",0.182574185835055
"855","Del04Con","Ziq16Asi",0.182574185835055
"555","Bre00Cyb","Gan13Eco",0.176776695296637
"558","Bre00Cyb","Gue95Urb",0.176776695296637
"525","Bra99Jou","Par83Jou",0.160128153805087
"1537","Iye13Eur","Par83Jou",0.160128153805087
"818","Del04Con","Gue95Urb",0.158113883008419
"526","Bra99Jou","Par85Jou",0.154303349962092
"890","Del13Eur","Par85Jou",0.154303349962092
"938","Dim09Urb","Par85Jou",0.154303349962092
"1076","Ezz15Rev","Par85Jou",0.154303349962092
"1246","Gan06Eco","Par85Jou",0.154303349962092
"1930","Nis08Jou","Par85Jou",0.154303349962092
"1981","Par85Jou","Sch12Reg",0.154303349962092
"1984","Par85Jou","Soo05Reg",0.154303349962092
"1380","Gue95Urb","Ign15Dis",0.150755672288882
"1286","Gan13Eco","Par85Jou",0.133630620956212
"1875","Mor13Tex","Par83Jou",0.124034734589208
"5","Alp89Jou","Ber12Cit",0
"7","Alp89Jou","Bos08Reg",0
"8","Alp89Jou","Bra99Jou",0
"12","Alp89Jou","Cie16Mis",0
"13","Alp89Jou","Cra05Con",0
"17","Alp89Jou","Eec04The",0
"20","Alp89Jou","Faz15Jou",0
"21","Alp89Jou","Gab11Jou",0
"22","Alp89Jou","Gab99Qua",0
"25","Alp89Jou","Gie10Jou",0
"28","Alp89Jou","Gul12Age",0
"29","Alp89Jou","Hol10Nat",0
"33","Alp89Jou","Knu01Ame",0
"35","Alp89Jou","Kru96Jou",0
"38","Alp89Jou","Li_16Wor",0
"41","Alp89Jou","Man16Reg",0
"45","Alp89Jou","Mor13Tow",0
"46","Alp89Jou","Nau03Jou",0
"51","Alp89Jou","Pen10Phy",0
"53","Alp89Jou","Pum15Cyb",0
"55","Alp89Jou","Roz11Ame",0
"58","Alp89Jou","Son02Urb",0
"62","Alp89Jou","Ven13Oec",0
"63","Alp89Jou","XuZ09Urb",0
"64","Alp89Jou","Ziq16Asi",0
"75","Ama14Int","Cie16Mis",0
"104","Ama14Int","Man16Reg",0
"137","And05Reg","Cie16Mis",0
"138","And05Reg","Cra05Con",0
"142","And05Reg","Eec04The",0
"145","And05Reg","Faz15Jou",0
"154","And05Reg","Hol10Nat",0
"158","And05Reg","Knu01Ame",0
"163","And05Reg","Li_16Wor",0
"166","And05Reg","Man16Reg",0
"170","And05Reg","Mor13Tow",0
"171","And05Reg","Nau03Jou",0
"178","And05Reg","Pum15Cyb",0
"187","And05Reg","Ven13Oec",0
"198","Ara14Eco","Cie16Mis",0
"227","Ara14Eco","Man16Reg",0
"258","Bat01Urb","Cie16Mis",0
"259","Bat01Urb","Cra05Con",0
"263","Bat01Urb","Eec04The",0
"266","Bat01Urb","Faz15Jou",0
"275","Bat01Urb","Hol10Nat",0
"279","Bat01Urb","Knu01Ame",0
"284","Bat01Urb","Li_16Wor",0
"287","Bat01Urb","Man16Reg",0
"291","Bat01Urb","Mor13Tow",0
"292","Bat01Urb","Nau03Jou",0
"299","Bat01Urb","Pum15Cyb",0
"308","Bat01Urb","Ven13Oec",0
"314","Ber12Cit","Bre00Cyb",0
"316","Ber12Cit","Cam90Jou",0
"323","Ber12Cit","Ett87Env",0
"332","Ber12Cit","Gue95Urb",0
"337","Ber12Cit","Kam90Jou",0
"345","Ber12Cit","Mal80Env",0
"347","Ber12Cit","Mir86Urb",0
"353","Ber12Cit","Oka79Reg",0
"354","Ber12Cit","Par83Jou",0
"355","Ber12Cit","Par85Jou",0
"357","Ber12Cit","Pop74Sov",0
"359","Ber12Cit","Ros80Jou",0
"366","Ber12Cit","Sua80Jou",0
"375","Bla03Jou","Cie16Mis",0
"376","Bla03Jou","Cra05Con",0
"380","Bla03Jou","Eec04The",0
"383","Bla03Jou","Faz15Jou",0
"392","Bla03Jou","Hol10Nat",0
"396","Bla03Jou","Knu01Ame",0
"401","Bla03Jou","Li_16Wor",0
"404","Bla03Jou","Man16Reg",0
"408","Bla03Jou","Mor13Tow",0
"409","Bla03Jou","Nau03Jou",0
"416","Bla03Jou","Pum15Cyb",0
"425","Bla03Jou","Ven13Oec",0
"429","Bos08Reg","Bre00Cyb",0
"431","Bos08Reg","Cam90Jou",0
"432","Bos08Reg","Cie16Mis",0
"433","Bos08Reg","Cra05Con",0
"437","Bos08Reg","Eec04The",0
"440","Bos08Reg","Faz15Jou",0
"449","Bos08Reg","Hol10Nat",0
"452","Bos08Reg","Kam90Jou",0
"453","Bos08Reg","Knu01Ame",0
"458","Bos08Reg","Li_16Wor",0
"461","Bos08Reg","Man16Reg",0
"465","Bos08Reg","Mor13Tow",0
"466","Bos08Reg","Nau03Jou",0
"468","Bos08Reg","Oka79Reg",0
"473","Bos08Reg","Pum15Cyb",0
"474","Bos08Reg","Ros80Jou",0
"477","Bos08Reg","She12Com",0
"481","Bos08Reg","Sua80Jou",0
"482","Bos08Reg","Ven13Oec",0
"487","Bra99Jou","Cam90Jou",0
"488","Bra99Jou","Cie16Mis",0
"489","Bra99Jou","Cra05Con",0
"493","Bra99Jou","Eec04The",0
"496","Bra99Jou","Faz15Jou",0
"503","Bra99Jou","Gue95Urb",0
"505","Bra99Jou","Hol10Nat",0
"508","Bra99Jou","Kam90Jou",0
"509","Bra99Jou","Knu01Ame",0
"514","Bra99Jou","Li_16Wor",0
"516","Bra99Jou","Mal80Env",0
"517","Bra99Jou","Man16Reg",0
"518","Bra99Jou","Mir86Urb",0
"521","Bra99Jou","Mor13Tow",0
"522","Bra99Jou","Nau03Jou",0
"524","Bra99Jou","Oka79Reg",0
"528","Bra99Jou","Pop74Sov",0
"529","Bra99Jou","Pum15Cyb",0
"530","Bra99Jou","Ros80Jou",0
"533","Bra99Jou","She12Com",0
"537","Bra99Jou","Sua80Jou",0
"538","Bra99Jou","Ven13Oec",0
"543","Bre00Cyb","Cie16Mis",0
"544","Bre00Cyb","Cra05Con",0
"548","Bre00Cyb","Eec04The",0
"551","Bre00Cyb","Faz15Jou",0
"552","Bre00Cyb","Gab11Jou",0
"553","Bre00Cyb","Gab99Qua",0
"556","Bre00Cyb","Gie10Jou",0
"559","Bre00Cyb","Gul12Age",0
"560","Bre00Cyb","Hol10Nat",0
"564","Bre00Cyb","Knu01Ame",0
"566","Bre00Cyb","Kru96Jou",0
"569","Bre00Cyb","Li_16Wor",0
"572","Bre00Cyb","Man16Reg",0
"576","Bre00Cyb","Mor13Tow",0
"577","Bre00Cyb","Nau03Jou",0
"582","Bre00Cyb","Pen10Phy",0
"584","Bre00Cyb","Pum15Cyb",0
"586","Bre00Cyb","Roz11Ame",0
"589","Bre00Cyb","Son02Urb",0
"593","Bre00Cyb","Ven13Oec",0
"594","Bre00Cyb","XuZ09Urb",0
"595","Bre00Cyb","Ziq16Asi",0
"650","Cam90Jou","Cie16Mis",0
"651","Cam90Jou","Cra05Con",0
"655","Cam90Jou","Eec04The",0
"658","Cam90Jou","Faz15Jou",0
"659","Cam90Jou","Gab11Jou",0
"660","Cam90Jou","Gab99Qua",0
"663","Cam90Jou","Gie10Jou",0
"666","Cam90Jou","Gul12Age",0
"667","Cam90Jou","Hol10Nat",0
"671","Cam90Jou","Knu01Ame",0
"673","Cam90Jou","Kru96Jou",0
"676","Cam90Jou","Li_16Wor",0
"678","Cam90Jou","Mal80Env",0
"679","Cam90Jou","Man16Reg",0
"680","Cam90Jou","Mir86Urb",0
"683","Cam90Jou","Mor13Tow",0
"684","Cam90Jou","Nau03Jou",0
"686","Cam90Jou","Oka79Reg",0
"687","Cam90Jou","Par83Jou",0
"689","Cam90Jou","Pen10Phy",0
"690","Cam90Jou","Pop74Sov",0
"691","Cam90Jou","Pum15Cyb",0
"692","Cam90Jou","Ros80Jou",0
"693","Cam90Jou","Roz11Ame",0
"695","Cam90Jou","She12Com",0
"696","Cam90Jou","Son02Urb",0
"699","Cam90Jou","Sua80Jou",0
"700","Cam90Jou","Ven13Oec",0
"701","Cam90Jou","XuZ09Urb",0
"702","Cam90Jou","Ziq16Asi",0
"703","Cie16Mis","Cra05Con",0
"704","Cie16Mis","Del04Con",0
"705","Cie16Mis","Del13Eur",0
"706","Cie16Mis","Dim09Urb",0
"707","Cie16Mis","Eec04The",0
"708","Cie16Mis","Ett87Env",0
"709","Cie16Mis","Ezz15Rev",0
"711","Cie16Mis","Gab11Jou",0
"712","Cie16Mis","Gab99Qua",0
"713","Cie16Mis","Gan06Eco",0
"715","Cie16Mis","Gie10Jou",0
"716","Cie16Mis","Gon10Jou",0
"717","Cie16Mis","Gue95Urb",0
"718","Cie16Mis","Gul12Age",0
"719","Cie16Mis","Hol10Nat",0
"721","Cie16Mis","Iye13Eur",0
"722","Cie16Mis","Kam90Jou",0
"723","Cie16Mis","Knu01Ame",0
"724","Cie16Mis","Kra98Urb",0
"725","Cie16Mis","Kru96Jou",0
"726","Cie16Mis","Kum14Jou",0
"727","Cie16Mis","LeG08Emp",0
"730","Cie16Mis","Mal80Env",0
"732","Cie16Mis","Mir86Urb",0
"736","Cie16Mis","Nau03Jou",0
"737","Cie16Mis","Nis08Jou",0
"738","Cie16Mis","Oka79Reg",0
"739","Cie16Mis","Par83Jou",0
"740","Cie16Mis","Par85Jou",0
"741","Cie16Mis","Pen10Phy",0
"742","Cie16Mis","Pop74Sov",0
"744","Cie16Mis","Ros80Jou",0
"745","Cie16Mis","Roz11Ame",0
"746","Cie16Mis","Sch12Reg",0
"747","Cie16Mis","She12Com",0
"748","Cie16Mis","Son02Urb",0
"749","Cie16Mis","Soo05Reg",0
"750","Cie16Mis","Soo07Urb",0
"751","Cie16Mis","Sua80Jou",0
"752","Cie16Mis","Ven13Oec",0
"753","Cie16Mis","XuZ09Urb",0
"755","Cra05Con","Del04Con",0
"759","Cra05Con","Ett87Env",0
"762","Cra05Con","Gab11Jou",0
"763","Cra05Con","Gab99Qua",0
"766","Cra05Con","Gie10Jou",0
"768","Cra05Con","Gue95Urb",0
"772","Cra05Con","Iye13Eur",0
"773","Cra05Con","Kam90Jou",0
"775","Cra05Con","Kra98Urb",0
"776","Cra05Con","Kru96Jou",0
"781","Cra05Con","Mal80Env",0
"782","Cra05Con","Man16Reg",0
"783","Cra05Con","Mir86Urb",0
"789","Cra05Con","Oka79Reg",0
"790","Cra05Con","Par83Jou",0
"791","Cra05Con","Par85Jou",0
"793","Cra05Con","Pop74Sov",0
"795","Cra05Con","Ros80Jou",0
"799","Cra05Con","Son02Urb",0
"802","Cra05Con","Sua80Jou",0
"808","Del04Con","Eec04The",0
"811","Del04Con","Faz15Jou",0
"820","Del04Con","Hol10Nat",0
"824","Del04Con","Knu01Ame",0
"829","Del04Con","Li_16Wor",0
"832","Del04Con","Man16Reg",0
"836","Del04Con","Mor13Tow",0
"837","Del04Con","Nau03Jou",0
"844","Del04Con","Pum15Cyb",0
"853","Del04Con","Ven13Oec",0
"880","Del13Eur","Mal80Env",0
"881","Del13Eur","Man16Reg",0
"882","Del13Eur","Mir86Urb",0
"888","Del13Eur","Oka79Reg",0
"889","Del13Eur","Par83Jou",0
"892","Del13Eur","Pop74Sov",0
"894","Del13Eur","Ros80Jou",0
"901","Del13Eur","Sua80Jou",0
"928","Dim09Urb","Mal80Env",0
"929","Dim09Urb","Man16Reg",0
"930","Dim09Urb","Mir86Urb",0
"936","Dim09Urb","Oka79Reg",0
"937","Dim09Urb","Par83Jou",0
"940","Dim09Urb","Pop74Sov",0
"942","Dim09Urb","Ros80Jou",0
"949","Dim09Urb","Sua80Jou",0
"953","Eec04The","Ett87Env",0
"956","Eec04The","Gab11Jou",0
"957","Eec04The","Gab99Qua",0
"960","Eec04The","Gie10Jou",0
"962","Eec04The","Gue95Urb",0
"966","Eec04The","Iye13Eur",0
"967","Eec04The","Kam90Jou",0
"969","Eec04The","Kra98Urb",0
"970","Eec04The","Kru96Jou",0
"975","Eec04The","Mal80Env",0
"976","Eec04The","Man16Reg",0
"977","Eec04The","Mir86Urb",0
"983","Eec04The","Oka79Reg",0
"984","Eec04The","Par83Jou",0
"985","Eec04The","Par85Jou",0
"987","Eec04The","Pop74Sov",0
"989","Eec04The","Ros80Jou",0
"993","Eec04The","Son02Urb",0
"996","Eec04The","Sua80Jou",0
"1001","Ett87Env","Faz15Jou",0
"1002","Ett87Env","Gab11Jou",0
"1003","Ett87Env","Gab99Qua",0
"1006","Ett87Env","Gie10Jou",0
"1009","Ett87Env","Gul12Age",0
"1010","Ett87Env","Hol10Nat",0
"1014","Ett87Env","Knu01Ame",0
"1016","Ett87Env","Kru96Jou",0
"1019","Ett87Env","Li_16Wor",0
"1022","Ett87Env","Man16Reg",0
"1023","Ett87Env","Mir86Urb",0
"1026","Ett87Env","Mor13Tow",0
"1027","Ett87Env","Nau03Jou",0
"1029","Ett87Env","Oka79Reg",0
"1032","Ett87Env","Pen10Phy",0
"1033","Ett87Env","Pop74Sov",0
"1034","Ett87Env","Pum15Cyb",0
"1035","Ett87Env","Ros80Jou",0
"1036","Ett87Env","Roz11Ame",0
"1038","Ett87Env","She12Com",0
"1039","Ett87Env","Son02Urb",0
"1042","Ett87Env","Sua80Jou",0
"1043","Ett87Env","Ven13Oec",0
"1044","Ett87Env","XuZ09Urb",0
"1045","Ett87Env","Ziq16Asi",0
"1066","Ezz15Rev","Mal80Env",0
"1067","Ezz15Rev","Man16Reg",0
"1068","Ezz15Rev","Mir86Urb",0
"1074","Ezz15Rev","Oka79Reg",0
"1075","Ezz15Rev","Par83Jou",0
"1078","Ezz15Rev","Pop74Sov",0
"1080","Ezz15Rev","Ros80Jou",0
"1087","Ezz15Rev","Sua80Jou",0
"1091","Faz15Jou","Gab11Jou",0
"1092","Faz15Jou","Gab99Qua",0
"1095","Faz15Jou","Gie10Jou",0
"1097","Faz15Jou","Gue95Urb",0
"1101","Faz15Jou","Iye13Eur",0
"1102","Faz15Jou","Kam90Jou",0
"1104","Faz15Jou","Kra98Urb",0
"1105","Faz15Jou","Kru96Jou",0
"1110","Faz15Jou","Mal80Env",0
"1112","Faz15Jou","Mir86Urb",0
"1118","Faz15Jou","Oka79Reg",0
"1119","Faz15Jou","Par83Jou",0
"1120","Faz15Jou","Par85Jou",0
"1122","Faz15Jou","Pop74Sov",0
"1124","Faz15Jou","Ros80Jou",0
"1128","Faz15Jou","Son02Urb",0
"1131","Faz15Jou","Sua80Jou",0
"1140","Gab11Jou","Gue95Urb",0
"1142","Gab11Jou","Hol10Nat",0
"1145","Gab11Jou","Kam90Jou",0
"1146","Gab11Jou","Knu01Ame",0
"1151","Gab11Jou","Li_16Wor",0
"1153","Gab11Jou","Mal80Env",0
"1154","Gab11Jou","Man16Reg",0
"1155","Gab11Jou","Mir86Urb",0
"1158","Gab11Jou","Mor13Tow",0
"1159","Gab11Jou","Nau03Jou",0
"1161","Gab11Jou","Oka79Reg",0
"1162","Gab11Jou","Par83Jou",0
"1163","Gab11Jou","Par85Jou",0
"1165","Gab11Jou","Pop74Sov",0
"1166","Gab11Jou","Pum15Cyb",0
"1167","Gab11Jou","Ros80Jou",0
"1170","Gab11Jou","She12Com",0
"1174","Gab11Jou","Sua80Jou",0
"1175","Gab11Jou","Ven13Oec",0
"1182","Gab99Qua","Gue95Urb",0
"1184","Gab99Qua","Hol10Nat",0
"1187","Gab99Qua","Kam90Jou",0
"1188","Gab99Qua","Knu01Ame",0
"1193","Gab99Qua","Li_16Wor",0
"1195","Gab99Qua","Mal80Env",0
"1196","Gab99Qua","Man16Reg",0
"1197","Gab99Qua","Mir86Urb",0
"1200","Gab99Qua","Mor13Tow",0
"1201","Gab99Qua","Nau03Jou",0
"1203","Gab99Qua","Oka79Reg",0
"1204","Gab99Qua","Par83Jou",0
"1205","Gab99Qua","Par85Jou",0
"1207","Gab99Qua","Pop74Sov",0
"1208","Gab99Qua","Pum15Cyb",0
"1209","Gab99Qua","Ros80Jou",0
"1212","Gab99Qua","She12Com",0
"1216","Gab99Qua","Sua80Jou",0
"1217","Gab99Qua","Ven13Oec",0
"1236","Gan06Eco","Mal80Env",0
"1237","Gan06Eco","Man16Reg",0
"1238","Gan06Eco","Mir86Urb",0
"1244","Gan06Eco","Oka79Reg",0
"1245","Gan06Eco","Par83Jou",0
"1248","Gan06Eco","Pop74Sov",0
"1250","Gan06Eco","Ros80Jou",0
"1257","Gan06Eco","Sua80Jou",0
"1276","Gan13Eco","Mal80Env",0
"1278","Gan13Eco","Mir86Urb",0
"1284","Gan13Eco","Oka79Reg",0
"1285","Gan13Eco","Par83Jou",0
"1288","Gan13Eco","Pop74Sov",0
"1290","Gan13Eco","Ros80Jou",0
"1297","Gan13Eco","Sua80Jou",0
"1302","Gie10Jou","Gue95Urb",0
"1304","Gie10Jou","Hol10Nat",0
"1307","Gie10Jou","Kam90Jou",0
"1308","Gie10Jou","Knu01Ame",0
"1313","Gie10Jou","Li_16Wor",0
"1315","Gie10Jou","Mal80Env",0
"1316","Gie10Jou","Man16Reg",0
"1317","Gie10Jou","Mir86Urb",0
"1320","Gie10Jou","Mor13Tow",0
"1321","Gie10Jou","Nau03Jou",0
"1323","Gie10Jou","Oka79Reg",0
"1324","Gie10Jou","Par83Jou",0
"1325","Gie10Jou","Par85Jou",0
"1327","Gie10Jou","Pop74Sov",0
"1328","Gie10Jou","Pum15Cyb",0
"1329","Gie10Jou","Ros80Jou",0
"1332","Gie10Jou","She12Com",0
"1336","Gie10Jou","Sua80Jou",0
"1337","Gie10Jou","Ven13Oec",0
"1354","Gon10Jou","Man16Reg",0
"1378","Gue95Urb","Gul12Age",0
"1379","Gue95Urb","Hol10Nat",0
"1383","Gue95Urb","Knu01Ame",0
"1385","Gue95Urb","Kru96Jou",0
"1388","Gue95Urb","Li_16Wor",0
"1390","Gue95Urb","Mal80Env",0
"1391","Gue95Urb","Man16Reg",0
"1395","Gue95Urb","Mor13Tow",0
"1396","Gue95Urb","Nau03Jou",0
"1398","Gue95Urb","Oka79Reg",0
"1401","Gue95Urb","Pen10Phy",0
"1403","Gue95Urb","Pum15Cyb",0
"1404","Gue95Urb","Ros80Jou",0
"1405","Gue95Urb","Roz11Ame",0
"1407","Gue95Urb","She12Com",0
"1408","Gue95Urb","Son02Urb",0
"1411","Gue95Urb","Sua80Jou",0
"1412","Gue95Urb","Ven13Oec",0
"1413","Gue95Urb","XuZ09Urb",0
"1414","Gue95Urb","Ziq16Asi",0
"1418","Gul12Age","Kam90Jou",0
"1426","Gul12Age","Mal80Env",0
"1427","Gul12Age","Man16Reg",0
"1428","Gul12Age","Mir86Urb",0
"1434","Gul12Age","Oka79Reg",0
"1435","Gul12Age","Par83Jou",0
"1436","Gul12Age","Par85Jou",0
"1438","Gul12Age","Pop74Sov",0
"1440","Gul12Age","Ros80Jou",0
"1447","Gul12Age","Sua80Jou",0
"1452","Hol10Nat","Iye13Eur",0
"1453","Hol10Nat","Kam90Jou",0
"1455","Hol10Nat","Kra98Urb",0
"1456","Hol10Nat","Kru96Jou",0
"1461","Hol10Nat","Mal80Env",0
"1462","Hol10Nat","Man16Reg",0
"1463","Hol10Nat","Mir86Urb",0
"1469","Hol10Nat","Oka79Reg",0
"1470","Hol10Nat","Par83Jou",0
"1471","Hol10Nat","Par85Jou",0
"1473","Hol10Nat","Pop74Sov",0
"1475","Hol10Nat","Ros80Jou",0
"1479","Hol10Nat","Son02Urb",0
"1482","Hol10Nat","Sua80Jou",0
"1521","Iye13Eur","Knu01Ame",0
"1526","Iye13Eur","Li_16Wor",0
"1529","Iye13Eur","Man16Reg",0
"1533","Iye13Eur","Mor13Tow",0
"1534","Iye13Eur","Nau03Jou",0
"1541","Iye13Eur","Pum15Cyb",0
"1550","Iye13Eur","Ven13Oec",0
"1553","Kam90Jou","Knu01Ame",0
"1555","Kam90Jou","Kru96Jou",0
"1558","Kam90Jou","Li_16Wor",0
"1560","Kam90Jou","Mal80Env",0
"1561","Kam90Jou","Man16Reg",0
"1562","Kam90Jou","Mir86Urb",0
"1565","Kam90Jou","Mor13Tow",0
"1566","Kam90Jou","Nau03Jou",0
"1568","Kam90Jou","Oka79Reg",0
"1569","Kam90Jou","Par83Jou",0
"1571","Kam90Jou","Pen10Phy",0
"1572","Kam90Jou","Pop74Sov",0
"1573","Kam90Jou","Pum15Cyb",0
"1574","Kam90Jou","Ros80Jou",0
"1575","Kam90Jou","Roz11Ame",0
"1577","Kam90Jou","She12Com",0
"1578","Kam90Jou","Son02Urb",0
"1581","Kam90Jou","Sua80Jou",0
"1582","Kam90Jou","Ven13Oec",0
"1583","Kam90Jou","XuZ09Urb",0
"1584","Kam90Jou","Ziq16Asi",0
"1585","Knu01Ame","Kra98Urb",0
"1586","Knu01Ame","Kru96Jou",0
"1591","Knu01Ame","Mal80Env",0
"1592","Knu01Ame","Man16Reg",0
"1593","Knu01Ame","Mir86Urb",0
"1599","Knu01Ame","Oka79Reg",0
"1600","Knu01Ame","Par83Jou",0
"1601","Knu01Ame","Par85Jou",0
"1603","Knu01Ame","Pop74Sov",0
"1605","Knu01Ame","Ros80Jou",0
"1609","Knu01Ame","Son02Urb",0
"1612","Knu01Ame","Sua80Jou",0
"1619","Kra98Urb","Li_16Wor",0
"1622","Kra98Urb","Man16Reg",0
"1626","Kra98Urb","Mor13Tow",0
"1627","Kra98Urb","Nau03Jou",0
"1634","Kra98Urb","Pum15Cyb",0
"1643","Kra98Urb","Ven13Oec",0
"1648","Kru96Jou","Li_16Wor",0
"1650","Kru96Jou","Mal80Env",0
"1651","Kru96Jou","Man16Reg",0
"1652","Kru96Jou","Mir86Urb",0
"1655","Kru96Jou","Mor13Tow",0
"1656","Kru96Jou","Nau03Jou",0
"1658","Kru96Jou","Oka79Reg",0
"1659","Kru96Jou","Par83Jou",0
"1660","Kru96Jou","Par85Jou",0
"1662","Kru96Jou","Pop74Sov",0
"1663","Kru96Jou","Pum15Cyb",0
"1664","Kru96Jou","Ros80Jou",0
"1667","Kru96Jou","She12Com",0
"1671","Kru96Jou","Sua80Jou",0
"1672","Kru96Jou","Ven13Oec",0
"1679","Kum14Jou","Man16Reg",0
"1706","LeG08Emp","Man16Reg",0
"1731","Li_16Wor","Mal80Env",0
"1733","Li_16Wor","Mir86Urb",0
"1739","Li_16Wor","Oka79Reg",0
"1740","Li_16Wor","Par83Jou",0
"1741","Li_16Wor","Par85Jou",0
"1743","Li_16Wor","Pop74Sov",0
"1745","Li_16Wor","Ros80Jou",0
"1749","Li_16Wor","Son02Urb",0
"1752","Li_16Wor","Sua80Jou",0
"1781","Mal80Env","Man16Reg",0
"1785","Mal80Env","Mor13Tow",0
"1786","Mal80Env","Nau03Jou",0
"1787","Mal80Env","Nis08Jou",0
"1791","Mal80Env","Pen10Phy",0
"1793","Mal80Env","Pum15Cyb",0
"1795","Mal80Env","Roz11Ame",0
"1796","Mal80Env","Sch12Reg",0
"1798","Mal80Env","Son02Urb",0
"1799","Mal80Env","Soo05Reg",0
"1802","Mal80Env","Ven13Oec",0
"1803","Mal80Env","XuZ09Urb",0
"1804","Mal80Env","Ziq16Asi",0
"1805","Man16Reg","Mir86Urb",0
"1809","Man16Reg","Nau03Jou",0
"1810","Man16Reg","Nis08Jou",0
"1811","Man16Reg","Oka79Reg",0
"1812","Man16Reg","Par83Jou",0
"1813","Man16Reg","Par85Jou",0
"1814","Man16Reg","Pen10Phy",0
"1815","Man16Reg","Pop74Sov",0
"1817","Man16Reg","Ros80Jou",0
"1818","Man16Reg","Roz11Ame",0
"1819","Man16Reg","Sch12Reg",0
"1820","Man16Reg","She12Com",0
"1821","Man16Reg","Son02Urb",0
"1822","Man16Reg","Soo05Reg",0
"1823","Man16Reg","Soo07Urb",0
"1824","Man16Reg","Sua80Jou",0
"1825","Man16Reg","Ven13Oec",0
"1826","Man16Reg","XuZ09Urb",0
"1830","Mir86Urb","Mor13Tow",0
"1831","Mir86Urb","Nau03Jou",0
"1832","Mir86Urb","Nis08Jou",0
"1836","Mir86Urb","Pen10Phy",0
"1838","Mir86Urb","Pum15Cyb",0
"1840","Mir86Urb","Roz11Ame",0
"1841","Mir86Urb","Sch12Reg",0
"1843","Mir86Urb","Son02Urb",0
"1844","Mir86Urb","Soo05Reg",0
"1847","Mir86Urb","Ven13Oec",0
"1848","Mir86Urb","XuZ09Urb",0
"1849","Mir86Urb","Ziq16Asi",0
"1893","Mor13Tow","Oka79Reg",0
"1894","Mor13Tow","Par83Jou",0
"1895","Mor13Tow","Par85Jou",0
"1897","Mor13Tow","Pop74Sov",0
"1899","Mor13Tow","Ros80Jou",0
"1903","Mor13Tow","Son02Urb",0
"1906","Mor13Tow","Sua80Jou",0
"1911","Nau03Jou","Oka79Reg",0
"1912","Nau03Jou","Par83Jou",0
"1913","Nau03Jou","Par85Jou",0
"1915","Nau03Jou","Pop74Sov",0
"1917","Nau03Jou","Ros80Jou",0
"1921","Nau03Jou","Son02Urb",0
"1924","Nau03Jou","Sua80Jou",0
"1928","Nis08Jou","Oka79Reg",0
"1929","Nis08Jou","Par83Jou",0
"1932","Nis08Jou","Pop74Sov",0
"1934","Nis08Jou","Ros80Jou",0
"1941","Nis08Jou","Sua80Jou",0
"1947","Oka79Reg","Pen10Phy",0
"1949","Oka79Reg","Pum15Cyb",0
"1951","Oka79Reg","Roz11Ame",0
"1952","Oka79Reg","Sch12Reg",0
"1954","Oka79Reg","Son02Urb",0
"1955","Oka79Reg","Soo05Reg",0
"1958","Oka79Reg","Ven13Oec",0
"1959","Oka79Reg","XuZ09Urb",0
"1960","Oka79Reg","Ziq16Asi",0
"1962","Par83Jou","Pen10Phy",0
"1964","Par83Jou","Pum15Cyb",0
"1966","Par83Jou","Roz11Ame",0
"1967","Par83Jou","Sch12Reg",0
"1969","Par83Jou","Son02Urb",0
"1970","Par83Jou","Soo05Reg",0
"1973","Par83Jou","Ven13Oec",0
"1974","Par83Jou","XuZ09Urb",0
"1975","Par83Jou","Ziq16Asi",0
"1976","Par85Jou","Pen10Phy",0
"1978","Par85Jou","Pum15Cyb",0
"1980","Par85Jou","Roz11Ame",0
"1983","Par85Jou","Son02Urb",0
"1987","Par85Jou","Ven13Oec",0
"1988","Par85Jou","XuZ09Urb",0
"1989","Par85Jou","Ziq16Asi",0
"1990","Pen10Phy","Pop74Sov",0
"1992","Pen10Phy","Ros80Jou",0
"1999","Pen10Phy","Sua80Jou",0
"2003","Pop74Sov","Pum15Cyb",0
"2005","Pop74Sov","Roz11Ame",0
"2006","Pop74Sov","Sch12Reg",0
"2008","Pop74Sov","Son02Urb",0
"2009","Pop74Sov","Soo05Reg",0
"2012","Pop74Sov","Ven13Oec",0
"2013","Pop74Sov","XuZ09Urb",0
"2014","Pop74Sov","Ziq16Asi",0
"2015","Pum15Cyb","Ros80Jou",0
"2019","Pum15Cyb","Son02Urb",0
"2022","Pum15Cyb","Sua80Jou",0
"2026","Ros80Jou","Roz11Ame",0
"2027","Ros80Jou","Sch12Reg",0
"2029","Ros80Jou","Son02Urb",0
"2030","Ros80Jou","Soo05Reg",0
"2033","Ros80Jou","Ven13Oec",0
"2034","Ros80Jou","XuZ09Urb",0
"2035","Ros80Jou","Ziq16Asi",0
"2041","Roz11Ame","Sua80Jou",0
"2049","Sch12Reg","Sua80Jou",0
"2053","She12Com","Son02Urb",0
"2062","Son02Urb","Sua80Jou",0
"2063","Son02Urb","Ven13Oec",0
"2067","Soo05Reg","Sua80Jou",0
"2075","Sua80Jou","Ven13Oec",0
"2076","Sua80Jou","XuZ09Urb",0
"2077","Sua80Jou","Ziq16Asi",0
